SigmaNoise,TrialNumber,Seed,Mode,SearchMethod,Hit,NumCrossingsToTarget,NumAcceptedCrossings,NumRejectedCrossings,PhysicalTime,NumRk4Steps,SelectedPInitial,SelectedPFinal,SelectedPValues,InitialSearchPerformed,InitialSearchFound,InitialSearchMethod,InitialSearchSelectedP,InitialSearchHorizon,NumSearchEvaluations,NumCompleteBisectionSearches,NumRetargetingEvents,NumRetargetingFailures,RetargetingCrossingIndices,RetargetingStepIndices,RetargetingTimes,RetargetingSearchMethods,RetargetingSelectedP,RetargetStepInterval,RetargetCadencePolicy,CadenceRatio,FinalTargetError,FinalStateX,FinalStateY,FinalStateZ,IntegrationFailed,StepBudgetExhausted,AcceptedCrossingLimitExhausted,RejectedCrossingLimitExhausted,FailureReason,ComputationalTime
0,1,192001,paperCycleCadenceRetargetMode,shinbrotPaperBisection,1,3,3,5,6.09861910172454,6099,0.0865456722676754,0.0865544617176056,0.0865456722677;0.0865457624197;0.0865456283092;0.0865455567837;0.0865544617176,1,1,shinbrotPaperBisection,0.0865456722676754,3,5,5,4,0,1;2;2;2,1519;3038;4557;6076,1.519;3.038;4.557;6.076,shinbrotPaperBisection;shinbrotPaperBisection;shinbrotPaperBisection;shinbrotPaperBisection,0.0865457624197;0.0865456283092;0.0865455567837;0.0865544617176,1519,meanReturnCycleMatched,1.00026818778561,9.34919558783776e-05,13.7289065080441,19.560085454541,26.921,0,0,0,0,,9.0921792
0,2,192002,paperCycleCadenceRetargetMode,shinbrotPaperBisection,1,3,3,5,6.09861910172454,6099,0.0865456722676754,0.0865544617176056,0.0865456722677;0.0865457624197;0.0865456283092;0.0865455567837;0.0865544617176,1,1,shinbrotPaperBisection,0.0865456722676754,3,5,5,4,0,1;2;2;2,1519;3038;4557;6076,1.519;3.038;4.557;6.076,shinbrotPaperBisection;shinbrotPaperBisection;shinbrotPaperBisection;shinbrotPaperBisection,0.0865457624197;0.0865456283092;0.0865455567837;0.0865544617176,1519,meanReturnCycleMatched,1.00026818778561,9.34919558783776e-05,13.7289065080441,19.560085454541,26.921,0,0,0,0,,9.3653658
0,3,192003,paperCycleCadenceRetargetMode,shinbrotPaperBisection,1,3,3,5,6.09861910172454,6099,0.0865456722676754,0.0865544617176056,0.0865456722677;0.0865457624197;0.0865456283092;0.0865455567837;0.0865544617176,1,1,shinbrotPaperBisection,0.0865456722676754,3,5,5,4,0,1;2;2;2,1519;3038;4557;6076,1.519;3.038;4.557;6.076,shinbrotPaperBisection;shinbrotPaperBisection;shinbrotPaperBisection;shinbrotPaperBisection,0.0865457624197;0.0865456283092;0.0865455567837;0.0865544617176,1519,meanReturnCycleMatched,1.00026818778561,9.34919558783776e-05,13.7289065080441,19.560085454541,26.921,0,0,0,0,,10.6711813
0,4,192004,paperCycleCadenceRetargetMode,shinbrotPaperBisection,1,3,3,5,6.09861910172454,6099,0.0865456722676754,0.0865544617176056,0.0865456722677;0.0865457624197;0.0865456283092;0.0865455567837;0.0865544617176,1,1,shinbrotPaperBisection,0.0865456722676754,3,5,5,4,0,1;2;2;2,1519;3038;4557;6076,1.519;3.038;4.557;6.076,shinbrotPaperBisection;shinbrotPaperBisection;shinbrotPaperBisection;shinbrotPaperBisection,0.0865457624197;0.0865456283092;0.0865455567837;0.0865544617176,1519,meanReturnCycleMatched,1.00026818778561,9.34919558783776e-05,13.7289065080441,19.560085454541,26.921,0,0,0,0,,9.9174349
0,5,192005,paperCycleCadenceRetargetMode,shinbrotPaperBisection,1,3,3,5,6.09861910172454,6099,0.0865456722676754,0.0865544617176056,0.0865456722677;0.0865457624197;0.0865456283092;0.0865455567837;0.0865544617176,1,1,shinbrotPaperBisection,0.0865456722676754,3,5,5,4,0,1;2;2;2,1519;3038;4557;6076,1.519;3.038;4.557;6.076,shinbrotPaperBisection;shinbrotPaperBisection;shinbrotPaperBisection;shinbrotPaperBisection,0.0865457624197;0.0865456283092;0.0865455567837;0.0865544617176,1519,meanReturnCycleMatched,1.00026818778561,9.34919558783776e-05,13.7289065080441,19.560085454541,26.921,0,0,0,0,,9.1287669
0,6,192006,paperCycleCadenceRetargetMode,shinbrotPaperBisection,1,3,3,5,6.09861910172454,6099,0.0865456722676754,0.0865544617176056,0.0865456722677;0.0865457624197;0.0865456283092;0.0865455567837;0.0865544617176,1,1,shinbrotPaperBisection,0.0865456722676754,3,5,5,4,0,1;2;2;2,1519;3038;4557;6076,1.519;3.038;4.557;6.076,shinbrotPaperBisection;shinbrotPaperBisection;shinbrotPaperBisection;shinbrotPaperBisection,0.0865457624197;0.0865456283092;0.0865455567837;0.0865544617176,1519,meanReturnCycleMatched,1.00026818778561,9.34919558783776e-05,13.7289065080441,19.560085454541,26.921,0,0,0,0,,10.6415379
0,7,192007,paperCycleCadenceRetargetMode,shinbrotPaperBisection,1,3,3,5,6.09861910172454,6099,0.0865456722676754,0.0865544617176056,0.0865456722677;0.0865457624197;0.0865456283092;0.0865455567837;0.0865544617176,1,1,shinbrotPaperBisection,0.0865456722676754,3,5,5,4,0,1;2;2;2,1519;3038;4557;6076,1.519;3.038;4.557;6.076,shinbrotPaperBisection;shinbrotPaperBisection;shinbrotPaperBisection;shinbrotPaperBisection,0.0865457624197;0.0865456283092;0.0865455567837;0.0865544617176,1519,meanReturnCycleMatched,1.00026818778561,9.34919558783776e-05,13.7289065080441,19.560085454541,26.921,0,0,0,0,,9.4564576
0,8,192008,paperCycleCadenceRetargetMode,shinbrotPaperBisection,1,3,3,5,6.09861910172454,6099,0.0865456722676754,0.0865544617176056,0.0865456722677;0.0865457624197;0.0865456283092;0.0865455567837;0.0865544617176,1,1,shinbrotPaperBisection,0.0865456722676754,3,5,5,4,0,1;2;2;2,1519;3038;4557;6076,1.519;3.038;4.557;6.076,shinbrotPaperBisection;shinbrotPaperBisection;shinbrotPaperBisection;shinbrotPaperBisection,0.0865457624197;0.0865456283092;0.0865455567837;0.0865544617176,1519,meanReturnCycleMatched,1.00026818778561,9.34919558783776e-05,13.7289065080441,19.560085454541,26.921,0,0,0,0,,10.3094112
0,9,192009,paperCycleCadenceRetargetMode,shinbrotPaperBisection,1,3,3,5,6.09861910172454,6099,0.0865456722676754,0.0865544617176056,0.0865456722677;0.0865457624197;0.0865456283092;0.0865455567837;0.0865544617176,1,1,shinbrotPaperBisection,0.0865456722676754,3,5,5,4,0,1;2;2;2,1519;3038;4557;6076,1.519;3.038;4.557;6.076,shinbrotPaperBisection;shinbrotPaperBisection;shinbrotPaperBisection;shinbrotPaperBisection,0.0865457624197;0.0865456283092;0.0865455567837;0.0865544617176,1519,meanReturnCycleMatched,1.00026818778561,9.34919558783776e-05,13.7289065080441,19.560085454541,26.921,0,0,0,0,,4.7671757
0,10,192010,paperCycleCadenceRetargetMode,shinbrotPaperBisection,1,3,3,5,6.09861910172454,6099,0.0865456722676754,0.0865544617176056,0.0865456722677;0.0865457624197;0.0865456283092;0.0865455567837;0.0865544617176,1,1,shinbrotPaperBisection,0.0865456722676754,3,5,5,4,0,1;2;2;2,1519;3038;4557;6076,1.519;3.038;4.557;6.076,shinbrotPaperBisection;shinbrotPaperBisection;shinbrotPaperBisection;shinbrotPaperBisection,0.0865457624197;0.0865456283092;0.0865455567837;0.0865544617176,1519,meanReturnCycleMatched,1.00026818778561,9.34919558783776e-05,13.7289065080441,19.560085454541,26.921,0,0,0,0,,4.7356053
0.01,1,193001,paperCycleCadenceRetargetMode,shinbrotPaperBisection,0,NaN,60,45,NaN,81152,0.0865456722676754,-0.00207791924476623,0.0865456722677;-0.0265644729137;-0.0980161085725;-0.0258746564388;-0.0895787864923;0.0030581086874;0.0811676159501;-0.0173301160336;0.0436906307936;0.0220818031579;-0.0886364400387;0.0314698278904;0.00299563109875;-0.0169096648693;-0.0810700595379;-0.00237720608711;-0.0800952970982;-0.0599559009075;-0.0855455130339;-0.014854067564;0.0232634007931;0.0649239510298;-0.0522191546857;0.0622877508402;0.0383248120546;-0.0911229044199;0.000247265212238;0.079204248637;-0.0250249346485;0.0769071280956;-0.0637742340565;0.0210228145123;-0.0259960720316;-0.041597121954;-0.0292201220989;0.0782041728497;-0.0475087322295;0.0180341899395;0.0223649293184;-0.0772243052721;-0.0910132676363;0.0972152382135;-0.0830570071936;-0.00960502028465;-0.00264021754265;-0.0135123059154;-0.0430566444993;-0.0261465296149;0.0266622163355;-0.0294789299369;0.0536891464144;-0.0652626670897;0.0994664710015;-0.00207791924477,1,1,shinbrotPaperBisection,0.0865456722676754,3,54,54,53,0,2;2;4;5;5;6;6;6;6;7;9;9;10;12;12;13;15;16;18;19;21;22;25;27;29;29;31;33;35;36;37;39;40;41;42;42;42;43;44;46;47;48;50;51;51;52;52;53;55;57;57;58;59,1519;3038;4557;6076;7595;9114;10633;12152;13671;15190;16709;18228;19747;21266;22785;24304;25823;27342;28861;30380;31899;33418;34937;36456;37975;39494;41013;42532;44051;45570;47089;48608;50127;51646;53165;54684;56203;57722;59241;60760;62279;63798;65317;66836;68355;69874;71393;72912;74431;75950;77469;78988;80507,1.519;3.038;4.557;6.076;7.595;9.114;10.633;12.152;13.671;15.19;16.709;18.228;19.747;21.266;22.785;24.304;25.823;27.342;28.861;30.38;31.899;33.418;34.937;36.456;37.975;39.494;41.013;42.532;44.051;45.57;47.089;48.608;50.127;51.646;53.165;54.684;56.203;57.722;59.241;60.7599999999;62.2789999999;63.7979999999;65.3169999999;66.836;68.355;69.874;71.393;72.912;74.431;75.95;77.469;78.988;80.507,shinbrotPaperBisection;shinbrotPaperBisection;shinbrotPaperBisection;shinbrotPaperBisection;shinbrotPaperBisection;shinbrotPaperBisection;shinbrotPaperBisection;shinbrotPaperBisection;shinbrotPaperBisection;shinbrotPaperBisection;shinbrotPaperBisection;shinbrotPaperBisection;shinbrotPaperBisection;shinbrotPaperBisection;shinbrotPaperBisection;shinbrotPaperBisection;shinbrotPaperBisection;shinbrotPaperBisection;shinbrotPaperBisection;shinbrotPaperBisection;shinbrotPaperBisection;shinbrotPaperBisection;shinbrotPaperBisection;shinbrotPaperBisection;shinbrotPaperBisection;shinbrotPaperBisection;shinbrotPaperBisection;shinbrotPaperBisection;shinbrotPaperBisection;shinbrotPaperBisection;shinbrotPaperBisection;shinbrotPaperBisection;shinbrotPaperBisection;shinbrotPaperBisection;shinbrotPaperBisection;shinbrotPaperBisection;shinbrotPaperBisection;shinbrotPaperBisection;shinbrotPaperBisection;shinbrotPaperBisection;shinbrotPaperBisection;shinbrotPaperBisection;shinbrotPaperBisection;shinbrotPaperBisection;shinbrotPaperBisection;shinbrotPaperBisection;shinbrotPaperBisection;shinbrotPaperBisection;shinbrotPaperBisection;shinbrotPaperBisection;shinbrotPaperBisection;shinbrotPaperBisection;shinbrotPaperBisection,-0.0265644729137;-0.0980161085725;-0.0258746564388;-0.0895787864923;0.0030581086874;0.0811676159501;-0.0173301160336;0.0436906307936;0.0220818031579;-0.0886364400387;0.0314698278904;0.00299563109875;-0.0169096648693;-0.0810700595379;-0.00237720608711;-0.0800952970982;-0.0599559009075;-0.0855455130339;-0.014854067564;0.0232634007931;0.0649239510298;-0.0522191546857;0.0622877508402;0.0383248120546;-0.0911229044199;0.000247265212238;0.079204248637;-0.0250249346485;0.0769071280956;-0.0637742340565;0.0210228145123;-0.0259960720316;-0.041597121954;-0.0292201220989;0.0782041728497;-0.0475087322295;0.0180341899395;0.0223649293184;-0.0772243052721;-0.0910132676363;0.0972152382135;-0.0830570071936;-0.00960502028465;-0.00264021754265;-0.0135123059154;-0.0430566444993;-0.0261465296149;0.0266622163355;-0.0294789299369;0.0536891464144;-0.0652626670897;0.0994664710015;-0.00207791924477,1519,meanReturnCycleMatched,1.00026818778561,1.53950342006677,12.1894965799332,16.0299799100614,26.921,0,0,1,0,accepted-crossing limit exhausted,140.7884043
0.01,2,193002,paperCycleCadenceRetargetMode,shinbrotPaperBisection,1,52,52,44,72.1321362209541,72133,0.0865456722676754,-0.0649509996175766,0.0865456722677;-0.0357016980648;-0.0493008196354;0.000106776785105;0.0880859196186;-0.0162124931812;0.00766840279102;0.073905056715;-0.039316393435;0.0229164302349;-0.0494655787945;0.0750933036208;0.0133199203759;0.0268778830767;-0.0496892139316;-0.0216336503625;0.0666807338595;0.000404647691175;-0.083979421854;0.0472289884463;0.000389232300222;-0.00549061894417;-0.053995937109;-0.0109306514263;-0.0327342733741;0.00410101562738;-0.0758417746052;-0.039519315958;-0.0533747523325;0.0760072767735;-0.072999471426;-0.0688527166843;0.0773560494184;-0.0937547232024;-0.0907345831394;-0.0719160139561;-0.0528363645077;0.0789583623409;0.0790587887168;0.0478325426579;0.0848867379129;0.0542175240815;-0.000132666830905;0.0874050162267;-0.0352067291737;-0.0995116091333;-0.0624563038349;-0.0649509996176,1,1,shinbrotPaperBisection,0.0865456722676754,3,48,48,47,0,1;2;2;4;6;8;10;10;12;14;16;16;16;18;20;21;23;23;24;25;25;25;26;26;28;29;30;30;30;31;31;32;35;37;39;40;40;41;42;43;45;47;49;49;50;50;51,1519;3038;4557;6076;7595;9114;10633;12152;13671;15190;16709;18228;19747;21266;22785;24304;25823;27342;28861;30380;31899;33418;34937;36456;37975;39494;41013;42532;44051;45570;47089;48608;50127;51646;53165;54684;56203;57722;59241;60760;62279;63798;65317;66836;68355;69874;71393,1.519;3.038;4.557;6.076;7.595;9.114;10.633;12.152;13.671;15.19;16.709;18.228;19.747;21.266;22.785;24.304;25.823;27.342;28.861;30.38;31.899;33.418;34.937;36.456;37.975;39.494;41.013;42.532;44.051;45.57;47.089;48.608;50.127;51.646;53.165;54.684;56.203;57.722;59.241;60.7599999999;62.2789999999;63.7979999999;65.3169999999;66.836;68.355;69.874;71.393,shinbrotPaperBisection;shinbrotPaperBisection;shinbrotPaperBisection;shinbrotPaperBisection;shinbrotPaperBisection;shinbrotPaperBisection;shinbrotPaperBisection;shinbrotPaperBisection;shinbrotPaperBisection;shinbrotPaperBisection;shinbrotPaperBisection;shinbrotPaperBisection;shinbrotPaperBisection;shinbrotPaperBisection;shinbrotPaperBisection;shinbrotPaperBisection;shinbrotPaperBisection;shinbrotPaperBisection;shinbrotPaperBisection;shinbrotPaperBisection;shinbrotPaperBisection;shinbrotPaperBisection;shinbrotPaperBisection;shinbrotPaperBisection;shinbrotPaperBisection;shinbrotPaperBisection;shinbrotPaperBisection;shinbrotPaperBisection;shinbrotPaperBisection;shinbrotPaperBisection;shinbrotPaperBisection;shinbrotPaperBisection;shinbrotPaperBisection;shinbrotPaperBisection;shinbrotPaperBisection;shinbrotPaperBisection;shinbrotPaperBisection;shinbrotPaperBisection;shinbrotPaperBisection;shinbrotPaperBisection;shinbrotPaperBisection;shinbrotPaperBisection;shinbrotPaperBisection;shinbrotPaperBisection;shinbrotPaperBisection;shinbrotPaperBisection;shinbrotPaperBisection,-0.0357016980648;-0.0493008196354;0.000106776785105;0.0880859196186;-0.0162124931812;0.00766840279102;0.073905056715;-0.039316393435;0.0229164302349;-0.0494655787945;0.0750933036208;0.0133199203759;0.0268778830767;-0.0496892139316;-0.0216336503625;0.0666807338595;0.000404647691175;-0.083979421854;0.0472289884463;0.000389232300222;-0.00549061894417;-0.053995937109;-0.0109306514263;-0.0327342733741;0.00410101562738;-0.0758417746052;-0.039519315958;-0.0533747523325;0.0760072767735;-0.072999471426;-0.0688527166843;0.0773560494184;-0.0937547232024;-0.0907345831394;-0.0719160139561;-0.0528363645077;0.0789583623409;0.0790587887168;0.0478325426579;0.0848867379129;0.0542175240815;-0.000132666830905;0.0874050162267;-0.0352067291737;-0.0995116091333;-0.0624563038349;-0.0649509996176,1519,meanReturnCycleMatched,1.00026818778561,0.000419201086867105,13.7285807989131,19.3440884133499,26.921,0,0,0,0,,185.2156737
0.01,3,193003,paperCycleCadenceRetargetMode,shinbrotPaperBisection,0,NaN,60,43,NaN,76768,0.0865456722676754,-0.0613845020532608,0.0865456722677;0.0778772875667;-0.00177031159401;0.0750434488989;0.0883978113532;-0.0916929781437;-0.0242559865117;-0.0997496753931;0.0233364280313;-0.0452992975712;0.0751747094095;0.00828048866242;0.0716258838773;0.00487949699163;-0.0994911581278;-0.00589407086372;0.0661340653896;-0.0430528700352;0.0686422079802;0.0517779052258;-0.0038535296917;-0.0577632844448;0.0393923513591;0.00819414258003;0.0647877514362;-0.00178250931203;0.0872861034237;0.0750237838831;0.0821744382381;-0.0838832706213;0.0529681532178;0.0814905932173;0.00128024443984;-0.012037948519;-0.0797592949122;-0.0139886319637;-0.041710215807;-0.0439636051655;0.0240988523699;-0.0302300035954;0.0374391614925;0.0517635681201;-0.0778535932302;0.0722761258483;-0.00443402305245;-0.0571543075144;0.0254887525924;-0.0508609384298;-0.0022920191288;-0.0582740336657;-0.0613845020533,1,1,shinbrotPaperBisection,0.0865456722676754,3,51,51,50,0,2;3;4;7;9;11;12;13;13;13;13;13;14;14;15;17;19;20;21;23;25;26;27;27;28;29;29;31;33;34;36;37;38;40;41;42;42;43;46;49;50;50;51;52;53;53;54;55;57;59,1519;3038;4557;6076;7595;9114;10633;12152;13671;15190;16709;18228;19747;21266;22785;24304;25823;27342;28861;30380;31899;33418;34937;36456;37975;39494;41013;42532;44051;45570;47089;48608;50127;51646;53165;54684;56203;57722;59241;60760;62279;63798;65317;66836;68355;69874;71393;72912;74431;75950,1.519;3.038;4.557;6.076;7.595;9.114;10.633;12.152;13.671;15.19;16.709;18.228;19.747;21.266;22.785;24.304;25.823;27.342;28.861;30.38;31.899;33.418;34.937;36.456;37.975;39.494;41.013;42.532;44.051;45.57;47.089;48.608;50.127;51.646;53.165;54.684;56.203;57.722;59.241;60.7599999999;62.2789999999;63.7979999999;65.3169999999;66.836;68.355;69.874;71.393;72.912;74.431;75.95,shinbrotPaperBisection;shinbrotPaperBisection;shinbrotPaperBisection;shinbrotPaperBisection;shinbrotPaperBisection;shinbrotPaperBisection;shinbrotPaperBisection;shinbrotPaperBisection;shinbrotPaperBisection;shinbrotPaperBisection;shinbrotPaperBisection;shinbrotPaperBisection;shinbrotPaperBisection;shinbrotPaperBisection;shinbrotPaperBisection;shinbrotPaperBisection;shinbrotPaperBisection;shinbrotPaperBisection;shinbrotPaperBisection;shinbrotPaperBisection;shinbrotPaperBisection;shinbrotPaperBisection;shinbrotPaperBisection;shinbrotPaperBisection;shinbrotPaperBisection;shinbrotPaperBisection;shinbrotPaperBisection;shinbrotPaperBisection;shinbrotPaperBisection;shinbrotPaperBisection;shinbrotPaperBisection;shinbrotPaperBisection;shinbrotPaperBisection;shinbrotPaperBisection;shinbrotPaperBisection;shinbrotPaperBisection;shinbrotPaperBisection;shinbrotPaperBisection;shinbrotPaperBisection;shinbrotPaperBisection;shinbrotPaperBisection;shinbrotPaperBisection;shinbrotPaperBisection;shinbrotPaperBisection;shinbrotPaperBisection;shinbrotPaperBisection;shinbrotPaperBisection;shinbrotPaperBisection;shinbrotPaperBisection;shinbrotPaperBisection,0.0778772875667;-0.00177031159401;0.0750434488989;0.0883978113532;-0.0916929781437;-0.0242559865117;-0.0997496753931;0.0233364280313;-0.0452992975712;0.0751747094095;0.00828048866242;0.0716258838773;0.00487949699163;-0.0994911581278;-0.00589407086372;0.0661340653896;-0.0430528700352;0.0686422079802;0.0517779052258;-0.0038535296917;-0.0577632844448;0.0393923513591;0.00819414258003;0.0647877514362;-0.00178250931203;0.0872861034237;0.0750237838831;0.0821744382381;-0.0838832706213;0.0529681532178;0.0814905932173;0.00128024443984;-0.012037948519;-0.0797592949122;-0.0139886319637;-0.041710215807;-0.0439636051655;0.0240988523699;-0.0302300035954;0.0374391614925;0.0517635681201;-0.0778535932302;0.0722761258483;-0.00443402305245;-0.0571543075144;0.0254887525924;-0.0508609384298;-0.0022920191288;-0.0582740336657;-0.0613845020533,1519,meanReturnCycleMatched,1.00026818778561,1.53849286238174,12.1905071376183,16.0931745793486,26.921,0,0,1,0,accepted-crossing limit exhausted,218.8927346
0.01,4,193004,paperCycleCadenceRetargetMode,shinbrotPaperBisection,0,NaN,60,72,NaN,101716,0.0865456722676754,0.0230561839416623,0.0865456722677;-0.0864231199026;0.0720600986853;-0.0220092996955;-0.0219260260463;-0.0675667375326;-0.0304086074233;0.0985254853964;-0.0237265691161;0.021043279767;0.0288789182901;0.0320391476154;-0.0814280211926;0.0651276033372;0.0941806498566;0.0816755354404;0.0743018435314;-0.0559485070407;0.0387132823467;0.0785240471363;-0.0986040681601;0.0389851748943;-0.0482189118862;0.0334352642298;0.0912945728749;0.0377853810787;-0.0301366150379;0.0377913802862;0.0902311623096;0.0447358191013;0.0921392768621;-0.0871030554175;-0.0362292706966;-0.0771855011582;0.0139918623492;-1.40882097185e-05;0.0679388254881;-0.0329943135381;-0.00390552338213;-0.0059438765049;0.00735369622707;0.0219004290178;-0.0918156802654;0.0926598489285;-0.0604794919491;0.0952603887417;0.0967922642827;0.00210051909089;-0.0935040786862;0.0609683543444;0.0750721290708;0.0602910742164;0.0498337644618;0.0696253687143;0.0338640064001;-0.0868709474802;-0.0853474646807;-0.0566352546215;0.0750406354666;-0.0486814677715;0.0474062621593;-0.00468577696593;0.0902746662498;-0.067597142607;0.0760772708803;-0.009480292222;0.0230561839417,1,1,shinbrotPaperBisection,0.0865456722676754,3,67,67,66,0,1;1;4;4;6;7;7;7;8;9;10;11;12;13;14;15;17;17;18;19;20;22;23;23;24;25;25;28;29;31;32;32;32;33;34;34;37;37;37;38;38;39;40;40;41;41;42;43;44;45;46;47;47;48;50;51;51;52;53;53;55;56;56;57;57;57,1519;3038;4557;6076;7595;9114;10633;12152;13671;15190;16709;18228;19747;21266;22785;24304;25823;27342;28861;30380;31899;33418;34937;36456;37975;39494;41013;42532;44051;45570;47089;48608;50127;51646;53165;54684;56203;57722;59241;60760;62279;63798;65317;66836;68355;69874;71393;72912;74431;75950;77469;78988;80507;82026;83545;85064;86583;88102;89621;91140;92659;94178;95697;97216;98735;100254,1.519;3.038;4.557;6.076;7.595;9.114;10.633;12.152;13.671;15.19;16.709;18.228;19.747;21.266;22.785;24.304;25.823;27.342;28.861;30.38;31.899;33.418;34.937;36.456;37.975;39.494;41.013;42.532;44.051;45.57;47.089;48.608;50.127;51.646;53.165;54.684;56.203;57.722;59.241;60.7599999999;62.2789999999;63.7979999999;65.3169999999;66.836;68.355;69.874;71.393;72.912;74.431;75.95;77.469;78.988;80.507;82.026;83.545;85.064;86.583;88.1020000001;89.6210000001;91.1400000001;92.6590000001;94.1780000001;95.6970000001;97.2160000001;98.7350000001;100.254,shinbrotPaperBisection;shinbrotPaperBisection;shinbrotPaperBisection;shinbrotPaperBisection;shinbrotPaperBisection;shinbrotPaperBisection;shinbrotPaperBisection;shinbrotPaperBisection;shinbrotPaperBisection;shinbrotPaperBisection;shinbrotPaperBisection;shinbrotPaperBisection;shinbrotPaperBisection;shinbrotPaperBisection;shinbrotPaperBisection;shinbrotPaperBisection;shinbrotPaperBisection;shinbrotPaperBisection;shinbrotPaperBisection;shinbrotPaperBisection;shinbrotPaperBisection;shinbrotPaperBisection;shinbrotPaperBisection;shinbrotPaperBisection;shinbrotPaperBisection;shinbrotPaperBisection;shinbrotPaperBisection;shinbrotPaperBisection;shinbrotPaperBisection;shinbrotPaperBisection;shinbrotPaperBisection;shinbrotPaperBisection;shinbrotPaperBisection;shinbrotPaperBisection;shinbrotPaperBisection;shinbrotPaperBisection;shinbrotPaperBisection;shinbrotPaperBisection;shinbrotPaperBisection;shinbrotPaperBisection;shinbrotPaperBisection;shinbrotPaperBisection;shinbrotPaperBisection;shinbrotPaperBisection;shinbrotPaperBisection;shinbrotPaperBisection;shinbrotPaperBisection;shinbrotPaperBisection;shinbrotPaperBisection;shinbrotPaperBisection;shinbrotPaperBisection;shinbrotPaperBisection;shinbrotPaperBisection;shinbrotPaperBisection;shinbrotPaperBisection;shinbrotPaperBisection;shinbrotPaperBisection;shinbrotPaperBisection;shinbrotPaperBisection;shinbrotPaperBisection;shinbrotPaperBisection;shinbrotPaperBisection;shinbrotPaperBisection;shinbrotPaperBisection;shinbrotPaperBisection;shinbrotPaperBisection,-0.0864231199026;0.0720600986853;-0.0220092996955;-0.0219260260463;-0.0675667375326;-0.0304086074233;0.0985254853964;-0.0237265691161;0.021043279767;0.0288789182901;0.0320391476154;-0.0814280211926;0.0651276033372;0.0941806498566;0.0816755354404;0.0743018435314;-0.0559485070407;0.0387132823467;0.0785240471363;-0.0986040681601;0.0389851748943;-0.0482189118862;0.0334352642298;0.0912945728749;0.0377853810787;-0.0301366150379;0.0377913802862;0.0902311623096;0.0447358191013;0.0921392768621;-0.0871030554175;-0.0362292706966;-0.0771855011582;0.0139918623492;-1.40882097185e-05;0.0679388254881;-0.0329943135381;-0.00390552338213;-0.0059438765049;0.00735369622707;0.0219004290178;-0.0918156802654;0.0926598489285;-0.0604794919491;0.0952603887417;0.0967922642827;0.00210051909089;-0.0935040786862;0.0609683543444;0.0750721290708;0.0602910742164;0.0498337644618;0.0696253687143;0.0338640064001;-0.0868709474802;-0.0853474646807;-0.0566352546215;0.0750406354666;-0.0486814677715;0.0474062621593;-0.00468577696593;0.0902746662498;-0.067597142607;0.0760772708803;-0.009480292222;0.0230561839417,1519,meanReturnCycleMatched,1.00026818778561,0.999567972321358,12.7294320276786,17.4171893078788,26.921,0,0,1,0,accepted-crossing limit exhausted,263.3691306
0.01,5,193005,paperCycleCadenceRetargetMode,shinbrotPaperBisection,0,NaN,60,52,NaN,88099,0.0865456722676754,-0.0295969069004059,0.0865456722677;0.0568899281323;-0.00727047771215;-0.0555773198605;0.00416436940432;-0.0333259046078;-0.0310023650527;-0.0947540104389;-0.0798985272646;0.0279004879296;-0.0933300323784;0.0512179791927;0.0497851997614;0.0549365609884;0.0894243948162;-0.0433114737272;0.0430607609451;0.0496674148366;0.0518252432346;0.0372417390347;-0.0411044105887;-0.00299045220017;-0.0101891510189;-0.0999620202929;-0.0615968048573;-0.0447274744511;0.0934882938862;0.0521070688963;-0.0718418605626;0.0187172025442;-0.0207796797156;-0.0646398365498;0.0502697482239;0.0250251791324;-0.0889546924271;0.0528575435281;0.0769551575184;-0.0489350020885;0.00619758963585;-0.0488039910793;0.0936269950122;-0.0139881357551;0.0246854249388;0.0618008844554;0.0251737389714;0.0427047163248;0.062883374095;0.0517283454537;0.0374936319888;0.0454353153706;0.0138562723994;0.00947055220604;0.0731673777103;-0.071431440115;-0.0424399003386;0.0993787733838;-0.00622764026048;-0.0295969069004,1,1,shinbrotPaperBisection,0.0865456722676754,3,58,58,57,0,1;1;4;5;7;7;10;11;11;12;12;13;13;15;15;16;17;18;19;20;21;22;22;24;24;24;26;26;28;28;30;32;34;35;37;38;39;39;40;41;42;43;44;45;47;47;48;48;49;51;54;55;55;55;56;57;59,1519;3038;4557;6076;7595;9114;10633;12152;13671;15190;16709;18228;19747;21266;22785;24304;25823;27342;28861;30380;31899;33418;34937;36456;37975;39494;41013;42532;44051;45570;47089;48608;50127;51646;53165;54684;56203;57722;59241;60760;62279;63798;65317;66836;68355;69874;71393;72912;74431;75950;77469;78988;80507;82026;83545;85064;86583,1.519;3.038;4.557;6.076;7.595;9.114;10.633;12.152;13.671;15.19;16.709;18.228;19.747;21.266;22.785;24.304;25.823;27.342;28.861;30.38;31.899;33.418;34.937;36.456;37.975;39.494;41.013;42.532;44.051;45.57;47.089;48.608;50.127;51.646;53.165;54.684;56.203;57.722;59.241;60.7599999999;62.2789999999;63.7979999999;65.3169999999;66.836;68.355;69.874;71.393;72.912;74.431;75.95;77.469;78.988;80.507;82.026;83.545;85.064;86.583,shinbrotPaperBisection;shinbrotPaperBisection;shinbrotPaperBisection;shinbrotPaperBisection;shinbrotPaperBisection;shinbrotPaperBisection;shinbrotPaperBisection;shinbrotPaperBisection;shinbrotPaperBisection;shinbrotPaperBisection;shinbrotPaperBisection;shinbrotPaperBisection;shinbrotPaperBisection;shinbrotPaperBisection;shinbrotPaperBisection;shinbrotPaperBisection;shinbrotPaperBisection;shinbrotPaperBisection;shinbrotPaperBisection;shinbrotPaperBisection;shinbrotPaperBisection;shinbrotPaperBisection;shinbrotPaperBisection;shinbrotPaperBisection;shinbrotPaperBisection;shinbrotPaperBisection;shinbrotPaperBisection;shinbrotPaperBisection;shinbrotPaperBisection;shinbrotPaperBisection;shinbrotPaperBisection;shinbrotPaperBisection;shinbrotPaperBisection;shinbrotPaperBisection;shinbrotPaperBisection;shinbrotPaperBisection;shinbrotPaperBisection;shinbrotPaperBisection;shinbrotPaperBisection;shinbrotPaperBisection;shinbrotPaperBisection;shinbrotPaperBisection;shinbrotPaperBisection;shinbrotPaperBisection;shinbrotPaperBisection;shinbrotPaperBisection;shinbrotPaperBisection;shinbrotPaperBisection;shinbrotPaperBisection;shinbrotPaperBisection;shinbrotPaperBisection;shinbrotPaperBisection;shinbrotPaperBisection;shinbrotPaperBisection;shinbrotPaperBisection;shinbrotPaperBisection;shinbrotPaperBisection,0.0568899281323;-0.00727047771215;-0.0555773198605;0.00416436940432;-0.0333259046078;-0.0310023650527;-0.0947540104389;-0.0798985272646;0.0279004879296;-0.0933300323784;0.0512179791927;0.0497851997614;0.0549365609884;0.0894243948162;-0.0433114737272;0.0430607609451;0.0496674148366;0.0518252432346;0.0372417390347;-0.0411044105887;-0.00299045220017;-0.0101891510189;-0.0999620202929;-0.0615968048573;-0.0447274744511;0.0934882938862;0.0521070688963;-0.0718418605626;0.0187172025442;-0.0207796797156;-0.0646398365498;0.0502697482239;0.0250251791324;-0.0889546924271;0.0528575435281;0.0769551575184;-0.0489350020885;0.00619758963585;-0.0488039910793;0.0936269950122;-0.0139881357551;0.0246854249388;0.0618008844554;0.0251737389714;0.0427047163248;0.062883374095;0.0517283454537;0.0374936319888;0.0454353153706;0.0138562723994;0.00947055220604;0.0731673777103;-0.071431440115;-0.0424399003386;0.0993787733838;-0.00622764026048;-0.0295969069004,1519,meanReturnCycleMatched,1.00026818778561,1.80283795550326,11.9261620444967,15.6863582975633,26.921,0,0,1,0,accepted-crossing limit exhausted,230.2481819
0.01,6,193006,paperCycleCadenceRetargetMode,shinbrotPaperBisection,0,NaN,60,46,NaN,77810,0.0865456722676754,0.00745618268847466,0.0865456722677;0.0250795582309;0.0918939769268;0.0240061477758;-0.0934670984745;-0.0923439323902;0.0551780566573;-0.085721680522;0.00494585484266;-0.00170721560717;-0.0349130764604;-0.0884097950533;0.0391655296087;-0.00141382459551;0.083023814857;-0.0100218728185;0.00224647819996;-0.0736446335912;0.0265602678061;0.0689563319087;-0.0884032547474;0.0223058566451;-0.00405489727855;-0.0899773210287;-0.0916074573994;0.0642028272152;0.0313226729631;0.0904328394681;-0.0847143828869;0.0997376063839;0.0197768509388;0.0510233789682;0.0799765244126;0.0524613946676;-0.0844444006681;0.0932791814208;0.00506354868412;0.0249461948872;0.0639183862135;-0.0162387296557;-0.0468139588833;-0.0999813946779;0.0112923800945;-0.0444677069783;0.0722935214639;0.0970411499962;-0.0715202510357;-0.0768896877766;-0.068195861578;-0.0123710072599;0.00558748128824;0.00745618268847,1,1,shinbrotPaperBisection,0.0865456722676754,3,52,52,51,0,1;1;4;6;6;7;8;8;10;10;11;11;13;14;17;18;19;21;25;27;29;30;31;33;34;34;35;36;38;40;42;43;43;44;45;45;47;47;48;49;50;50;51;51;52;53;53;54;55;57;59,1519;3038;4557;6076;7595;9114;10633;12152;13671;15190;16709;18228;19747;21266;22785;24304;25823;27342;28861;30380;31899;33418;34937;36456;37975;39494;41013;42532;44051;45570;47089;48608;50127;51646;53165;54684;56203;57722;59241;60760;62279;63798;65317;66836;68355;69874;71393;72912;74431;75950;77469,1.519;3.038;4.557;6.076;7.595;9.114;10.633;12.152;13.671;15.19;16.709;18.228;19.747;21.266;22.785;24.304;25.823;27.342;28.861;30.38;31.899;33.418;34.937;36.456;37.975;39.494;41.013;42.532;44.051;45.57;47.089;48.608;50.127;51.646;53.165;54.684;56.203;57.722;59.241;60.7599999999;62.2789999999;63.7979999999;65.3169999999;66.836;68.355;69.874;71.393;72.912;74.431;75.95;77.469,shinbrotPaperBisection;shinbrotPaperBisection;shinbrotPaperBisection;shinbrotPaperBisection;shinbrotPaperBisection;shinbrotPaperBisection;shinbrotPaperBisection;shinbrotPaperBisection;shinbrotPaperBisection;shinbrotPaperBisection;shinbrotPaperBisection;shinbrotPaperBisection;shinbrotPaperBisection;shinbrotPaperBisection;shinbrotPaperBisection;shinbrotPaperBisection;shinbrotPaperBisection;shinbrotPaperBisection;shinbrotPaperBisection;shinbrotPaperBisection;shinbrotPaperBisection;shinbrotPaperBisection;shinbrotPaperBisection;shinbrotPaperBisection;shinbrotPaperBisection;shinbrotPaperBisection;shinbrotPaperBisection;shinbrotPaperBisection;shinbrotPaperBisection;shinbrotPaperBisection;shinbrotPaperBisection;shinbrotPaperBisection;shinbrotPaperBisection;shinbrotPaperBisection;shinbrotPaperBisection;shinbrotPaperBisection;shinbrotPaperBisection;shinbrotPaperBisection;shinbrotPaperBisection;shinbrotPaperBisection;shinbrotPaperBisection;shinbrotPaperBisection;shinbrotPaperBisection;shinbrotPaperBisection;shinbrotPaperBisection;shinbrotPaperBisection;shinbrotPaperBisection;shinbrotPaperBisection;shinbrotPaperBisection;shinbrotPaperBisection;shinbrotPaperBisection,0.0250795582309;0.0918939769268;0.0240061477758;-0.0934670984745;-0.0923439323902;0.0551780566573;-0.085721680522;0.00494585484266;-0.00170721560717;-0.0349130764604;-0.0884097950533;0.0391655296087;-0.00141382459551;0.083023814857;-0.0100218728185;0.00224647819996;-0.0736446335912;0.0265602678061;0.0689563319087;-0.0884032547474;0.0223058566451;-0.00405489727855;-0.0899773210287;-0.0916074573994;0.0642028272152;0.0313226729631;0.0904328394681;-0.0847143828869;0.0997376063839;0.0197768509388;0.0510233789682;0.0799765244126;0.0524613946676;-0.0844444006681;0.0932791814208;0.00506354868412;0.0249461948872;0.0639183862135;-0.0162387296557;-0.0468139588833;-0.0999813946779;0.0112923800945;-0.0444677069783;0.0722935214639;0.0970411499962;-0.0715202510357;-0.0768896877766;-0.068195861578;-0.0123710072599;0.00558748128824;0.00745618268847,1519,meanReturnCycleMatched,1.00026818778561,1.56447992327193,12.1645200767281,16.3238694015523,26.921,0,0,1,0,accepted-crossing limit exhausted,204.5735061
0.01,7,193007,paperCycleCadenceRetargetMode,shinbrotPaperBisection,0,NaN,60,75,NaN,99999,0.0865456722676754,0.0258404236286879,0.0865456722677;0.0890277436003;0.0897549927235;0.0860277497559;0.0939406506717;-0.08334710747;0.0190564244986;0.0951033651829;-0.0780551970005;0.0166429713368;-0.0281728520989;0.0988226477057;-0.0498393501155;-0.0812751829624;0.0724075347185;-0.0977020688355;0.0559191957116;-0.07226575315;-0.0515236314386;-0.0906477034092;0.0254717549309;0.0532129459083;0.0514353781939;0.00517537891865;-0.0110280517489;0.0147861331701;0.0968316586688;-0.091286188364;-0.000631006062031;-0.0214125216007;-0.0995254456997;0.0747382717207;-0.00457714237273;-0.0764734357595;-0.0492932379246;-0.0543811649084;0.0260311175138;0.072650668025;0.00539507120848;-0.0504562318325;-0.0871291371062;-0.0792703539133;0.0524990737438;-0.0597823888063;-0.0569274365902;0.0784618269652;-0.0111371085048;-0.0297688543797;-0.0732746971771;-0.0393720686436;0.0245177894831;0.0287372522056;0.054174336046;0.00500424057245;0.0420138865709;0.0382046950981;0.0886345759034;0.00975064486265;-0.0353500202298;-0.0404072269797;-0.0986607134342;-0.0376926243305;0.0495725404471;-0.0426208898425;-0.00359663628042;0.0258404236287,1,1,shinbrotPaperBisection,0.0865456722676754,3,66,66,65,0,2;2;4;4;5;6;7;7;7;9;10;13;15;16;18;19;19;20;20;20;22;25;26;27;28;28;29;29;29;30;31;31;31;32;34;36;37;38;39;39;40;41;43;44;44;45;45;46;46;46;47;47;48;48;49;51;51;52;55;56;56;56;56;56;57,1519;3038;4557;6076;7595;9114;10633;12152;13671;15190;16709;18228;19747;21266;22785;24304;25823;27342;28861;30380;31899;33418;34937;36456;37975;39494;41013;42532;44051;45570;47089;48608;50127;51646;53165;54684;56203;57722;59241;60760;62279;63798;65317;66836;68355;69874;71393;72912;74431;75950;77469;78988;80507;82026;83545;85064;86583;88102;89621;91140;92659;94178;95697;97216;98735,1.519;3.038;4.557;6.076;7.595;9.114;10.633;12.152;13.671;15.19;16.709;18.228;19.747;21.266;22.785;24.304;25.823;27.342;28.861;30.38;31.899;33.418;34.937;36.456;37.975;39.494;41.013;42.532;44.051;45.57;47.089;48.608;50.127;51.646;53.165;54.684;56.203;57.722;59.241;60.7599999999;62.2789999999;63.7979999999;65.3169999999;66.836;68.355;69.874;71.393;72.912;74.431;75.95;77.469;78.988;80.507;82.026;83.545;85.064;86.583;88.1020000001;89.6210000001;91.1400000001;92.6590000001;94.1780000001;95.6970000001;97.2160000001;98.7350000001,shinbrotPaperBisection;shinbrotPaperBisection;shinbrotPaperBisection;shinbrotPaperBisection;shinbrotPaperBisection;shinbrotPaperBisection;shinbrotPaperBisection;shinbrotPaperBisection;shinbrotPaperBisection;shinbrotPaperBisection;shinbrotPaperBisection;shinbrotPaperBisection;shinbrotPaperBisection;shinbrotPaperBisection;shinbrotPaperBisection;shinbrotPaperBisection;shinbrotPaperBisection;shinbrotPaperBisection;shinbrotPaperBisection;shinbrotPaperBisection;shinbrotPaperBisection;shinbrotPaperBisection;shinbrotPaperBisection;shinbrotPaperBisection;shinbrotPaperBisection;shinbrotPaperBisection;shinbrotPaperBisection;shinbrotPaperBisection;shinbrotPaperBisection;shinbrotPaperBisection;shinbrotPaperBisection;shinbrotPaperBisection;shinbrotPaperBisection;shinbrotPaperBisection;shinbrotPaperBisection;shinbrotPaperBisection;shinbrotPaperBisection;shinbrotPaperBisection;shinbrotPaperBisection;shinbrotPaperBisection;shinbrotPaperBisection;shinbrotPaperBisection;shinbrotPaperBisection;shinbrotPaperBisection;shinbrotPaperBisection;shinbrotPaperBisection;shinbrotPaperBisection;shinbrotPaperBisection;shinbrotPaperBisection;shinbrotPaperBisection;shinbrotPaperBisection;shinbrotPaperBisection;shinbrotPaperBisection;shinbrotPaperBisection;shinbrotPaperBisection;shinbrotPaperBisection;shinbrotPaperBisection;shinbrotPaperBisection;shinbrotPaperBisection;shinbrotPaperBisection;shinbrotPaperBisection;shinbrotPaperBisection;shinbrotPaperBisection;shinbrotPaperBisection;shinbrotPaperBisection,0.0890277436003;0.0897549927235;0.0860277497559;0.0939406506717;-0.08334710747;0.0190564244986;0.0951033651829;-0.0780551970005;0.0166429713368;-0.0281728520989;0.0988226477057;-0.0498393501155;-0.0812751829624;0.0724075347185;-0.0977020688355;0.0559191957116;-0.07226575315;-0.0515236314386;-0.0906477034092;0.0254717549309;0.0532129459083;0.0514353781939;0.00517537891865;-0.0110280517489;0.0147861331701;0.0968316586688;-0.091286188364;-0.000631006062031;-0.0214125216007;-0.0995254456997;0.0747382717207;-0.00457714237273;-0.0764734357595;-0.0492932379246;-0.0543811649084;0.0260311175138;0.072650668025;0.00539507120848;-0.0504562318325;-0.0871291371062;-0.0792703539133;0.0524990737438;-0.0597823888063;-0.0569274365902;0.0784618269652;-0.0111371085048;-0.0297688543797;-0.0732746971771;-0.0393720686436;0.0245177894831;0.0287372522056;0.054174336046;0.00500424057245;0.0420138865709;0.0382046950981;0.0886345759034;0.00975064486265;-0.0353500202298;-0.0404072269797;-0.0986607134342;-0.0376926243305;0.0495725404471;-0.0426208898425;-0.00359663628042;0.0258404236287,1519,meanReturnCycleMatched,1.00026818778561,0.0368378723843836,13.6921621276156,19.3967013979005,26.921,0,0,1,0,accepted-crossing limit exhausted,272.039554
0.01,8,193008,paperCycleCadenceRetargetMode,shinbrotPaperBisection,1,59,59,32,66.6823313053348,66683,0.0865456722676754,-0.0115091264247894,0.0865456722677;0.0762584935874;-0.0950934737921;-0.0397975504398;0.0621174456086;-0.0406487084925;0.0523465316743;-0.0982479393482;0.0927383244038;-0.0349552109838;0.0574078038335;0.0975015938282;-0.0579592168331;0.0994683444034;-0.0113597452641;-0.0504485918209;0.0346447080374;0.0236591160297;0.0381810218096;-0.0587958276272;-0.0562879025936;0.00224806368351;-0.0391693413258;0.0506528295577;-0.0617764681578;-0.010458356142;0.0750529486686;0.098780883709;-0.021087795496;0.0121239173226;0.0539600498974;0.0144150078297;0.0069492995739;-0.00162125714123;-0.000249102246016;-0.02539526131;-0.0977271368727;-0.0580949127674;-0.0990071117878;0.050458593946;-0.0723211944103;-0.0924146920443;-0.049362963438;-0.0115091264248,1,1,shinbrotPaperBisection,0.0865456722676754,3,44,44,43,0,1;1;4;6;8;9;11;12;13;14;15;16;17;17;20;22;24;26;27;27;28;30;31;32;33;35;37;37;38;40;43;45;48;49;51;53;54;56;56;58;58;58;58,1519;3038;4557;6076;7595;9114;10633;12152;13671;15190;16709;18228;19747;21266;22785;24304;25823;27342;28861;30380;31899;33418;34937;36456;37975;39494;41013;42532;44051;45570;47089;48608;50127;51646;53165;54684;56203;57722;59241;60760;62279;63798;65317,1.519;3.038;4.557;6.076;7.595;9.114;10.633;12.152;13.671;15.19;16.709;18.228;19.747;21.266;22.785;24.304;25.823;27.342;28.861;30.38;31.899;33.418;34.937;36.456;37.975;39.494;41.013;42.532;44.051;45.57;47.089;48.608;50.127;51.646;53.165;54.684;56.203;57.722;59.241;60.7599999999;62.2789999999;63.7979999999;65.3169999999,shinbrotPaperBisection;shinbrotPaperBisection;shinbrotPaperBisection;shinbrotPaperBisection;shinbrotPaperBisection;shinbrotPaperBisection;shinbrotPaperBisection;shinbrotPaperBisection;shinbrotPaperBisection;shinbrotPaperBisection;shinbrotPaperBisection;shinbrotPaperBisection;shinbrotPaperBisection;shinbrotPaperBisection;shinbrotPaperBisection;shinbrotPaperBisection;shinbrotPaperBisection;shinbrotPaperBisection;shinbrotPaperBisection;shinbrotPaperBisection;shinbrotPaperBisection;shinbrotPaperBisection;shinbrotPaperBisection;shinbrotPaperBisection;shinbrotPaperBisection;shinbrotPaperBisection;shinbrotPaperBisection;shinbrotPaperBisection;shinbrotPaperBisection;shinbrotPaperBisection;shinbrotPaperBisection;shinbrotPaperBisection;shinbrotPaperBisection;shinbrotPaperBisection;shinbrotPaperBisection;shinbrotPaperBisection;shinbrotPaperBisection;shinbrotPaperBisection;shinbrotPaperBisection;shinbrotPaperBisection;shinbrotPaperBisection;shinbrotPaperBisection;shinbrotPaperBisection,0.0762584935874;-0.0950934737921;-0.0397975504398;0.0621174456086;-0.0406487084925;0.0523465316743;-0.0982479393482;0.0927383244038;-0.0349552109838;0.0574078038335;0.0975015938282;-0.0579592168331;0.0994683444034;-0.0113597452641;-0.0504485918209;0.0346447080374;0.0236591160297;0.0381810218096;-0.0587958276272;-0.0562879025936;0.00224806368351;-0.0391693413258;0.0506528295577;-0.0617764681578;-0.010458356142;0.0750529486686;0.098780883709;-0.021087795496;0.0121239173226;0.0539600498974;0.0144150078297;0.0069492995739;-0.00162125714123;-0.000249102246016;-0.02539526131;-0.0977271368727;-0.0580949127674;-0.0990071117878;0.050458593946;-0.0723211944103;-0.0924146920443;-0.049362963438;-0.0115091264248,1519,meanReturnCycleMatched,1.00026818778561,0.00693294327465566,13.7220670567253,19.6637635187101,26.921,0,0,0,0,,178.4788792
0.01,9,193009,paperCycleCadenceRetargetMode,shinbrotPaperBisection,1,30,30,39,50.0988231806616,50099,0.0865456722676754,0.095752702653408,0.0865456722677;-0.0433129236102;0.0624219089746;-0.0976730048656;0.0474795456976;0.0106733053923;-0.0996202379465;0.0495230257511;-0.0532797753811;-0.0176157057285;-0.097545081377;0.000254523381591;0.051713603735;-0.0861409038305;-0.00104977488518;-0.0468092501163;-0.0165655985475;0.0527799040079;-0.0940569460392;-0.0802026689053;-0.0057821020484;-0.00299448370934;0.0280111614615;0.0660939723253;0.0471311867237;-0.0554088242352;0.0979166414589;-0.0464573800564;0.0819977812469;0.0894884472713;-0.0448408067226;0.023139205575;0.0957527026534,1,1,shinbrotPaperBisection,0.0865456722676754,3,33,33,32,0,1;2;3;3;3;5;5;7;8;9;9;10;12;14;14;14;17;19;20;20;20;20;20;21;22;22;22;23;24;25;26;28,1519;3038;4557;6076;7595;9114;10633;12152;13671;15190;16709;18228;19747;21266;22785;24304;25823;27342;28861;30380;31899;33418;34937;36456;37975;39494;41013;42532;44051;45570;47089;48608,1.519;3.038;4.557;6.076;7.595;9.114;10.633;12.152;13.671;15.19;16.709;18.228;19.747;21.266;22.785;24.304;25.823;27.342;28.861;30.38;31.899;33.418;34.937;36.456;37.975;39.494;41.013;42.532;44.051;45.57;47.089;48.608,shinbrotPaperBisection;shinbrotPaperBisection;shinbrotPaperBisection;shinbrotPaperBisection;shinbrotPaperBisection;shinbrotPaperBisection;shinbrotPaperBisection;shinbrotPaperBisection;shinbrotPaperBisection;shinbrotPaperBisection;shinbrotPaperBisection;shinbrotPaperBisection;shinbrotPaperBisection;shinbrotPaperBisection;shinbrotPaperBisection;shinbrotPaperBisection;shinbrotPaperBisection;shinbrotPaperBisection;shinbrotPaperBisection;shinbrotPaperBisection;shinbrotPaperBisection;shinbrotPaperBisection;shinbrotPaperBisection;shinbrotPaperBisection;shinbrotPaperBisection;shinbrotPaperBisection;shinbrotPaperBisection;shinbrotPaperBisection;shinbrotPaperBisection;shinbrotPaperBisection;shinbrotPaperBisection;shinbrotPaperBisection,-0.0433129236102;0.0624219089746;-0.0976730048656;0.0474795456976;0.0106733053923;-0.0996202379465;0.0495230257511;-0.0532797753811;-0.0176157057285;-0.097545081377;0.000254523381591;0.051713603735;-0.0861409038305;-0.00104977488518;-0.0468092501163;-0.0165655985475;0.0527799040079;-0.0940569460392;-0.0802026689053;-0.0057821020484;-0.00299448370934;0.0280111614615;0.0660939723253;0.0471311867237;-0.0554088242352;0.0979166414589;-0.0464573800564;0.0819977812469;0.0894884472713;-0.0448408067226;0.023139205575;0.0957527026534,1519,meanReturnCycleMatched,1.00026818778561,0.00606475906068482,13.7229352409393,19.5023434463958,26.921,0,0,0,0,,105.5106931
0.01,10,193010,paperCycleCadenceRetargetMode,shinbrotPaperBisection,0,NaN,60,53,NaN,81098,0.0865456722676754,0.0217076271772385,0.0865456722677;-0.00776839852333;0.0500069281086;-0.0370130360126;0.026816948317;-0.0673204630613;-0.00323478579521;-0.0344288170338;0.0674122620374;0.0489109791815;-0.0181951269507;0.0745776321739;0.0151285797358;-0.053307929635;0.0680705994368;-0.0969223797321;0.0801949590445;0.0252203576267;-0.0210786777548;-0.0328954041004;0.050201484561;-0.0153567388654;0.0383323609829;-0.0235512077808;0.0710238547996;-0.046877092123;0.0236759245396;-0.0177154734731;-0.0176842346787;0.0550208032131;0.0271826829761;-0.0792665928602;0.0513053633273;-0.09892529957;0.0897610843182;-0.0987608145922;0.0902157410979;0.012243694067;-0.0761731177568;-0.0219430625439;-0.027740496397;0.0799477905035;-0.00305123478174;-0.0414628461003;0.0595712959766;-0.0779992520809;-0.0736210402101;0.0836970733479;-0.00050370497629;0.0974677786231;0.0973158173263;-0.0574027590454;0.0504666192457;0.0217076271772,1,1,shinbrotPaperBisection,0.0865456722676754,3,54,54,53,0,2;3;3;4;4;8;10;11;11;12;13;14;14;16;16;18;21;22;23;24;27;28;29;29;30;32;32;32;33;34;35;36;36;38;38;39;41;42;44;46;47;49;50;52;53;55;55;55;56;56;57;58;59,1519;3038;4557;6076;7595;9114;10633;12152;13671;15190;16709;18228;19747;21266;22785;24304;25823;27342;28861;30380;31899;33418;34937;36456;37975;39494;41013;42532;44051;45570;47089;48608;50127;51646;53165;54684;56203;57722;59241;60760;62279;63798;65317;66836;68355;69874;71393;72912;74431;75950;77469;78988;80507,1.519;3.038;4.557;6.076;7.595;9.114;10.633;12.152;13.671;15.19;16.709;18.228;19.747;21.266;22.785;24.304;25.823;27.342;28.861;30.38;31.899;33.418;34.937;36.456;37.975;39.494;41.013;42.532;44.051;45.57;47.089;48.608;50.127;51.646;53.165;54.684;56.203;57.722;59.241;60.7599999999;62.2789999999;63.7979999999;65.3169999999;66.836;68.355;69.874;71.393;72.912;74.431;75.95;77.469;78.988;80.507,shinbrotPaperBisection;shinbrotPaperBisection;shinbrotPaperBisection;shinbrotPaperBisection;shinbrotPaperBisection;shinbrotPaperBisection;shinbrotPaperBisection;shinbrotPaperBisection;shinbrotPaperBisection;shinbrotPaperBisection;shinbrotPaperBisection;shinbrotPaperBisection;shinbrotPaperBisection;shinbrotPaperBisection;shinbrotPaperBisection;shinbrotPaperBisection;shinbrotPaperBisection;shinbrotPaperBisection;shinbrotPaperBisection;shinbrotPaperBisection;shinbrotPaperBisection;shinbrotPaperBisection;shinbrotPaperBisection;shinbrotPaperBisection;shinbrotPaperBisection;shinbrotPaperBisection;shinbrotPaperBisection;shinbrotPaperBisection;shinbrotPaperBisection;shinbrotPaperBisection;shinbrotPaperBisection;shinbrotPaperBisection;shinbrotPaperBisection;shinbrotPaperBisection;shinbrotPaperBisection;shinbrotPaperBisection;shinbrotPaperBisection;shinbrotPaperBisection;shinbrotPaperBisection;shinbrotPaperBisection;shinbrotPaperBisection;shinbrotPaperBisection;shinbrotPaperBisection;shinbrotPaperBisection;shinbrotPaperBisection;shinbrotPaperBisection;shinbrotPaperBisection;shinbrotPaperBisection;shinbrotPaperBisection;shinbrotPaperBisection;shinbrotPaperBisection;shinbrotPaperBisection;shinbrotPaperBisection,-0.00776839852333;0.0500069281086;-0.0370130360126;0.026816948317;-0.0673204630613;-0.00323478579521;-0.0344288170338;0.0674122620374;0.0489109791815;-0.0181951269507;0.0745776321739;0.0151285797358;-0.053307929635;0.0680705994368;-0.0969223797321;0.0801949590445;0.0252203576267;-0.0210786777548;-0.0328954041004;0.050201484561;-0.0153567388654;0.0383323609829;-0.0235512077808;0.0710238547996;-0.046877092123;0.0236759245396;-0.0177154734731;-0.0176842346787;0.0550208032131;0.0271826829761;-0.0792665928602;0.0513053633273;-0.09892529957;0.0897610843182;-0.0987608145922;0.0902157410979;0.012243694067;-0.0761731177568;-0.0219430625439;-0.027740496397;0.0799477905035;-0.00305123478174;-0.0414628461003;0.0595712959766;-0.0779992520809;-0.0736210402101;0.0836970733479;-0.00050370497629;0.0974677786231;0.0973158173263;-0.0574027590454;0.0504666192457;0.0217076271772,1519,meanReturnCycleMatched,1.00026818778561,0.632117108885424,13.0968828911146,18.2794824830532,26.921,0,0,1,0,accepted-crossing limit exhausted,185.091159
0.05,1,194001,paperCycleCadenceRetargetMode,shinbrotPaperBisection,0,NaN,60,86,NaN,92733,0.0865456722676754,-0.0109494561154861,0.0865456722677;0.0542143113911;0.00016810297966;-0.0518328648061;-0.0382056936622;-0.0583789408207;0.0498774498701;0.00970382988453;-0.0125857017934;0.00187525674701;0.0604625284672;0.0364286333323;-0.0760878622532;-0.0273987352848;-2.98683531582e-05;0.0611766056158;0.0721637666225;0.0626733928919;0.0201045662165;-0.0461441934109;0.0672103732824;0.0932091444731;0.0881432419643;0.0299120955169;0.0759341787547;-0.0446463212371;-0.0419849321246;-0.0281814249349;-0.0794373486191;-0.0908594876528;-0.0131110861897;-0.0715140998363;0.0709590166807;-0.022570605576;0.0304782062769;-0.0200990617275;-0.0405188426375;-0.0479256078601;0.0505259620026;0.0111701205373;-0.0569266021252;-0.085032299161;-0.0889489842579;1.80454924703e-05;-0.0603137910366;0.0934418100398;-0.0914454177022;0.0921953347512;0.0170919772238;-0.0803258121014;-0.0498894035816;-0.00276088118553;-0.0280798614025;-0.0653130948544;-0.0662488646805;-0.0109494561155,1,1,shinbrotPaperBisection,0.0865456722676754,3,62,62,61,6,1;3;6;7;8;8;8;10;11;12;12;13;13;16;18;22;30;31;33;34;34;34;35;35;37;38;38;39;40;44;45;47;49;49;49;49;51;52;53;53;54;55;55;55;56;56;56;56;57;57;57;57;57;57;57;57;57;58;58;58;59,1519;3038;4557;6076;7595;9114;10633;12152;13671;15190;16709;18228;19747;21266;22785;24304;25823;27342;28861;30380;31899;33418;34937;36456;37975;39494;41013;42532;44051;45570;47089;48608;50127;51646;53165;54684;56203;57722;59241;60760;62279;63798;65317;66836;68355;69874;71393;72912;74431;75950;77469;78988;80507;82026;83545;85064;86583;88102;89621;91140;92659,1.519;3.038;4.557;6.076;7.595;9.114;10.633;12.152;13.671;15.19;16.709;18.228;19.747;21.266;22.785;24.304;25.823;27.342;28.861;30.38;31.899;33.418;34.937;36.456;37.975;39.494;41.013;42.532;44.051;45.57;47.089;48.608;50.127;51.646;53.165;54.684;56.203;57.722;59.241;60.7599999999;62.2789999999;63.7979999999;65.3169999999;66.836;68.355;69.874;71.393;72.912;74.431;75.95;77.469;78.988;80.507;82.026;83.545;85.064;86.583;88.1020000001;89.6210000001;91.1400000001;92.6590000001,shinbrotPaperBisection;shinbrotPaperBisection;shinbrotPaperBisection;shinbrotPaperBisection;shinbrotPaperBisection;shinbrotPaperBisection;shinbrotPaperBisection;shinbrotPaperBisection;shinbrotPaperBisection;shinbrotPaperBisection;shinbrotPaperBisection;shinbrotPaperBisection;shinbrotPaperBisection;shinbrotPaperBisection;shinbrotPaperBisection;shinbrotPaperBisection;shinbrotPaperBisection;shinbrotPaperBisection;shinbrotPaperBisection;shinbrotPaperBisection;shinbrotPaperBisection;shinbrotPaperBisection;shinbrotPaperBisection;shinbrotPaperBisection;shinbrotPaperBisection;shinbrotPaperBisection;shinbrotPaperBisection;shinbrotPaperBisection;shinbrotPaperBisection;shinbrotPaperBisection;shinbrotPaperBisection;shinbrotPaperBisection;shinbrotPaperBisection;shinbrotPaperBisection;shinbrotPaperBisection;shinbrotPaperBisection;shinbrotPaperBisection;shinbrotPaperBisection;shinbrotPaperBisection;shinbrotPaperBisection;shinbrotPaperBisection;shinbrotPaperBisection;shinbrotPaperBisection;shinbrotPaperBisection;shinbrotPaperBisection;shinbrotPaperBisection;shinbrotPaperBisection;shinbrotPaperBisection;shinbrotPaperBisection;shinbrotPaperBisection;shinbrotPaperBisection;shinbrotPaperBisection;shinbrotPaperBisection;shinbrotPaperBisection;shinbrotPaperBisection;shinbrotPaperBisection;shinbrotPaperBisection;shinbrotPaperBisection;shinbrotPaperBisection;shinbrotPaperBisection;shinbrotPaperBisection,NaN;0.0542143113911;0.00016810297966;-0.0518328648061;-0.0382056936622;-0.0583789408207;0.0498774498701;0.00970382988453;-0.0125857017934;0.00187525674701;0.0604625284672;0.0364286333323;NaN;NaN;NaN;NaN;NaN;-0.0760878622532;-0.0273987352848;-2.98683531582e-05;0.0611766056158;0.0721637666225;0.0626733928919;0.0201045662165;-0.0461441934109;0.0672103732824;0.0932091444731;0.0881432419643;0.0299120955169;0.0759341787547;-0.0446463212371;-0.0419849321246;-0.0281814249349;-0.0794373486191;-0.0908594876528;-0.0131110861897;-0.0715140998363;0.0709590166807;-0.022570605576;0.0304782062769;-0.0200990617275;-0.0405188426375;-0.0479256078601;0.0505259620026;0.0111701205373;-0.0569266021252;-0.085032299161;-0.0889489842579;1.80454924703e-05;-0.0603137910366;0.0934418100398;-0.0914454177022;0.0921953347512;0.0170919772238;-0.0803258121014;-0.0498894035816;-0.00276088118553;-0.0280798614025;-0.0653130948544;-0.0662488646805;-0.0109494561155,1519,meanReturnCycleMatched,1.00026818778561,1.08663483472977,12.6423651652702,16.0660776445209,26.921,0,0,1,0,accepted-crossing limit exhausted,160.6802071
0.05,2,194002,paperCycleCadenceRetargetMode,shinbrotPaperBisection,1,58,58,38,65.4691459073601,65470,0.0865456722676754,0.00725002586841583,0.0865456722677;-0.0685225665569;-0.028777474165;-0.06509770751;0.0760968670249;0.0972638100386;0.0223215088248;-0.0625007808208;-0.047293292731;-0.0908368438482;-0.0857962310314;-0.0389324054122;-0.0201691687107;-0.081809180975;0.0609692275524;-0.0911310449243;-0.0220788136125;-0.0980529129505;0.0762370049953;-0.0598560631275;-0.0241180598736;0.00926552712917;-0.028946582973;-0.052377807349;0.0654610693455;-0.0883971661329;0.0508708456531;0.0376733511686;0.0725759809837;0.00888666510582;-0.017219273746;0.0907272044569;0.0437002297491;0.0193644940853;0.0810492932796;0.0569370537996;-0.00441960245371;0.0762653972954;-0.0239319398999;0.00725002586842,1,1,shinbrotPaperBisection,0.0865456722676754,3,44,44,43,4,2;2;5;8;10;10;12;15;17;18;19;23;27;31;34;35;35;36;37;37;37;40;41;42;43;43;43;43;43;45;45;45;46;46;47;49;51;51;51;53;55;55;56,1519;3038;4557;6076;7595;9114;10633;12152;13671;15190;16709;18228;19747;21266;22785;24304;25823;27342;28861;30380;31899;33418;34937;36456;37975;39494;41013;42532;44051;45570;47089;48608;50127;51646;53165;54684;56203;57722;59241;60760;62279;63798;65317,1.519;3.038;4.557;6.076;7.595;9.114;10.633;12.152;13.671;15.19;16.709;18.228;19.747;21.266;22.785;24.304;25.823;27.342;28.861;30.38;31.899;33.418;34.937;36.456;37.975;39.494;41.013;42.532;44.051;45.57;47.089;48.608;50.127;51.646;53.165;54.684;56.203;57.722;59.241;60.7599999999;62.2789999999;63.7979999999;65.3169999999,shinbrotPaperBisection;shinbrotPaperBisection;shinbrotPaperBisection;shinbrotPaperBisection;shinbrotPaperBisection;shinbrotPaperBisection;shinbrotPaperBisection;shinbrotPaperBisection;shinbrotPaperBisection;shinbrotPaperBisection;shinbrotPaperBisection;shinbrotPaperBisection;shinbrotPaperBisection;shinbrotPaperBisection;shinbrotPaperBisection;shinbrotPaperBisection;shinbrotPaperBisection;shinbrotPaperBisection;shinbrotPaperBisection;shinbrotPaperBisection;shinbrotPaperBisection;shinbrotPaperBisection;shinbrotPaperBisection;shinbrotPaperBisection;shinbrotPaperBisection;shinbrotPaperBisection;shinbrotPaperBisection;shinbrotPaperBisection;shinbrotPaperBisection;shinbrotPaperBisection;shinbrotPaperBisection;shinbrotPaperBisection;shinbrotPaperBisection;shinbrotPaperBisection;shinbrotPaperBisection;shinbrotPaperBisection;shinbrotPaperBisection;shinbrotPaperBisection;shinbrotPaperBisection;shinbrotPaperBisection;shinbrotPaperBisection;shinbrotPaperBisection;shinbrotPaperBisection,-0.0685225665569;-0.028777474165;-0.06509770751;0.0760968670249;0.0972638100386;0.0223215088248;-0.0625007808208;-0.047293292731;-0.0908368438482;NaN;NaN;NaN;NaN;-0.0857962310314;-0.0389324054122;-0.0201691687107;-0.081809180975;0.0609692275524;-0.0911310449243;-0.0220788136125;-0.0980529129505;0.0762370049953;-0.0598560631275;-0.0241180598736;0.00926552712917;-0.028946582973;-0.052377807349;0.0654610693455;-0.0883971661329;0.0508708456531;0.0376733511686;0.0725759809837;0.00888666510582;-0.017219273746;0.0907272044569;0.0437002297491;0.0193644940853;0.0810492932796;0.0569370537996;-0.00441960245371;0.0762653972954;-0.0239319398999;0.00725002586842,1519,meanReturnCycleMatched,1.00026818778561,0.000897570878130693,13.7298975708781,19.1936882787266,26.921,0,0,0,0,,127.5380417
0.05,3,194003,paperCycleCadenceRetargetMode,shinbrotPaperBisection,0,NaN,60,71,NaN,92543,0.0865456722676754,-0.0776891121640802,0.0865456722677;-0.0931910485029;-0.0436788618565;-0.0349649369717;-0.00165442079306;0.00251727998257;-0.00142249017954;-0.0766431599855;-0.0687526874244;-0.0421986758709;0.0192033469677;0.0362963140011;-0.0117500528693;0.000695668905973;0.0988351514563;0.0611634865403;-0.0446685254574;-0.00896728187799;0.0501284889877;-0.0740709602833;-0.030798214674;0.0789926424623;-0.0990119874477;-0.0175739347935;-0.0759820044041;0.0903731919825;-0.08183183074;0.0650951649994;0.0272760093212;0.0670325502753;-0.0775205820799;0.054707711935;-2.31680460274e-06;0.0533765290864;0.0687828794122;-0.0805886656046;0.0397877663374;0.051566542685;0.0681542575359;0.00718108713627;0.051018473506;0.00267621129751;0.0657406032085;-0.0118829354644;-0.0347392037511;0.0203635901213;0.0559577749111;0.0290558375418;-0.0704688966274;-0.0586898185313;0.0496299166698;0.000757494568825;-0.037975127995;0.0949285775423;0.000429205596447;0.0998909663409;0.013056999445;0.0951092392206;-0.00644628256559;0.0907969404478;-0.0776891121641,1,1,shinbrotPaperBisection,0.0865456722676754,3,61,61,60,0,1;1;4;5;5;5;6;8;9;10;11;11;11;12;13;13;13;14;16;16;19;20;21;22;23;25;27;29;32;33;34;34;34;34;35;35;36;36;36;36;36;37;39;41;42;42;43;43;43;46;49;51;51;53;53;54;56;56;57;58,1519;3038;4557;6076;7595;9114;10633;12152;13671;15190;16709;18228;19747;21266;22785;24304;25823;27342;28861;30380;31899;33418;34937;36456;37975;39494;41013;42532;44051;45570;47089;48608;50127;51646;53165;54684;56203;57722;59241;60760;62279;63798;65317;66836;68355;69874;71393;72912;74431;75950;77469;78988;80507;82026;83545;85064;86583;88102;89621;91140,1.519;3.038;4.557;6.076;7.595;9.114;10.633;12.152;13.671;15.19;16.709;18.228;19.747;21.266;22.785;24.304;25.823;27.342;28.861;30.38;31.899;33.418;34.937;36.456;37.975;39.494;41.013;42.532;44.051;45.57;47.089;48.608;50.127;51.646;53.165;54.684;56.203;57.722;59.241;60.7599999999;62.2789999999;63.7979999999;65.3169999999;66.836;68.355;69.874;71.393;72.912;74.431;75.95;77.469;78.988;80.507;82.026;83.545;85.064;86.583;88.1020000001;89.6210000001;91.1400000001,shinbrotPaperBisection;shinbrotPaperBisection;shinbrotPaperBisection;shinbrotPaperBisection;shinbrotPaperBisection;shinbrotPaperBisection;shinbrotPaperBisection;shinbrotPaperBisection;shinbrotPaperBisection;shinbrotPaperBisection;shinbrotPaperBisection;shinbrotPaperBisection;shinbrotPaperBisection;shinbrotPaperBisection;shinbrotPaperBisection;shinbrotPaperBisection;shinbrotPaperBisection;shinbrotPaperBisection;shinbrotPaperBisection;shinbrotPaperBisection;shinbrotPaperBisection;shinbrotPaperBisection;shinbrotPaperBisection;shinbrotPaperBisection;shinbrotPaperBisection;shinbrotPaperBisection;shinbrotPaperBisection;shinbrotPaperBisection;shinbrotPaperBisection;shinbrotPaperBisection;shinbrotPaperBisection;shinbrotPaperBisection;shinbrotPaperBisection;shinbrotPaperBisection;shinbrotPaperBisection;shinbrotPaperBisection;shinbrotPaperBisection;shinbrotPaperBisection;shinbrotPaperBisection;shinbrotPaperBisection;shinbrotPaperBisection;shinbrotPaperBisection;shinbrotPaperBisection;shinbrotPaperBisection;shinbrotPaperBisection;shinbrotPaperBisection;shinbrotPaperBisection;shinbrotPaperBisection;shinbrotPaperBisection;shinbrotPaperBisection;shinbrotPaperBisection;shinbrotPaperBisection;shinbrotPaperBisection;shinbrotPaperBisection;shinbrotPaperBisection;shinbrotPaperBisection;shinbrotPaperBisection;shinbrotPaperBisection;shinbrotPaperBisection;shinbrotPaperBisection,-0.0931910485029;-0.0436788618565;-0.0349649369717;-0.00165442079306;0.00251727998257;-0.00142249017954;-0.0766431599855;-0.0687526874244;-0.0421986758709;0.0192033469677;0.0362963140011;-0.0117500528693;0.000695668905973;0.0988351514563;0.0611634865403;-0.0446685254574;-0.00896728187799;0.0501284889877;-0.0740709602833;-0.030798214674;0.0789926424623;-0.0990119874477;-0.0175739347935;-0.0759820044041;0.0903731919825;-0.08183183074;0.0650951649994;0.0272760093212;0.0670325502753;-0.0775205820799;0.054707711935;-2.31680460274e-06;0.0533765290864;0.0687828794122;-0.0805886656046;0.0397877663374;0.051566542685;0.0681542575359;0.00718108713627;0.051018473506;0.00267621129751;0.0657406032085;-0.0118829354644;-0.0347392037511;0.0203635901213;0.0559577749111;0.0290558375418;-0.0704688966274;-0.0586898185313;0.0496299166698;0.000757494568825;-0.037975127995;0.0949285775423;0.000429205596447;0.0998909663409;0.013056999445;0.0951092392206;-0.00644628256559;0.0907969404478;-0.0776891121641,1519,meanReturnCycleMatched,1.00026818778561,1.04196698339931,12.6870330166007,17.9259124878295,26.921,0,0,1,0,accepted-crossing limit exhausted,201.3753067
0.05,4,194004,paperCycleCadenceRetargetMode,shinbrotPaperBisection,1,55,55,95,121.138849042736,121139,0.0865456722676754,0.0466254603117704,0.0865456722677;-0.0413768589497;-0.0386627137661;0.0944225779735;0.00427666306496;-0.0531806323677;-0.0260424509645;0.0283394634724;-0.0189878284931;0.0301405370235;0.0564218511805;-0.064048153162;-0.0594110548496;-0.00473449173733;-0.0876815259457;0.0539923340082;-0.0142610728741;-0.0230130732059;-0.00146537870169;-0.0473092615604;0.0747729826719;-0.0464564144611;0.0484111713246;-0.0213009536266;-0.0423216506839;-0.0696837484837;0.0981131192297;-0.0781593263149;-0.0584111273289;0.0423175275326;-0.00247227549553;0.0687943261117;-0.0138958871365;-0.0771225869656;-0.0954714983702;0.0738828727975;0.0905914317816;-0.0186222851276;-0.0321004927158;0.0619786173105;0.0147909257561;0.0976111909375;0.0737895529717;0.0625245875912;0.0925693545491;-0.083193013072;0.0293014973402;-0.0713708102703;-0.0355337679386;0.0885670727119;0.0256795273162;-0.0558162033558;0.0890574835241;-0.0377120763063;0.0497958987951;-0.056123123318;0.0662163574249;0.00095379948616;0.0994141982315;-0.0785077273846;0.0745970444288;-0.0376643374562;0.0953290829435;0.0832211822271;-0.0243232574314;-0.0480694815516;-0.0594039231539;-0.0619082987309;0.0203773826361;0.0637205358595;-0.01263023098;-0.0758979767561;0.0524560958147;0.0712325870991;0.0130341440439;-0.0906233467162;0.0508585035801;0.0152590759099;0.0466254603118,1,1,shinbrotPaperBisection,0.0865456722676754,3,80,80,79,1,1;1;2;3;3;3;3;4;4;5;6;8;9;10;10;11;11;12;12;12;14;16;16;16;16;16;16;16;16;18;19;19;20;21;23;25;26;26;26;27;28;30;31;31;32;33;33;33;34;35;35;35;36;37;38;38;38;38;38;39;39;40;41;42;42;42;43;44;44;44;44;45;48;49;52;53;54;54;54,1519;3038;4557;6076;7595;9114;10633;12152;13671;15190;16709;18228;19747;21266;22785;24304;25823;27342;28861;30380;31899;33418;34937;36456;37975;39494;41013;42532;44051;45570;47089;48608;50127;51646;53165;54684;56203;57722;59241;60760;62279;63798;65317;66836;68355;69874;71393;72912;74431;75950;77469;78988;80507;82026;83545;85064;86583;88102;89621;91140;92659;94178;95697;97216;98735;100254;101773;103292;104811;106330;107849;109368;110887;112406;113925;115444;116963;118482;120001,1.519;3.038;4.557;6.076;7.595;9.114;10.633;12.152;13.671;15.19;16.709;18.228;19.747;21.266;22.785;24.304;25.823;27.342;28.861;30.38;31.899;33.418;34.937;36.456;37.975;39.494;41.013;42.532;44.051;45.57;47.089;48.608;50.127;51.646;53.165;54.684;56.203;57.722;59.241;60.7599999999;62.2789999999;63.7979999999;65.3169999999;66.836;68.355;69.874;71.393;72.912;74.431;75.95;77.469;78.988;80.507;82.026;83.545;85.064;86.583;88.1020000001;89.6210000001;91.1400000001;92.6590000001;94.1780000001;95.6970000001;97.2160000001;98.7350000001;100.254;101.773;103.292;104.811;106.33;107.849;109.368;110.887;112.406;113.925;115.444;116.963;118.482;120.001,shinbrotPaperBisection;shinbrotPaperBisection;shinbrotPaperBisection;shinbrotPaperBisection;shinbrotPaperBisection;shinbrotPaperBisection;shinbrotPaperBisection;shinbrotPaperBisection;shinbrotPaperBisection;shinbrotPaperBisection;shinbrotPaperBisection;shinbrotPaperBisection;shinbrotPaperBisection;shinbrotPaperBisection;shinbrotPaperBisection;shinbrotPaperBisection;shinbrotPaperBisection;shinbrotPaperBisection;shinbrotPaperBisection;shinbrotPaperBisection;shinbrotPaperBisection;shinbrotPaperBisection;shinbrotPaperBisection;shinbrotPaperBisection;shinbrotPaperBisection;shinbrotPaperBisection;shinbrotPaperBisection;shinbrotPaperBisection;shinbrotPaperBisection;shinbrotPaperBisection;shinbrotPaperBisection;shinbrotPaperBisection;shinbrotPaperBisection;shinbrotPaperBisection;shinbrotPaperBisection;shinbrotPaperBisection;shinbrotPaperBisection;shinbrotPaperBisection;shinbrotPaperBisection;shinbrotPaperBisection;shinbrotPaperBisection;shinbrotPaperBisection;shinbrotPaperBisection;shinbrotPaperBisection;shinbrotPaperBisection;shinbrotPaperBisection;shinbrotPaperBisection;shinbrotPaperBisection;shinbrotPaperBisection;shinbrotPaperBisection;shinbrotPaperBisection;shinbrotPaperBisection;shinbrotPaperBisection;shinbrotPaperBisection;shinbrotPaperBisection;shinbrotPaperBisection;shinbrotPaperBisection;shinbrotPaperBisection;shinbrotPaperBisection;shinbrotPaperBisection;shinbrotPaperBisection;shinbrotPaperBisection;shinbrotPaperBisection;shinbrotPaperBisection;shinbrotPaperBisection;shinbrotPaperBisection;shinbrotPaperBisection;shinbrotPaperBisection;shinbrotPaperBisection;shinbrotPaperBisection;shinbrotPaperBisection;shinbrotPaperBisection;shinbrotPaperBisection;shinbrotPaperBisection;shinbrotPaperBisection;shinbrotPaperBisection;shinbrotPaperBisection;shinbrotPaperBisection;shinbrotPaperBisection,-0.0413768589497;-0.0386627137661;0.0944225779735;0.00427666306496;-0.0531806323677;-0.0260424509645;0.0283394634724;-0.0189878284931;0.0301405370235;0.0564218511805;-0.064048153162;-0.0594110548496;-0.00473449173733;-0.0876815259457;0.0539923340082;-0.0142610728741;-0.0230130732059;-0.00146537870169;-0.0473092615604;0.0747729826719;-0.0464564144611;0.0484111713246;-0.0213009536266;-0.0423216506839;-0.0696837484837;0.0981131192297;-0.0781593263149;-0.0584111273289;0.0423175275326;-0.00247227549553;0.0687943261117;-0.0138958871365;-0.0771225869656;-0.0954714983702;0.0738828727975;0.0905914317816;-0.0186222851276;-0.0321004927158;0.0619786173105;0.0147909257561;0.0976111909375;0.0737895529717;0.0625245875912;0.0925693545491;-0.083193013072;0.0293014973402;-0.0713708102703;-0.0355337679386;0.0885670727119;0.0256795273162;-0.0558162033558;0.0890574835241;-0.0377120763063;0.0497958987951;-0.056123123318;0.0662163574249;0.00095379948616;0.0994141982315;-0.0785077273846;0.0745970444288;-0.0376643374562;0.0953290829435;0.0832211822271;-0.0243232574314;-0.0480694815516;-0.0594039231539;-0.0619082987309;0.0203773826361;0.0637205358595;-0.01263023098;-0.0758979767561;0.0524560958147;NaN;0.0712325870991;0.0130341440439;-0.0906233467162;0.0508585035801;0.0152590759099;0.0466254603118,1519,meanReturnCycleMatched,1.00026818778561,0.00529331180853632,13.7237066881915,18.3185629501007,26.921,0,0,0,0,,289.3032624
0.05,5,194005,paperCycleCadenceRetargetMode,shinbrotPaperBisection,1,30,30,41,54.3332538830124,54334,0.0865456722676754,-0.0296642228960991,0.0865456722677;0.079833278805;-0.0352202951908;0.00296723991632;-0.0510168224573;-0.0918596759439;0.0510995239019;-0.0747263342142;-0.00748106837273;0.0995990462601;-0.0456196129322;-0.060161241889;0.0700272142887;-0.000807110406458;-0.0419548839331;0.0237458527088;-0.0453191667795;-0.0468401238322;0.0280687963357;0.0613399714231;-0.0798359572887;-0.093199005723;0.0990373138338;-0.0991936385632;0.025765523687;-0.031158965826;0.0992169923149;-0.000497785862535;-0.0758959829807;0.0483945280313;-0.0545664608479;0.0889874644578;-0.0418183982372;-0.0853081285954;0.00374119877815;-0.0296642228961,1,1,shinbrotPaperBisection,0.0865456722676754,3,36,36,35,0,1;1;5;5;6;6;6;7;8;8;9;10;11;11;12;15;16;16;18;19;20;20;20;21;21;22;23;25;26;27;27;28;28;29;29,1519;3038;4557;6076;7595;9114;10633;12152;13671;15190;16709;18228;19747;21266;22785;24304;25823;27342;28861;30380;31899;33418;34937;36456;37975;39494;41013;42532;44051;45570;47089;48608;50127;51646;53165,1.519;3.038;4.557;6.076;7.595;9.114;10.633;12.152;13.671;15.19;16.709;18.228;19.747;21.266;22.785;24.304;25.823;27.342;28.861;30.38;31.899;33.418;34.937;36.456;37.975;39.494;41.013;42.532;44.051;45.57;47.089;48.608;50.127;51.646;53.165,shinbrotPaperBisection;shinbrotPaperBisection;shinbrotPaperBisection;shinbrotPaperBisection;shinbrotPaperBisection;shinbrotPaperBisection;shinbrotPaperBisection;shinbrotPaperBisection;shinbrotPaperBisection;shinbrotPaperBisection;shinbrotPaperBisection;shinbrotPaperBisection;shinbrotPaperBisection;shinbrotPaperBisection;shinbrotPaperBisection;shinbrotPaperBisection;shinbrotPaperBisection;shinbrotPaperBisection;shinbrotPaperBisection;shinbrotPaperBisection;shinbrotPaperBisection;shinbrotPaperBisection;shinbrotPaperBisection;shinbrotPaperBisection;shinbrotPaperBisection;shinbrotPaperBisection;shinbrotPaperBisection;shinbrotPaperBisection;shinbrotPaperBisection;shinbrotPaperBisection;shinbrotPaperBisection;shinbrotPaperBisection;shinbrotPaperBisection;shinbrotPaperBisection;shinbrotPaperBisection,0.079833278805;-0.0352202951908;0.00296723991632;-0.0510168224573;-0.0918596759439;0.0510995239019;-0.0747263342142;-0.00748106837273;0.0995990462601;-0.0456196129322;-0.060161241889;0.0700272142887;-0.000807110406458;-0.0419548839331;0.0237458527088;-0.0453191667795;-0.0468401238322;0.0280687963357;0.0613399714231;-0.0798359572887;-0.093199005723;0.0990373138338;-0.0991936385632;0.025765523687;-0.031158965826;0.0992169923149;-0.000497785862535;-0.0758959829807;0.0483945280313;-0.0545664608479;0.0889874644578;-0.0418183982372;-0.0853081285954;0.00374119877815;-0.0296642228961,1519,meanReturnCycleMatched,1.00026818778561,0.000303991097977629,13.728696008902,19.7549856737524,26.921,0,0,0,0,,123.3972323
0.05,6,194006,paperCycleCadenceRetargetMode,shinbrotPaperBisection,1,59,59,40,74.4538275299958,74454,0.0865456722676754,0.0459919065237045,0.0865456722677;0.0610264599323;-0.0568838864565;-0.0672099888325;-0.00807258337736;0.0575238257647;0.0257392052561;0.00691508352757;-0.030712980032;0.00471980124712;-0.000375335663557;-0.0614388048649;-0.0699258863926;0.0273853927851;-0.018712534965;0.0992564376909;-0.0144646987319;-0.0273129880428;-0.0257282197475;0.0648505151272;0.0953625511378;-0.0620543897152;0.0638505779207;0.010229088366;-0.0867665380239;-0.0188303887844;-0.0914330668747;-0.0491300284863;0.0916880947538;0.0366762541234;-0.0543516814709;0.0261008638889;-0.0840250402689;0.00725268274546;0.0624014903791;-0.0514430932701;-0.00171892046928;-0.0607973515987;0.0214387953281;0.0115199914202;0.081762561202;0.0699529588223;-0.074193701148;0.0746434079483;-0.0510004423559;-0.046443862468;0.0759710371494;0.0759414464235;0.0317017994821;0.0459919065237,1,1,shinbrotPaperBisection,0.0865456722676754,3,50,50,49,0,2;3;3;4;4;6;6;6;7;11;13;14;16;16;18;19;19;20;22;24;25;26;29;29;30;30;31;32;33;33;34;35;35;36;37;37;39;39;40;41;45;47;47;49;51;54;55;56;58,1519;3038;4557;6076;7595;9114;10633;12152;13671;15190;16709;18228;19747;21266;22785;24304;25823;27342;28861;30380;31899;33418;34937;36456;37975;39494;41013;42532;44051;45570;47089;48608;50127;51646;53165;54684;56203;57722;59241;60760;62279;63798;65317;66836;68355;69874;71393;72912;74431,1.519;3.038;4.557;6.076;7.595;9.114;10.633;12.152;13.671;15.19;16.709;18.228;19.747;21.266;22.785;24.304;25.823;27.342;28.861;30.38;31.899;33.418;34.937;36.456;37.975;39.494;41.013;42.532;44.051;45.57;47.089;48.608;50.127;51.646;53.165;54.684;56.203;57.722;59.241;60.7599999999;62.2789999999;63.7979999999;65.3169999999;66.836;68.355;69.874;71.393;72.912;74.431,shinbrotPaperBisection;shinbrotPaperBisection;shinbrotPaperBisection;shinbrotPaperBisection;shinbrotPaperBisection;shinbrotPaperBisection;shinbrotPaperBisection;shinbrotPaperBisection;shinbrotPaperBisection;shinbrotPaperBisection;shinbrotPaperBisection;shinbrotPaperBisection;shinbrotPaperBisection;shinbrotPaperBisection;shinbrotPaperBisection;shinbrotPaperBisection;shinbrotPaperBisection;shinbrotPaperBisection;shinbrotPaperBisection;shinbrotPaperBisection;shinbrotPaperBisection;shinbrotPaperBisection;shinbrotPaperBisection;shinbrotPaperBisection;shinbrotPaperBisection;shinbrotPaperBisection;shinbrotPaperBisection;shinbrotPaperBisection;shinbrotPaperBisection;shinbrotPaperBisection;shinbrotPaperBisection;shinbrotPaperBisection;shinbrotPaperBisection;shinbrotPaperBisection;shinbrotPaperBisection;shinbrotPaperBisection;shinbrotPaperBisection;shinbrotPaperBisection;shinbrotPaperBisection;shinbrotPaperBisection;shinbrotPaperBisection;shinbrotPaperBisection;shinbrotPaperBisection;shinbrotPaperBisection;shinbrotPaperBisection;shinbrotPaperBisection;shinbrotPaperBisection;shinbrotPaperBisection;shinbrotPaperBisection,0.0610264599323;-0.0568838864565;-0.0672099888325;-0.00807258337736;0.0575238257647;0.0257392052561;0.00691508352757;-0.030712980032;0.00471980124712;-0.000375335663557;-0.0614388048649;-0.0699258863926;0.0273853927851;-0.018712534965;0.0992564376909;-0.0144646987319;-0.0273129880428;-0.0257282197475;0.0648505151272;0.0953625511378;-0.0620543897152;0.0638505779207;0.010229088366;-0.0867665380239;-0.0188303887844;-0.0914330668747;-0.0491300284863;0.0916880947538;0.0366762541234;-0.0543516814709;0.0261008638889;-0.0840250402689;0.00725268274546;0.0624014903791;-0.0514430932701;-0.00171892046928;-0.0607973515987;0.0214387953281;0.0115199914202;0.081762561202;0.0699529588223;-0.074193701148;0.0746434079483;-0.0510004423559;-0.046443862468;0.0759710371494;0.0759414464235;0.0317017994821;0.0459919065237,1519,meanReturnCycleMatched,1.00026818778561,0.00401084794724582,13.7249891520528,20.8091369567885,26.921,0,0,0,0,,163.2826484
0.05,7,194007,paperCycleCadenceRetargetMode,shinbrotPaperBisection,0,NaN,60,43,NaN,79026,0.0865456722676754,-0.0254352256655693,0.0865456722677;-0.0706576853991;0.0727564394474;0.0619669377804;-0.0465666130185;0.0388491213322;0.0928569786251;-0.0142390653491;0.0272206574678;0.0219553411007;-0.0726568609476;-0.0219672858715;0.0773214280605;-0.0884685218334;0.0507779778447;-0.0567069974262;-0.064398676157;-0.095257025212;-0.00612024217844;0.0574235316366;-0.0786393463612;0.0948826085776;-0.0984493076801;0.0397963345051;-0.0903488457203;0.0993401326239;0.00456222146749;-0.0941632241011;-0.0645833343267;-0.0542735718191;-0.0148876063526;0.0372622996569;0.0924808997661;0.0236173897982;-0.0225594699383;0.015956017375;0.0262777931988;0.0561950463336;0.0872041612864;-0.0392597332597;0.00853111445904;-0.0531625926495;0.0902546733618;0.0116565287113;0.0396186441183;-0.0966572701931;-0.0981502676383;0.0962671771747;0.0463906738907;0.0242820113897;-0.0250205195451;-0.0254352256656,1,1,shinbrotPaperBisection,0.0865456722676754,3,53,53,52,1,1;2;3;6;8;9;11;13;14;14;14;14;14;15;16;17;17;17;18;18;19;20;20;21;21;23;26;27;29;31;33;36;38;42;43;45;46;47;49;50;50;51;52;52;52;52;53;56;56;57;59;59,1519;3038;4557;6076;7595;9114;10633;12152;13671;15190;16709;18228;19747;21266;22785;24304;25823;27342;28861;30380;31899;33418;34937;36456;37975;39494;41013;42532;44051;45570;47089;48608;50127;51646;53165;54684;56203;57722;59241;60760;62279;63798;65317;66836;68355;69874;71393;72912;74431;75950;77469;78988,1.519;3.038;4.557;6.076;7.595;9.114;10.633;12.152;13.671;15.19;16.709;18.228;19.747;21.266;22.785;24.304;25.823;27.342;28.861;30.38;31.899;33.418;34.937;36.456;37.975;39.494;41.013;42.532;44.051;45.57;47.089;48.608;50.127;51.646;53.165;54.684;56.203;57.722;59.241;60.7599999999;62.2789999999;63.7979999999;65.3169999999;66.836;68.355;69.874;71.393;72.912;74.431;75.95;77.469;78.988,shinbrotPaperBisection;shinbrotPaperBisection;shinbrotPaperBisection;shinbrotPaperBisection;shinbrotPaperBisection;shinbrotPaperBisection;shinbrotPaperBisection;shinbrotPaperBisection;shinbrotPaperBisection;shinbrotPaperBisection;shinbrotPaperBisection;shinbrotPaperBisection;shinbrotPaperBisection;shinbrotPaperBisection;shinbrotPaperBisection;shinbrotPaperBisection;shinbrotPaperBisection;shinbrotPaperBisection;shinbrotPaperBisection;shinbrotPaperBisection;shinbrotPaperBisection;shinbrotPaperBisection;shinbrotPaperBisection;shinbrotPaperBisection;shinbrotPaperBisection;shinbrotPaperBisection;shinbrotPaperBisection;shinbrotPaperBisection;shinbrotPaperBisection;shinbrotPaperBisection;shinbrotPaperBisection;shinbrotPaperBisection;shinbrotPaperBisection;shinbrotPaperBisection;shinbrotPaperBisection;shinbrotPaperBisection;shinbrotPaperBisection;shinbrotPaperBisection;shinbrotPaperBisection;shinbrotPaperBisection;shinbrotPaperBisection;shinbrotPaperBisection;shinbrotPaperBisection;shinbrotPaperBisection;shinbrotPaperBisection;shinbrotPaperBisection;shinbrotPaperBisection;shinbrotPaperBisection;shinbrotPaperBisection;shinbrotPaperBisection;shinbrotPaperBisection;shinbrotPaperBisection,-0.0706576853991;0.0727564394474;0.0619669377804;-0.0465666130185;0.0388491213322;0.0928569786251;-0.0142390653491;0.0272206574678;0.0219553411007;-0.0726568609476;-0.0219672858715;0.0773214280605;-0.0884685218334;0.0507779778447;-0.0567069974262;-0.064398676157;-0.095257025212;-0.00612024217844;0.0574235316366;-0.0786393463612;0.0948826085776;-0.0984493076801;0.0397963345051;-0.0903488457203;0.0993401326239;0.00456222146749;-0.0941632241011;-0.0645833343267;-0.0542735718191;NaN;-0.0148876063526;0.0372622996569;0.0924808997661;0.0236173897982;-0.0225594699383;0.015956017375;0.0262777931988;0.0561950463336;0.0872041612864;-0.0392597332597;0.00853111445904;-0.0531625926495;0.0902546733618;0.0116565287113;0.0396186441183;-0.0966572701931;-0.0981502676383;0.0962671771747;0.0463906738907;0.0242820113897;-0.0250205195451;-0.0254352256656,1519,meanReturnCycleMatched,1.00026818778561,1.17465644112248,14.9036564411225,21.1356192929193,26.921,0,0,1,0,accepted-crossing limit exhausted,177.5802433
0.05,8,194008,paperCycleCadenceRetargetMode,shinbrotPaperBisection,0,NaN,60,43,NaN,78883,0.0865456722676754,0.099871875718236,0.0865456722677;-0.0044902741909;-0.0799557313323;0.0230610311031;0.022938266024;0.0989838884212;-0.0371911793947;0.0818624049425;-0.0984958589077;0.0237269818783;0.0992707416415;0.0371834105812;0.0975456015556;0.0609765917063;-0.0652022659779;0.0826427191496;-0.0557654559612;0.0624684676004;-0.0712444007397;-0.0103772580624;-0.00291751772165;0.0969161545858;0.0618648699485;0.022521084547;-0.00037849098444;-0.0801513373852;-0.0755191905424;-0.0349871948361;-0.050465015322;-0.0586335211992;0.0454261673614;0.0386751376092;-0.0943020015955;-0.0626185317524;-0.0962305366993;0.0128669553436;0.087592869997;-0.0504725039005;-0.0396217882633;0.091347784549;0.0513188868761;-0.0993853341788;0.0960958313197;0.00548614859581;0.0677423849702;0.00390172600746;-0.0512633975595;-0.0192939028144;0.0320020288229;-0.00242081731558;-0.00110303759575;0.0998718757182,1,1,shinbrotPaperBisection,0.0865456722676754,3,52,52,51,0,2;3;4;4;4;4;4;6;7;10;11;11;12;13;15;15;18;19;20;21;21;21;22;22;26;27;29;30;31;33;33;34;35;36;38;39;39;39;40;45;49;50;50;51;53;54;55;56;57;58;59,1519;3038;4557;6076;7595;9114;10633;12152;13671;15190;16709;18228;19747;21266;22785;24304;25823;27342;28861;30380;31899;33418;34937;36456;37975;39494;41013;42532;44051;45570;47089;48608;50127;51646;53165;54684;56203;57722;59241;60760;62279;63798;65317;66836;68355;69874;71393;72912;74431;75950;77469,1.519;3.038;4.557;6.076;7.595;9.114;10.633;12.152;13.671;15.19;16.709;18.228;19.747;21.266;22.785;24.304;25.823;27.342;28.861;30.38;31.899;33.418;34.937;36.456;37.975;39.494;41.013;42.532;44.051;45.57;47.089;48.608;50.127;51.646;53.165;54.684;56.203;57.722;59.241;60.7599999999;62.2789999999;63.7979999999;65.3169999999;66.836;68.355;69.874;71.393;72.912;74.431;75.95;77.469,shinbrotPaperBisection;shinbrotPaperBisection;shinbrotPaperBisection;shinbrotPaperBisection;shinbrotPaperBisection;shinbrotPaperBisection;shinbrotPaperBisection;shinbrotPaperBisection;shinbrotPaperBisection;shinbrotPaperBisection;shinbrotPaperBisection;shinbrotPaperBisection;shinbrotPaperBisection;shinbrotPaperBisection;shinbrotPaperBisection;shinbrotPaperBisection;shinbrotPaperBisection;shinbrotPaperBisection;shinbrotPaperBisection;shinbrotPaperBisection;shinbrotPaperBisection;shinbrotPaperBisection;shinbrotPaperBisection;shinbrotPaperBisection;shinbrotPaperBisection;shinbrotPaperBisection;shinbrotPaperBisection;shinbrotPaperBisection;shinbrotPaperBisection;shinbrotPaperBisection;shinbrotPaperBisection;shinbrotPaperBisection;shinbrotPaperBisection;shinbrotPaperBisection;shinbrotPaperBisection;shinbrotPaperBisection;shinbrotPaperBisection;shinbrotPaperBisection;shinbrotPaperBisection;shinbrotPaperBisection;shinbrotPaperBisection;shinbrotPaperBisection;shinbrotPaperBisection;shinbrotPaperBisection;shinbrotPaperBisection;shinbrotPaperBisection;shinbrotPaperBisection;shinbrotPaperBisection;shinbrotPaperBisection;shinbrotPaperBisection;shinbrotPaperBisection,-0.0044902741909;-0.0799557313323;0.0230610311031;0.022938266024;0.0989838884212;-0.0371911793947;0.0818624049425;-0.0984958589077;0.0237269818783;0.0992707416415;0.0371834105812;0.0975456015556;0.0609765917063;-0.0652022659779;0.0826427191496;-0.0557654559612;0.0624684676004;-0.0712444007397;-0.0103772580624;-0.00291751772165;0.0969161545858;0.0618648699485;0.022521084547;-0.00037849098444;-0.0801513373852;-0.0755191905424;-0.0349871948361;-0.050465015322;-0.0586335211992;0.0454261673614;0.0386751376092;-0.0943020015955;-0.0626185317524;-0.0962305366993;0.0128669553436;0.087592869997;-0.0504725039005;-0.0396217882633;0.091347784549;0.0513188868761;-0.0993853341788;0.0960958313197;0.00548614859581;0.0677423849702;0.00390172600746;-0.0512633975595;-0.0192939028144;0.0320020288229;-0.00242081731558;-0.00110303759575;0.0998718757182,1519,meanReturnCycleMatched,1.00026818778561,0.765514624810024,12.96348537519,18.0861322312628,26.921,0,0,1,0,accepted-crossing limit exhausted,181.1306548
0.05,9,194009,paperCycleCadenceRetargetMode,shinbrotPaperBisection,0,NaN,60,58,NaN,88839,0.0865456722676754,-0.0504933177027851,0.0865456722677;-0.0570826523006;0.0325527012348;0.0211894601583;-0.0722230702639;0.032931381464;-0.0180454000831;-0.0196243695915;0.00497716367245;-0.0927219599485;0.0936943484005;-0.0721211016178;0.0969197884202;-0.0434595569968;-0.0560215286911;-0.0699650108814;-0.0243962347507;0.0960677888244;-0.0503316015005;0.0988062398508;0.0247649337165;-0.00758966803551;-0.00506597608328;-0.08442722857;0.0616381466389;0.0746211407706;0.0509588222951;0.0132481645793;-0.0633162915707;-0.00478510260582;0.099172900524;0.0867983967066;-0.0446689516306;0.00240681618452;-0.0454363882542;0.0970440529287;0.0040725171566;0.0745061218739;-0.0813925241004;0.0104892447591;0.0438416529447;0.0849263623357;-0.023523928225;0.0041134417057;0.0597424253821;0.0778159234673;0.0167147442698;0.0138968676329;-0.0175654575229;0.0941832231358;0.0361353933811;0.0144061952829;0.0412685662508;0.0728654190898;-0.0126665781252;0.0370806604624;0.0264943130314;0.0731498753652;-0.0504933177028,1,1,shinbrotPaperBisection,0.0865456722676754,3,59,59,58,0,1;1;2;3;4;5;6;6;7;8;9;9;11;11;13;13;16;17;18;18;21;24;25;28;29;29;31;32;33;33;33;33;33;33;33;33;34;34;36;36;36;37;38;39;42;43;43;44;47;50;51;52;52;52;52;54;57;58,1519;3038;4557;6076;7595;9114;10633;12152;13671;15190;16709;18228;19747;21266;22785;24304;25823;27342;28861;30380;31899;33418;34937;36456;37975;39494;41013;42532;44051;45570;47089;48608;50127;51646;53165;54684;56203;57722;59241;60760;62279;63798;65317;66836;68355;69874;71393;72912;74431;75950;77469;78988;80507;82026;83545;85064;86583;88102,1.519;3.038;4.557;6.076;7.595;9.114;10.633;12.152;13.671;15.19;16.709;18.228;19.747;21.266;22.785;24.304;25.823;27.342;28.861;30.38;31.899;33.418;34.937;36.456;37.975;39.494;41.013;42.532;44.051;45.57;47.089;48.608;50.127;51.646;53.165;54.684;56.203;57.722;59.241;60.7599999999;62.2789999999;63.7979999999;65.3169999999;66.836;68.355;69.874;71.393;72.912;74.431;75.95;77.469;78.988;80.507;82.026;83.545;85.064;86.583;88.1020000001,shinbrotPaperBisection;shinbrotPaperBisection;shinbrotPaperBisection;shinbrotPaperBisection;shinbrotPaperBisection;shinbrotPaperBisection;shinbrotPaperBisection;shinbrotPaperBisection;shinbrotPaperBisection;shinbrotPaperBisection;shinbrotPaperBisection;shinbrotPaperBisection;shinbrotPaperBisection;shinbrotPaperBisection;shinbrotPaperBisection;shinbrotPaperBisection;shinbrotPaperBisection;shinbrotPaperBisection;shinbrotPaperBisection;shinbrotPaperBisection;shinbrotPaperBisection;shinbrotPaperBisection;shinbrotPaperBisection;shinbrotPaperBisection;shinbrotPaperBisection;shinbrotPaperBisection;shinbrotPaperBisection;shinbrotPaperBisection;shinbrotPaperBisection;shinbrotPaperBisection;shinbrotPaperBisection;shinbrotPaperBisection;shinbrotPaperBisection;shinbrotPaperBisection;shinbrotPaperBisection;shinbrotPaperBisection;shinbrotPaperBisection;shinbrotPaperBisection;shinbrotPaperBisection;shinbrotPaperBisection;shinbrotPaperBisection;shinbrotPaperBisection;shinbrotPaperBisection;shinbrotPaperBisection;shinbrotPaperBisection;shinbrotPaperBisection;shinbrotPaperBisection;shinbrotPaperBisection;shinbrotPaperBisection;shinbrotPaperBisection;shinbrotPaperBisection;shinbrotPaperBisection;shinbrotPaperBisection;shinbrotPaperBisection;shinbrotPaperBisection;shinbrotPaperBisection;shinbrotPaperBisection;shinbrotPaperBisection,-0.0570826523006;0.0325527012348;0.0211894601583;-0.0722230702639;0.032931381464;-0.0180454000831;-0.0196243695915;0.00497716367245;-0.0927219599485;0.0936943484005;-0.0721211016178;0.0969197884202;-0.0434595569968;-0.0560215286911;-0.0699650108814;-0.0243962347507;0.0960677888244;-0.0503316015005;0.0988062398508;0.0247649337165;-0.00758966803551;-0.00506597608328;-0.08442722857;0.0616381466389;0.0746211407706;0.0509588222951;0.0132481645793;-0.0633162915707;-0.00478510260582;0.099172900524;0.0867983967066;-0.0446689516306;0.00240681618452;-0.0454363882542;0.0970440529287;0.0040725171566;0.0745061218739;-0.0813925241004;0.0104892447591;0.0438416529447;0.0849263623357;-0.023523928225;0.0041134417057;0.0597424253821;0.0778159234673;0.0167147442698;0.0138968676329;-0.0175654575229;0.0941832231358;0.0361353933811;0.0144061952829;0.0412685662508;0.0728654190898;-0.0126665781252;0.0370806604624;0.0264943130314;0.0731498753652;-0.0504933177028,1519,meanReturnCycleMatched,1.00026818778561,1.61981582766416,12.1091841723358,16.0754590389594,26.921,0,0,1,0,accepted-crossing limit exhausted,226.5377913
0.05,10,194010,paperCycleCadenceRetargetMode,shinbrotPaperBisection,1,15,15,25,26.6602644789153,26661,0.0865456722676754,0.0440818688366562,0.0865456722677;0.0774832710624;0.094084494561;0.0865559652448;0.0754301853478;-0.0696584641933;-0.0099875792861;-0.0574763566256;-0.0947315053083;0.0407761871815;-0.0840773522854;0.0496909391135;-0.0456674024463;0.0929750174284;-0.0163799121976;0.0251372566447;-0.00856023654342;0.0440818688367,1,1,shinbrotPaperBisection,0.0865456722676754,3,18,18,17,0,2;5;6;7;7;7;9;9;10;10;11;12;12;13;13;13;14,1519;3038;4557;6076;7595;9114;10633;12152;13671;15190;16709;18228;19747;21266;22785;24304;25823,1.519;3.038;4.557;6.076;7.595;9.114;10.633;12.152;13.671;15.19;16.709;18.228;19.747;21.266;22.785;24.304;25.823,shinbrotPaperBisection;shinbrotPaperBisection;shinbrotPaperBisection;shinbrotPaperBisection;shinbrotPaperBisection;shinbrotPaperBisection;shinbrotPaperBisection;shinbrotPaperBisection;shinbrotPaperBisection;shinbrotPaperBisection;shinbrotPaperBisection;shinbrotPaperBisection;shinbrotPaperBisection;shinbrotPaperBisection;shinbrotPaperBisection;shinbrotPaperBisection;shinbrotPaperBisection,0.0774832710624;0.094084494561;0.0865559652448;0.0754301853478;-0.0696584641933;-0.0099875792861;-0.0574763566256;-0.0947315053083;0.0407761871815;-0.0840773522854;0.0496909391135;-0.0456674024463;0.0929750174284;-0.0163799121976;0.0251372566447;-0.00856023654342;0.0440818688367,1519,meanReturnCycleMatched,1.00026818778561,0.000648708238911055,13.7283512917611,20.3225081024114,26.921,0,0,0,0,,58.922612
0.1,1,195001,paperCycleCadenceRetargetMode,shinbrotPaperBisection,0,NaN,60,45,NaN,68855,0.0865456722676754,-0.0750684431288391,0.0865456722677;-0.0697981081903;-0.0308520510793;0.0945762585849;-0.0494451463223;0.0261215597391;-0.0712258547544;-0.0782396748662;-0.0998810470104;-0.0376816689968;0.0913611140102;-0.0877591556869;-0.01231097579;-0.0338288366795;0.0563393138349;0.0446959197521;0.0988680653274;-0.061737331748;0.0260629475117;-0.0701403796673;0.0989157743752;-0.0228918716311;0.000967488437891;-0.0675225436687;0.0915708571672;0.0454529412091;0.0334019482136;-0.0683803856373;-0.0501398146152;-0.0229226574302;0.0195862844586;-0.079867130518;0.076216552034;0.0839803278446;0.0963869325817;-0.0930248126388;0.0955145612359;-0.0413767918944;0.0085590928793;-0.076628023386;-0.0750684431288,1,1,shinbrotPaperBisection,0.0865456722676754,3,46,46,45,5,5;6;6;9;9;10;10;13;13;13;15;15;16;16;16;16;16;17;18;20;20;20;22;22;22;23;24;28;34;36;37;40;40;42;44;45;46;47;47;47;47;51;52;52;59,1519;3038;4557;6076;7595;9114;10633;12152;13671;15190;16709;18228;19747;21266;22785;24304;25823;27342;28861;30380;31899;33418;34937;36456;37975;39494;41013;42532;44051;45570;47089;48608;50127;51646;53165;54684;56203;57722;59241;60760;62279;63798;65317;66836;68355,1.519;3.038;4.557;6.076;7.595;9.114;10.633;12.152;13.671;15.19;16.709;18.228;19.747;21.266;22.785;24.304;25.823;27.342;28.861;30.38;31.899;33.418;34.937;36.456;37.975;39.494;41.013;42.532;44.051;45.57;47.089;48.608;50.127;51.646;53.165;54.684;56.203;57.722;59.241;60.7599999999;62.2789999999;63.7979999999;65.3169999999;66.836;68.355,shinbrotPaperBisection;shinbrotPaperBisection;shinbrotPaperBisection;shinbrotPaperBisection;shinbrotPaperBisection;shinbrotPaperBisection;shinbrotPaperBisection;shinbrotPaperBisection;shinbrotPaperBisection;shinbrotPaperBisection;shinbrotPaperBisection;shinbrotPaperBisection;shinbrotPaperBisection;shinbrotPaperBisection;shinbrotPaperBisection;shinbrotPaperBisection;shinbrotPaperBisection;shinbrotPaperBisection;shinbrotPaperBisection;shinbrotPaperBisection;shinbrotPaperBisection;shinbrotPaperBisection;shinbrotPaperBisection;shinbrotPaperBisection;shinbrotPaperBisection;shinbrotPaperBisection;shinbrotPaperBisection;shinbrotPaperBisection;shinbrotPaperBisection;shinbrotPaperBisection;shinbrotPaperBisection;shinbrotPaperBisection;shinbrotPaperBisection;shinbrotPaperBisection;shinbrotPaperBisection;shinbrotPaperBisection;shinbrotPaperBisection;shinbrotPaperBisection;shinbrotPaperBisection;shinbrotPaperBisection;shinbrotPaperBisection;shinbrotPaperBisection;shinbrotPaperBisection;shinbrotPaperBisection;shinbrotPaperBisection,-0.0697981081903;-0.0308520510793;0.0945762585849;-0.0494451463223;0.0261215597391;-0.0712258547544;-0.0782396748662;-0.0998810470104;-0.0376816689968;0.0913611140102;-0.0877591556869;-0.01231097579;-0.0338288366795;0.0563393138349;0.0446959197521;0.0988680653274;-0.061737331748;0.0260629475117;-0.0701403796673;0.0989157743752;-0.0228918716311;0.000967488437891;-0.0675225436687;0.0915708571672;0.0454529412091;0.0334019482136;-0.0683803856373;NaN;NaN;NaN;NaN;-0.0501398146152;-0.0229226574302;0.0195862844586;-0.079867130518;0.076216552034;0.0839803278446;0.0963869325817;-0.0930248126388;0.0955145612359;-0.0413767918944;NaN;0.0085590928793;-0.076628023386;-0.0750684431288,1519,meanReturnCycleMatched,1.00026818778561,3.08018601424082,10.6488139857592,12.4249900477608,26.921,0,0,1,0,accepted-crossing limit exhausted,129.1409636
0.1,2,195002,paperCycleCadenceRetargetMode,shinbrotPaperBisection,0,NaN,60,76,NaN,93104,0.0865456722676754,0.0272455044090748,0.0865456722677;0.0657495483756;-0.0531765391817;-0.0963897764683;0.095165788196;-0.0648023545742;0.0274514347315;-0.0388961851597;-0.0846623718739;-0.00616824552417;-0.0795971095562;-0.0106963813305;-0.082535725832;0.000695346295834;0.0569804936647;-0.0503104222007;0.00425711534917;-0.03597946316;0.0767727650702;0.0402175039053;0.000201234221458;-0.00865651965141;-0.0128981545568;-0.0776181846857;-0.029551333189;-0.0659779012203;-0.0601391613483;-0.0911522597075;0.0348476022482;-0.0709416050464;-0.0435475021601;-0.0700864255428;-0.0463349565864;0.0126505553722;-0.0101323544979;0.0716628938913;0.0878080099821;0.0835021197796;0.00142434239388;-0.0349358618259;0.0515969097614;0.091874307394;0.087490858091;-0.0393240630627;0.0872315950692;0.0478002935648;-0.00848478674889;-0.0299244225025;-0.0443150579929;0.0729047836736;-0.0839186966419;0.0149916812778;-0.0941629081964;-0.0509936612099;0.0772100348026;0.0992424435914;0.0283362306654;-0.0590953528881;0.0329287439585;0.0272455044091,1,1,shinbrotPaperBisection,0.0865456722676754,3,62,62,61,2,1;4;4;4;4;4;6;7;8;8;8;8;9;9;9;9;9;9;9;9;9;10;11;11;12;13;14;15;15;17;17;17;18;18;22;23;26;27;30;30;32;32;35;36;36;37;37;37;37;42;44;44;45;46;52;53;54;55;55;57;58,1519;3038;4557;6076;7595;9114;10633;12152;13671;15190;16709;18228;19747;21266;22785;24304;25823;27342;28861;30380;31899;33418;34937;36456;37975;39494;41013;42532;44051;45570;47089;48608;50127;51646;53165;54684;56203;57722;59241;60760;62279;63798;65317;66836;68355;69874;71393;72912;74431;75950;77469;78988;80507;82026;83545;85064;86583;88102;89621;91140;92659,1.519;3.038;4.557;6.076;7.595;9.114;10.633;12.152;13.671;15.19;16.709;18.228;19.747;21.266;22.785;24.304;25.823;27.342;28.861;30.38;31.899;33.418;34.937;36.456;37.975;39.494;41.013;42.532;44.051;45.57;47.089;48.608;50.127;51.646;53.165;54.684;56.203;57.722;59.241;60.7599999999;62.2789999999;63.7979999999;65.3169999999;66.836;68.355;69.874;71.393;72.912;74.431;75.95;77.469;78.988;80.507;82.026;83.545;85.064;86.583;88.1020000001;89.6210000001;91.1400000001;92.6590000001,shinbrotPaperBisection;shinbrotPaperBisection;shinbrotPaperBisection;shinbrotPaperBisection;shinbrotPaperBisection;shinbrotPaperBisection;shinbrotPaperBisection;shinbrotPaperBisection;shinbrotPaperBisection;shinbrotPaperBisection;shinbrotPaperBisection;shinbrotPaperBisection;shinbrotPaperBisection;shinbrotPaperBisection;shinbrotPaperBisection;shinbrotPaperBisection;shinbrotPaperBisection;shinbrotPaperBisection;shinbrotPaperBisection;shinbrotPaperBisection;shinbrotPaperBisection;shinbrotPaperBisection;shinbrotPaperBisection;shinbrotPaperBisection;shinbrotPaperBisection;shinbrotPaperBisection;shinbrotPaperBisection;shinbrotPaperBisection;shinbrotPaperBisection;shinbrotPaperBisection;shinbrotPaperBisection;shinbrotPaperBisection;shinbrotPaperBisection;shinbrotPaperBisection;shinbrotPaperBisection;shinbrotPaperBisection;shinbrotPaperBisection;shinbrotPaperBisection;shinbrotPaperBisection;shinbrotPaperBisection;shinbrotPaperBisection;shinbrotPaperBisection;shinbrotPaperBisection;shinbrotPaperBisection;shinbrotPaperBisection;shinbrotPaperBisection;shinbrotPaperBisection;shinbrotPaperBisection;shinbrotPaperBisection;shinbrotPaperBisection;shinbrotPaperBisection;shinbrotPaperBisection;shinbrotPaperBisection;shinbrotPaperBisection;shinbrotPaperBisection;shinbrotPaperBisection;shinbrotPaperBisection;shinbrotPaperBisection;shinbrotPaperBisection;shinbrotPaperBisection;shinbrotPaperBisection,0.0657495483756;-0.0531765391817;-0.0963897764683;0.095165788196;-0.0648023545742;0.0274514347315;-0.0388961851597;-0.0846623718739;-0.00616824552417;-0.0795971095562;-0.0106963813305;-0.082535725832;0.000695346295834;0.0569804936647;-0.0503104222007;0.00425711534917;-0.03597946316;0.0767727650702;0.0402175039053;0.000201234221458;-0.00865651965141;-0.0128981545568;-0.0776181846857;-0.029551333189;-0.0659779012203;-0.0601391613483;-0.0911522597075;0.0348476022482;-0.0709416050464;-0.0435475021601;-0.0700864255428;-0.0463349565864;0.0126505553722;-0.0101323544979;0.0716628938913;0.0878080099821;0.0835021197796;0.00142434239388;-0.0349358618259;0.0515969097614;0.091874307394;0.087490858091;-0.0393240630627;0.0872315950692;0.0478002935648;-0.00848478674889;-0.0299244225025;-0.0443150579929;0.0729047836736;-0.0839186966419;0.0149916812778;-0.0941629081964;NaN;NaN;-0.0509936612099;0.0772100348026;0.0992424435914;0.0283362306654;-0.0590953528881;0.0329287439585;0.0272455044091,1519,meanReturnCycleMatched,1.00026818778561,1.24211859291039,12.4868814070896,16.8098181073547,26.921,0,0,1,0,accepted-crossing limit exhausted,217.5546573
0.1,3,195003,paperCycleCadenceRetargetMode,shinbrotPaperBisection,0,NaN,60,92,NaN,119406,0.0865456722676754,-0.0733137428760529,0.0865456722677;-0.0355375319719;0.0961268670857;-0.0257565960288;0.0392958015203;-0.0202203691006;0.0510810662061;-0.0852867215872;-0.0097921140492;-0.099489492178;-0.0771268188953;-0.0996208610013;-0.0265123307705;0.0125214397907;-0.0263601124287;0.0806054636836;-0.0494570910931;0.0476891978644;-0.0190106451511;-0.0128928586841;0.000142907910049;-0.0962170869112;-0.01891194731;0.0605319179595;-0.0599346421659;0.0849963277578;-0.00150275975466;-0.0945642158389;0.000204819440842;0.00270429700613;0.017050871253;0.00328138768673;-0.0530501045287;-0.0999768572219;-0.0444892093539;-0.095487588644;-0.0233025416732;-0.0924321472645;0.0968831006787;0.0988415047526;0.0944142475724;0.0955515548587;-0.0327163517475;-0.0436577633023;0.0306135356426;0.0587034761906;0.0519610054791;-0.0261360943317;-0.0557730119675;-0.0852273285389;-0.0164543926716;0.0245498150587;0.0783143119421;-0.0106290757656;0.0569569647312;-0.0907864004374;0.0983845241368;0.034375538677;-0.0211604580283;0.0972490657121;-0.0669395387173;0.0626545965672;-0.0322356656194;0.0160220533609;-0.0290117204189;0.0959677055478;-0.00591359795071;0.0368419180624;0.0588053882122;-0.0018838616088;0.0890845447779;0.05034051314;-0.099154086411;0.0952135479078;-0.0753402531147;-0.0733137428761,1,1,shinbrotPaperBisection,0.0865456722676754,3,79,79,78,3,0;2;3;3;3;3;3;7;8;10;11;12;12;12;12;12;15;17;17;18;20;21;21;21;23;25;25;25;26;28;28;28;28;28;29;32;33;33;36;36;38;41;43;44;44;44;45;45;46;47;48;49;49;49;49;49;49;49;49;51;52;52;54;55;55;55;56;56;56;57;58;58;58;58;58;58;59;59,1519;3038;4557;6076;7595;9114;10633;12152;13671;15190;16709;18228;19747;21266;22785;24304;25823;27342;28861;30380;31899;33418;34937;36456;37975;39494;41013;42532;44051;45570;47089;48608;50127;51646;53165;54684;56203;57722;59241;60760;62279;63798;65317;66836;68355;69874;71393;72912;74431;75950;77469;78988;80507;82026;83545;85064;86583;88102;89621;91140;92659;94178;95697;97216;98735;100254;101773;103292;104811;106330;107849;109368;110887;112406;113925;115444;116963;118482,1.519;3.038;4.557;6.076;7.595;9.114;10.633;12.152;13.671;15.19;16.709;18.228;19.747;21.266;22.785;24.304;25.823;27.342;28.861;30.38;31.899;33.418;34.937;36.456;37.975;39.494;41.013;42.532;44.051;45.57;47.089;48.608;50.127;51.646;53.165;54.684;56.203;57.722;59.241;60.7599999999;62.2789999999;63.7979999999;65.3169999999;66.836;68.355;69.874;71.393;72.912;74.431;75.95;77.469;78.988;80.507;82.026;83.545;85.064;86.583;88.1020000001;89.6210000001;91.1400000001;92.6590000001;94.1780000001;95.6970000001;97.2160000001;98.7350000001;100.254;101.773;103.292;104.811;106.33;107.849;109.368;110.887;112.406;113.925;115.444;116.963;118.482,shinbrotPaperBisection;shinbrotPaperBisection;shinbrotPaperBisection;shinbrotPaperBisection;shinbrotPaperBisection;shinbrotPaperBisection;shinbrotPaperBisection;shinbrotPaperBisection;shinbrotPaperBisection;shinbrotPaperBisection;shinbrotPaperBisection;shinbrotPaperBisection;shinbrotPaperBisection;shinbrotPaperBisection;shinbrotPaperBisection;shinbrotPaperBisection;shinbrotPaperBisection;shinbrotPaperBisection;shinbrotPaperBisection;shinbrotPaperBisection;shinbrotPaperBisection;shinbrotPaperBisection;shinbrotPaperBisection;shinbrotPaperBisection;shinbrotPaperBisection;shinbrotPaperBisection;shinbrotPaperBisection;shinbrotPaperBisection;shinbrotPaperBisection;shinbrotPaperBisection;shinbrotPaperBisection;shinbrotPaperBisection;shinbrotPaperBisection;shinbrotPaperBisection;shinbrotPaperBisection;shinbrotPaperBisection;shinbrotPaperBisection;shinbrotPaperBisection;shinbrotPaperBisection;shinbrotPaperBisection;shinbrotPaperBisection;shinbrotPaperBisection;shinbrotPaperBisection;shinbrotPaperBisection;shinbrotPaperBisection;shinbrotPaperBisection;shinbrotPaperBisection;shinbrotPaperBisection;shinbrotPaperBisection;shinbrotPaperBisection;shinbrotPaperBisection;shinbrotPaperBisection;shinbrotPaperBisection;shinbrotPaperBisection;shinbrotPaperBisection;shinbrotPaperBisection;shinbrotPaperBisection;shinbrotPaperBisection;shinbrotPaperBisection;shinbrotPaperBisection;shinbrotPaperBisection;shinbrotPaperBisection;shinbrotPaperBisection;shinbrotPaperBisection;shinbrotPaperBisection;shinbrotPaperBisection;shinbrotPaperBisection;shinbrotPaperBisection;shinbrotPaperBisection;shinbrotPaperBisection;shinbrotPaperBisection;shinbrotPaperBisection;shinbrotPaperBisection;shinbrotPaperBisection;shinbrotPaperBisection;shinbrotPaperBisection;shinbrotPaperBisection;shinbrotPaperBisection,-0.0355375319719;0.0961268670857;-0.0257565960288;0.0392958015203;-0.0202203691006;0.0510810662061;-0.0852867215872;NaN;NaN;-0.0097921140492;-0.099489492178;-0.0771268188953;-0.0996208610013;-0.0265123307705;0.0125214397907;-0.0263601124287;0.0806054636836;-0.0494570910931;0.0476891978644;-0.0190106451511;-0.0128928586841;0.000142907910049;-0.0962170869112;-0.01891194731;0.0605319179595;-0.0599346421659;0.0849963277578;-0.00150275975466;-0.0945642158389;0.000204819440842;0.00270429700613;0.017050871253;0.00328138768673;-0.0530501045287;-0.0999768572219;-0.0444892093539;-0.095487588644;-0.0233025416732;-0.0924321472645;0.0968831006787;0.0988415047526;0.0944142475724;0.0955515548587;-0.0327163517475;-0.0436577633023;0.0306135356426;NaN;0.0587034761906;0.0519610054791;-0.0261360943317;-0.0557730119675;-0.0852273285389;-0.0164543926716;0.0245498150587;0.0783143119421;-0.0106290757656;0.0569569647312;-0.0907864004374;0.0983845241368;0.034375538677;-0.0211604580283;0.0972490657121;-0.0669395387173;0.0626545965672;-0.0322356656194;0.0160220533609;-0.0290117204189;0.0959677055478;-0.00591359795071;0.0368419180624;0.0588053882122;-0.0018838616088;0.0890845447779;0.05034051314;-0.099154086411;0.0952135479078;-0.0753402531147;-0.0733137428761,1519,meanReturnCycleMatched,1.00026818778561,0.31989223881887,13.4091077611811,20.186369573643,26.921,0,0,1,0,accepted-crossing limit exhausted,292.7784652
0.1,4,195004,paperCycleCadenceRetargetMode,shinbrotPaperBisection,0,NaN,60,87,NaN,107059,0.0865456722676754,0.0139742881059647,0.0865456722677;-0.0961533352733;-0.0748306572437;0.0795752346516;0.0579927712679;0.0174356146716;-0.0122395470738;0.0942602965981;0.0925572719425;-0.0981231831014;-0.00674857646227;0.0652663856745;-0.0499949470162;0.0260495312512;0.0361558616161;-0.0697165429592;0.0455007124692;-0.0917015090585;0.0187396377325;-0.00197944976389;0.0532655894756;-0.00597105519846;-0.0680981971323;-0.0390428721905;-0.0212701037526;0.00470255017281;-0.0556243024766;-0.0238555848598;0.0777296420187;0.0278224647045;-0.00222423151135;0.0973384287208;0.0580322444439;0.0251488083508;-0.098853629455;0.0778123024851;0.0539274051785;-0.07257809937;0.0508600514382;-0.0384007871151;-0.00235280767083;0.0517494291067;0.0915746526793;0.0970050875098;-0.000307769328356;-0.043931029737;0.00246633589268;-0.0826366275549;-0.0122800544836;-0.0647335469723;0.0821760104969;0.0996288716793;-0.000797818042338;0.0703534305096;0.076939775236;-0.0851321041584;0.0933010295033;0.019500130415;0.0952420018613;0.0905535191065;-0.00677323192358;0.0346270179376;0.0794082939625;-0.0914210259914;0.0705364137888;-0.0963672220707;0.0635359747335;0.013974288106,1,1,shinbrotPaperBisection,0.0865456722676754,3,71,71,70,3,2;3;5;7;8;10;10;12;15;15;17;19;21;21;22;23;23;26;27;28;28;29;29;29;29;29;30;30;31;33;35;36;36;37;37;37;37;37;38;39;41;41;41;42;42;42;42;42;42;43;43;43;43;44;45;45;46;47;48;48;49;53;54;54;54;54;55;57;58;58,1519;3038;4557;6076;7595;9114;10633;12152;13671;15190;16709;18228;19747;21266;22785;24304;25823;27342;28861;30380;31899;33418;34937;36456;37975;39494;41013;42532;44051;45570;47089;48608;50127;51646;53165;54684;56203;57722;59241;60760;62279;63798;65317;66836;68355;69874;71393;72912;74431;75950;77469;78988;80507;82026;83545;85064;86583;88102;89621;91140;92659;94178;95697;97216;98735;100254;101773;103292;104811;106330,1.519;3.038;4.557;6.076;7.595;9.114;10.633;12.152;13.671;15.19;16.709;18.228;19.747;21.266;22.785;24.304;25.823;27.342;28.861;30.38;31.899;33.418;34.937;36.456;37.975;39.494;41.013;42.532;44.051;45.57;47.089;48.608;50.127;51.646;53.165;54.684;56.203;57.722;59.241;60.7599999999;62.2789999999;63.7979999999;65.3169999999;66.836;68.355;69.874;71.393;72.912;74.431;75.95;77.469;78.988;80.507;82.026;83.545;85.064;86.583;88.1020000001;89.6210000001;91.1400000001;92.6590000001;94.1780000001;95.6970000001;97.2160000001;98.7350000001;100.254;101.773;103.292;104.811;106.33,shinbrotPaperBisection;shinbrotPaperBisection;shinbrotPaperBisection;shinbrotPaperBisection;shinbrotPaperBisection;shinbrotPaperBisection;shinbrotPaperBisection;shinbrotPaperBisection;shinbrotPaperBisection;shinbrotPaperBisection;shinbrotPaperBisection;shinbrotPaperBisection;shinbrotPaperBisection;shinbrotPaperBisection;shinbrotPaperBisection;shinbrotPaperBisection;shinbrotPaperBisection;shinbrotPaperBisection;shinbrotPaperBisection;shinbrotPaperBisection;shinbrotPaperBisection;shinbrotPaperBisection;shinbrotPaperBisection;shinbrotPaperBisection;shinbrotPaperBisection;shinbrotPaperBisection;shinbrotPaperBisection;shinbrotPaperBisection;shinbrotPaperBisection;shinbrotPaperBisection;shinbrotPaperBisection;shinbrotPaperBisection;shinbrotPaperBisection;shinbrotPaperBisection;shinbrotPaperBisection;shinbrotPaperBisection;shinbrotPaperBisection;shinbrotPaperBisection;shinbrotPaperBisection;shinbrotPaperBisection;shinbrotPaperBisection;shinbrotPaperBisection;shinbrotPaperBisection;shinbrotPaperBisection;shinbrotPaperBisection;shinbrotPaperBisection;shinbrotPaperBisection;shinbrotPaperBisection;shinbrotPaperBisection;shinbrotPaperBisection;shinbrotPaperBisection;shinbrotPaperBisection;shinbrotPaperBisection;shinbrotPaperBisection;shinbrotPaperBisection;shinbrotPaperBisection;shinbrotPaperBisection;shinbrotPaperBisection;shinbrotPaperBisection;shinbrotPaperBisection;shinbrotPaperBisection;shinbrotPaperBisection;shinbrotPaperBisection;shinbrotPaperBisection;shinbrotPaperBisection;shinbrotPaperBisection;shinbrotPaperBisection;shinbrotPaperBisection;shinbrotPaperBisection;shinbrotPaperBisection,-0.0961533352733;-0.0748306572437;0.0795752346516;NaN;0.0579927712679;0.0174356146716;NaN;-0.0122395470738;0.0942602965981;0.0925572719425;-0.0981231831014;-0.00674857646227;0.0652663856745;-0.0499949470162;0.0260495312512;NaN;0.0361558616161;-0.0697165429592;0.0455007124692;-0.0917015090585;0.0187396377325;-0.00197944976389;0.0532655894756;-0.00597105519846;-0.0680981971323;-0.0390428721905;-0.0212701037526;0.00470255017281;-0.0556243024766;-0.0238555848598;0.0777296420187;0.0278224647045;-0.00222423151135;0.0973384287208;0.0580322444439;0.0251488083508;-0.098853629455;0.0778123024851;0.0539274051785;-0.07257809937;0.0508600514382;-0.0384007871151;-0.00235280767083;0.0517494291067;0.0915746526793;0.0970050875098;-0.000307769328356;-0.043931029737;0.00246633589268;-0.0826366275549;-0.0122800544836;-0.0647335469723;0.0821760104969;0.0996288716793;-0.000797818042338;0.0703534305096;0.076939775236;-0.0851321041584;0.0933010295033;0.019500130415;0.0952420018613;0.0905535191065;-0.00677323192358;0.0346270179376;0.0794082939625;-0.0914210259914;0.0705364137888;-0.0963672220707;0.0635359747335;0.013974288106,1519,meanReturnCycleMatched,1.00026818778561,1.58384386777248,12.1451561322275,14.2266402002155,26.921,0,0,1,0,accepted-crossing limit exhausted,278.0337443
0.1,5,195005,paperCycleCadenceRetargetMode,shinbrotPaperBisection,0,NaN,60,59,NaN,83916,0.0865456722676754,0.0930738121271134,0.0865456722677;0.0672386780381;0.0792356792837;0.0127558166161;0.0441251844168;-0.0546645611525;0.0446158707142;-0.0330450356007;-0.053029435873;0.00552825778723;0.0522806823254;0.0648695528507;0.055088955164;-0.0245464816689;-0.0194521605968;-0.0743284165859;-0.0681328475475;0.08293550089;0.0425224516541;0.0821501091123;0.0988189581782;-0.0829421460629;0.076426102221;0.0240065397695;-0.01763240695;-0.0240383803844;0.0995835938957;-0.0466345012188;-0.0241749107838;-0.0634304821491;0.0397986799479;0.093202072382;-0.095868807286;0.0244879225269;0.0937442692928;0.065312050283;-0.047353130579;0.0174651935697;-0.0995573233813;0.0625624075532;-0.00104735717177;0.0832615055144;0.0881364099681;0.0895023047924;-0.091962018609;-0.0782969295979;-0.0536558330059;0.0865016639233;0.0128462135792;0.0246521259658;0.089507009089;-0.0246789991856;-0.0177070558071;0.00347577929497;0.0930738121271,1,1,shinbrotPaperBisection,0.0865456722676754,3,56,56,55,1,4;6;6;7;8;8;8;8;8;8;13;15;19;19;23;23;24;25;25;25;25;25;25;26;28;28;28;28;28;28;29;31;31;31;34;36;38;39;41;41;42;45;49;50;50;51;51;52;53;55;55;57;58;59;59,1519;3038;4557;6076;7595;9114;10633;12152;13671;15190;16709;18228;19747;21266;22785;24304;25823;27342;28861;30380;31899;33418;34937;36456;37975;39494;41013;42532;44051;45570;47089;48608;50127;51646;53165;54684;56203;57722;59241;60760;62279;63798;65317;66836;68355;69874;71393;72912;74431;75950;77469;78988;80507;82026;83545,1.519;3.038;4.557;6.076;7.595;9.114;10.633;12.152;13.671;15.19;16.709;18.228;19.747;21.266;22.785;24.304;25.823;27.342;28.861;30.38;31.899;33.418;34.937;36.456;37.975;39.494;41.013;42.532;44.051;45.57;47.089;48.608;50.127;51.646;53.165;54.684;56.203;57.722;59.241;60.7599999999;62.2789999999;63.7979999999;65.3169999999;66.836;68.355;69.874;71.393;72.912;74.431;75.95;77.469;78.988;80.507;82.026;83.545,shinbrotPaperBisection;shinbrotPaperBisection;shinbrotPaperBisection;shinbrotPaperBisection;shinbrotPaperBisection;shinbrotPaperBisection;shinbrotPaperBisection;shinbrotPaperBisection;shinbrotPaperBisection;shinbrotPaperBisection;shinbrotPaperBisection;shinbrotPaperBisection;shinbrotPaperBisection;shinbrotPaperBisection;shinbrotPaperBisection;shinbrotPaperBisection;shinbrotPaperBisection;shinbrotPaperBisection;shinbrotPaperBisection;shinbrotPaperBisection;shinbrotPaperBisection;shinbrotPaperBisection;shinbrotPaperBisection;shinbrotPaperBisection;shinbrotPaperBisection;shinbrotPaperBisection;shinbrotPaperBisection;shinbrotPaperBisection;shinbrotPaperBisection;shinbrotPaperBisection;shinbrotPaperBisection;shinbrotPaperBisection;shinbrotPaperBisection;shinbrotPaperBisection;shinbrotPaperBisection;shinbrotPaperBisection;shinbrotPaperBisection;shinbrotPaperBisection;shinbrotPaperBisection;shinbrotPaperBisection;shinbrotPaperBisection;shinbrotPaperBisection;shinbrotPaperBisection;shinbrotPaperBisection;shinbrotPaperBisection;shinbrotPaperBisection;shinbrotPaperBisection;shinbrotPaperBisection;shinbrotPaperBisection;shinbrotPaperBisection;shinbrotPaperBisection;shinbrotPaperBisection;shinbrotPaperBisection;shinbrotPaperBisection;shinbrotPaperBisection,0.0672386780381;0.0792356792837;0.0127558166161;0.0441251844168;-0.0546645611525;0.0446158707142;-0.0330450356007;-0.053029435873;0.00552825778723;NaN;0.0522806823254;0.0648695528507;0.055088955164;-0.0245464816689;-0.0194521605968;-0.0743284165859;-0.0681328475475;0.08293550089;0.0425224516541;0.0821501091123;0.0988189581782;-0.0829421460629;0.076426102221;0.0240065397695;-0.01763240695;-0.0240383803844;0.0995835938957;-0.0466345012188;-0.0241749107838;-0.0634304821491;0.0397986799479;0.093202072382;-0.095868807286;0.0244879225269;0.0937442692928;0.065312050283;-0.047353130579;0.0174651935697;-0.0995573233813;0.0625624075532;-0.00104735717177;0.0832615055144;0.0881364099681;0.0895023047924;-0.091962018609;-0.0782969295979;-0.0536558330059;0.0865016639233;0.0128462135792;0.0246521259658;0.089507009089;-0.0246789991856;-0.0177070558071;0.00347577929497;0.0930738121271,1519,meanReturnCycleMatched,1.00026818778561,0.507970429266443,13.2210295707336,16.4474313296034,26.921,0,0,1,0,accepted-crossing limit exhausted,200.3139074
0.1,6,195006,paperCycleCadenceRetargetMode,shinbrotPaperBisection,0,NaN,60,65,NaN,93267,0.0865456722676754,0.0940815970301628,0.0865456722677;-0.0835429012775;0.0929401010275;0.0769009187818;0.0747565090656;-0.0155899122357;0.0786016315222;0.0679323513061;0.0439900836442;0.0882965572178;-0.0877875864506;0.00813087522984;0.0499378598528;-0.0633185446262;0.0476561696269;-0.00283422395587;-0.0568135350943;0.0493944434449;-0.0499328568578;-0.0602728784084;-0.0438883167226;0.0259713441133;-0.000825177505612;0.0862420737743;-0.067751070857;0.0583010703325;0.0659006267786;0.0494160509668;-0.0899543225765;0.0492319971323;0.0772341076285;-0.0748920053244;-0.0337652102113;0.038100501895;0.023310845159;0.0884714044631;-0.00439601540565;-0.0120563924313;-0.0841210097075;0.0211239427328;-0.00871240496635;0.0856622159481;-0.0113717451692;0.044357459899;-0.00115051865578;-0.0126145347953;0.0419591575861;-0.0312294661999;-0.0146838709712;0.0994517833926;-0.0173364818096;-0.0629800856113;-0.0135968521237;0.0234009474516;0.0446127563715;0.0907049804926;-0.0808768093586;0.0335374206305;-0.0287259785458;-0.0769446844235;0.0469402240589;0.0940815970302,1,1,shinbrotPaperBisection,0.0865456722676754,3,62,62,61,0,2;3;6;7;8;9;9;9;9;10;10;10;10;10;12;14;14;14;14;15;15;19;20;20;21;22;22;22;22;22;23;24;25;25;28;30;30;30;30;31;31;31;32;32;32;33;37;38;40;43;44;46;46;46;47;47;50;53;54;56;58,1519;3038;4557;6076;7595;9114;10633;12152;13671;15190;16709;18228;19747;21266;22785;24304;25823;27342;28861;30380;31899;33418;34937;36456;37975;39494;41013;42532;44051;45570;47089;48608;50127;51646;53165;54684;56203;57722;59241;60760;62279;63798;65317;66836;68355;69874;71393;72912;74431;75950;77469;78988;80507;82026;83545;85064;86583;88102;89621;91140;92659,1.519;3.038;4.557;6.076;7.595;9.114;10.633;12.152;13.671;15.19;16.709;18.228;19.747;21.266;22.785;24.304;25.823;27.342;28.861;30.38;31.899;33.418;34.937;36.456;37.975;39.494;41.013;42.532;44.051;45.57;47.089;48.608;50.127;51.646;53.165;54.684;56.203;57.722;59.241;60.7599999999;62.2789999999;63.7979999999;65.3169999999;66.836;68.355;69.874;71.393;72.912;74.431;75.95;77.469;78.988;80.507;82.026;83.545;85.064;86.583;88.1020000001;89.6210000001;91.1400000001;92.6590000001,shinbrotPaperBisection;shinbrotPaperBisection;shinbrotPaperBisection;shinbrotPaperBisection;shinbrotPaperBisection;shinbrotPaperBisection;shinbrotPaperBisection;shinbrotPaperBisection;shinbrotPaperBisection;shinbrotPaperBisection;shinbrotPaperBisection;shinbrotPaperBisection;shinbrotPaperBisection;shinbrotPaperBisection;shinbrotPaperBisection;shinbrotPaperBisection;shinbrotPaperBisection;shinbrotPaperBisection;shinbrotPaperBisection;shinbrotPaperBisection;shinbrotPaperBisection;shinbrotPaperBisection;shinbrotPaperBisection;shinbrotPaperBisection;shinbrotPaperBisection;shinbrotPaperBisection;shinbrotPaperBisection;shinbrotPaperBisection;shinbrotPaperBisection;shinbrotPaperBisection;shinbrotPaperBisection;shinbrotPaperBisection;shinbrotPaperBisection;shinbrotPaperBisection;shinbrotPaperBisection;shinbrotPaperBisection;shinbrotPaperBisection;shinbrotPaperBisection;shinbrotPaperBisection;shinbrotPaperBisection;shinbrotPaperBisection;shinbrotPaperBisection;shinbrotPaperBisection;shinbrotPaperBisection;shinbrotPaperBisection;shinbrotPaperBisection;shinbrotPaperBisection;shinbrotPaperBisection;shinbrotPaperBisection;shinbrotPaperBisection;shinbrotPaperBisection;shinbrotPaperBisection;shinbrotPaperBisection;shinbrotPaperBisection;shinbrotPaperBisection;shinbrotPaperBisection;shinbrotPaperBisection;shinbrotPaperBisection;shinbrotPaperBisection;shinbrotPaperBisection;shinbrotPaperBisection,-0.0835429012775;0.0929401010275;0.0769009187818;0.0747565090656;-0.0155899122357;0.0786016315222;0.0679323513061;0.0439900836442;0.0882965572178;-0.0877875864506;0.00813087522984;0.0499378598528;-0.0633185446262;0.0476561696269;-0.00283422395587;-0.0568135350943;0.0493944434449;-0.0499328568578;-0.0602728784084;-0.0438883167226;0.0259713441133;-0.000825177505612;0.0862420737743;-0.067751070857;0.0583010703325;0.0659006267786;0.0494160509668;-0.0899543225765;0.0492319971323;0.0772341076285;-0.0748920053244;-0.0337652102113;0.038100501895;0.023310845159;0.0884714044631;-0.00439601540565;-0.0120563924313;-0.0841210097075;0.0211239427328;-0.00871240496635;0.0856622159481;-0.0113717451692;0.044357459899;-0.00115051865578;-0.0126145347953;0.0419591575861;-0.0312294661999;-0.0146838709712;0.0994517833926;-0.0173364818096;-0.0629800856113;-0.0135968521237;0.0234009474516;0.0446127563715;0.0907049804926;-0.0808768093586;0.0335374206305;-0.0287259785458;-0.0769446844235;0.0469402240589;0.0940815970302,1519,meanReturnCycleMatched,1.00026818778561,2.78379133632435,10.9452086636757,12.1990007578841,26.921,0,0,1,0,accepted-crossing limit exhausted,238.7540252
0.1,7,195007,paperCycleCadenceRetargetMode,shinbrotPaperBisection,0,NaN,60,60,NaN,89502,0.0865456722676754,0.0256719119846821,0.0865456722677;-0.0483053179458;-0.0749110043049;0.0299141317606;0.00605535805225;0.0619117504917;0.0738273974508;0.0730854094028;-0.0450321376324;0.0737689390779;-0.0147258460522;0.0136472761631;0.0655207380652;-0.0977815967053;0.0466401588172;0.0534822974354;0.0532436102629;0.00773859620094;-0.0496932208538;-0.0349330723286;0.0136274367571;0.0749385267496;-0.0373664557934;-0.0546863757074;0.0832521036267;-0.0746378961951;0.0948090720922;-0.00379566811025;-0.00843126922846;-0.0364375293255;-0.0868288427591;0.0804894402623;0.0100015819073;-0.0688867509365;0.0969802787527;-0.0758979618549;0.0425087243319;-0.0620425879955;-0.0978081539273;-0.0998795006424;-0.0616122305393;-0.0961460068822;0.00699848532677;-0.053486046195;-0.0390159741044;0.00853397548199;-0.018207269907;-0.0133233606815;-0.02483407408;0.0246659785509;-0.0987545616925;-0.0831506416202;-0.0546926319599;-0.0791423127055;0.0233997613192;0.0888155192137;0.0256719119847,1,1,shinbrotPaperBisection,0.0865456722676754,3,59,59,58,2,0;3;6;7;7;7;7;7;9;10;11;12;12;13;13;16;17;19;20;20;21;21;21;21;21;22;23;23;27;27;27;27;29;30;31;31;35;37;39;40;41;44;44;46;46;47;47;48;48;48;49;52;53;54;57;57;59;59,1519;3038;4557;6076;7595;9114;10633;12152;13671;15190;16709;18228;19747;21266;22785;24304;25823;27342;28861;30380;31899;33418;34937;36456;37975;39494;41013;42532;44051;45570;47089;48608;50127;51646;53165;54684;56203;57722;59241;60760;62279;63798;65317;66836;68355;69874;71393;72912;74431;75950;77469;78988;80507;82026;83545;85064;86583;88102,1.519;3.038;4.557;6.076;7.595;9.114;10.633;12.152;13.671;15.19;16.709;18.228;19.747;21.266;22.785;24.304;25.823;27.342;28.861;30.38;31.899;33.418;34.937;36.456;37.975;39.494;41.013;42.532;44.051;45.57;47.089;48.608;50.127;51.646;53.165;54.684;56.203;57.722;59.241;60.7599999999;62.2789999999;63.7979999999;65.3169999999;66.836;68.355;69.874;71.393;72.912;74.431;75.95;77.469;78.988;80.507;82.026;83.545;85.064;86.583;88.1020000001,shinbrotPaperBisection;shinbrotPaperBisection;shinbrotPaperBisection;shinbrotPaperBisection;shinbrotPaperBisection;shinbrotPaperBisection;shinbrotPaperBisection;shinbrotPaperBisection;shinbrotPaperBisection;shinbrotPaperBisection;shinbrotPaperBisection;shinbrotPaperBisection;shinbrotPaperBisection;shinbrotPaperBisection;shinbrotPaperBisection;shinbrotPaperBisection;shinbrotPaperBisection;shinbrotPaperBisection;shinbrotPaperBisection;shinbrotPaperBisection;shinbrotPaperBisection;shinbrotPaperBisection;shinbrotPaperBisection;shinbrotPaperBisection;shinbrotPaperBisection;shinbrotPaperBisection;shinbrotPaperBisection;shinbrotPaperBisection;shinbrotPaperBisection;shinbrotPaperBisection;shinbrotPaperBisection;shinbrotPaperBisection;shinbrotPaperBisection;shinbrotPaperBisection;shinbrotPaperBisection;shinbrotPaperBisection;shinbrotPaperBisection;shinbrotPaperBisection;shinbrotPaperBisection;shinbrotPaperBisection;shinbrotPaperBisection;shinbrotPaperBisection;shinbrotPaperBisection;shinbrotPaperBisection;shinbrotPaperBisection;shinbrotPaperBisection;shinbrotPaperBisection;shinbrotPaperBisection;shinbrotPaperBisection;shinbrotPaperBisection;shinbrotPaperBisection;shinbrotPaperBisection;shinbrotPaperBisection;shinbrotPaperBisection;shinbrotPaperBisection;shinbrotPaperBisection;shinbrotPaperBisection;shinbrotPaperBisection,-0.0483053179458;-0.0749110043049;0.0299141317606;0.00605535805225;0.0619117504917;0.0738273974508;0.0730854094028;-0.0450321376324;0.0737689390779;-0.0147258460522;0.0136472761631;0.0655207380652;-0.0977815967053;0.0466401588172;0.0534822974354;0.0532436102629;0.00773859620094;-0.0496932208538;-0.0349330723286;0.0136274367571;0.0749385267496;-0.0373664557934;-0.0546863757074;0.0832521036267;-0.0746378961951;0.0948090720922;-0.00379566811025;-0.00843126922846;-0.0364375293255;-0.0868288427591;0.0804894402623;0.0100015819073;-0.0688867509365;0.0969802787527;-0.0758979618549;0.0425087243319;-0.0620425879955;-0.0978081539273;-0.0998795006424;-0.0616122305393;-0.0961460068822;0.00699848532677;-0.053486046195;-0.0390159741044;0.00853397548199;-0.018207269907;-0.0133233606815;-0.02483407408;0.0246659785509;NaN;NaN;-0.0987545616925;-0.0831506416202;-0.0546926319599;-0.0791423127055;0.0233997613192;0.0888155192137;0.0256719119847,1519,meanReturnCycleMatched,1.00026818778561,2.71358596408795,11.0154140359121,14.9612835255544,26.921,0,0,1,0,accepted-crossing limit exhausted,214.6763054
0.1,8,195008,paperCycleCadenceRetargetMode,shinbrotPaperBisection,0,NaN,60,58,NaN,69331,0.0865456722676754,-0.0742473319172859,0.0865456722677;-0.0200741589069;0.0993272341788;0.065691505;-0.00905513167381;-0.0896670281887;0.0363928072155;0.0901907622814;-0.0719320237637;-0.0588713943958;0.0134531766176;-0.0598515450954;0.0320494323969;0.0515426818281;-0.0213881909847;0.0846589731053;0.0479529913515;0.0995459169149;0.0441204655915;-0.00694451853633;0.0265346132219;0.00805356949568;0.0951374582946;0.0991251963307;-0.0799614831805;-0.0281499445438;-0.0854501068592;-0.0467266309541;-0.0877615600824;0.0117736876011;0.0520748227835;-0.0760824972764;0.022900434956;-0.0336203992367;0.0058288872242;0.0629295527935;0.0416506737471;0.0468849683064;-0.0320769011974;-0.0157706916332;-0.0246590480208;-0.00940455943346;0.039498013258;-0.0191444739699;-0.0742473319173,1,1,shinbrotPaperBisection,0.0865456722676754,3,46,46,45,1,1;2;2;3;5;6;8;9;9;11;12;13;13;13;15;16;21;24;26;28;31;32;35;35;36;40;42;44;47;50;51;54;55;55;55;56;56;56;56;56;56;56;56;56;57,1519;3038;4557;6076;7595;9114;10633;12152;13671;15190;16709;18228;19747;21266;22785;24304;25823;27342;28861;30380;31899;33418;34937;36456;37975;39494;41013;42532;44051;45570;47089;48608;50127;51646;53165;54684;56203;57722;59241;60760;62279;63798;65317;66836;68355,1.519;3.038;4.557;6.076;7.595;9.114;10.633;12.152;13.671;15.19;16.709;18.228;19.747;21.266;22.785;24.304;25.823;27.342;28.861;30.38;31.899;33.418;34.937;36.456;37.975;39.494;41.013;42.532;44.051;45.57;47.089;48.608;50.127;51.646;53.165;54.684;56.203;57.722;59.241;60.7599999999;62.2789999999;63.7979999999;65.3169999999;66.836;68.355,shinbrotPaperBisection;shinbrotPaperBisection;shinbrotPaperBisection;shinbrotPaperBisection;shinbrotPaperBisection;shinbrotPaperBisection;shinbrotPaperBisection;shinbrotPaperBisection;shinbrotPaperBisection;shinbrotPaperBisection;shinbrotPaperBisection;shinbrotPaperBisection;shinbrotPaperBisection;shinbrotPaperBisection;shinbrotPaperBisection;shinbrotPaperBisection;shinbrotPaperBisection;shinbrotPaperBisection;shinbrotPaperBisection;shinbrotPaperBisection;shinbrotPaperBisection;shinbrotPaperBisection;shinbrotPaperBisection;shinbrotPaperBisection;shinbrotPaperBisection;shinbrotPaperBisection;shinbrotPaperBisection;shinbrotPaperBisection;shinbrotPaperBisection;shinbrotPaperBisection;shinbrotPaperBisection;shinbrotPaperBisection;shinbrotPaperBisection;shinbrotPaperBisection;shinbrotPaperBisection;shinbrotPaperBisection;shinbrotPaperBisection;shinbrotPaperBisection;shinbrotPaperBisection;shinbrotPaperBisection;shinbrotPaperBisection;shinbrotPaperBisection;shinbrotPaperBisection;shinbrotPaperBisection;shinbrotPaperBisection,-0.0200741589069;0.0993272341788;0.065691505;-0.00905513167381;-0.0896670281887;0.0363928072155;0.0901907622814;-0.0719320237637;-0.0588713943958;0.0134531766176;-0.0598515450954;0.0320494323969;0.0515426818281;-0.0213881909847;0.0846589731053;0.0479529913515;0.0995459169149;0.0441204655915;-0.00694451853633;0.0265346132219;NaN;0.00805356949568;0.0951374582946;0.0991251963307;-0.0799614831805;-0.0281499445438;-0.0854501068592;-0.0467266309541;-0.0877615600824;0.0117736876011;0.0520748227835;-0.0760824972764;0.022900434956;-0.0336203992367;0.0058288872242;0.0629295527935;0.0416506737471;0.0468849683064;-0.0320769011974;-0.0157706916332;-0.0246590480208;-0.00940455943346;0.039498013258;-0.0191444739699;-0.0742473319173,1519,meanReturnCycleMatched,1.00026818778561,4.06029153335357,9.66870846664643,12.0323380918926,26.921,0,0,1,0,accepted-crossing limit exhausted,180.4874176
0.1,9,195009,paperCycleCadenceRetargetMode,shinbrotPaperBisection,0,NaN,60,67,NaN,75314,0.0865456722676754,-0.0338264405727387,0.0865456722677;0.0118449389935;-0.0887447059155;-0.0339067280293;-0.0341695129871;0.0277487453073;0.0380267053843;-0.0434790194035;0.0826372973621;0.0731228247285;0.0058356910944;-0.024366261065;0.0931867004372;0.0710764557123;0.000417612679303;-0.0897622779012;-0.0713858973235;-0.0682926118374;0.00783331692219;-0.0928201690316;0.0986841429025;-0.0829793512821;0.0476309981197;-0.0877995878458;0.053298291564;-0.0101664714515;-0.0454934701324;0.05070722932;0.00914028286934;-0.0147805273533;-0.00580598711967;-0.0501832108246;0.0597782224417;0.0966311872005;0.00301883667707;0.0146026223898;-0.096729080379;0.0935293495655;-0.00868701338768;0.0373444230296;-0.016206432879;-0.00290238261223;0.0812403090298;0.0109430506825;0.099045660533;0.0760452894494;0.0851731030853;-0.0338264405727,1,1,shinbrotPaperBisection,0.0865456722676754,3,50,50,49,2,0;0;3;6;10;10;11;11;11;12;13;16;17;18;21;23;24;25;25;25;26;31;34;38;39;39;39;39;40;40;40;41;41;42;42;42;42;44;46;46;46;47;49;49;51;52;55;58;58,1519;3038;4557;6076;7595;9114;10633;12152;13671;15190;16709;18228;19747;21266;22785;24304;25823;27342;28861;30380;31899;33418;34937;36456;37975;39494;41013;42532;44051;45570;47089;48608;50127;51646;53165;54684;56203;57722;59241;60760;62279;63798;65317;66836;68355;69874;71393;72912;74431,1.519;3.038;4.557;6.076;7.595;9.114;10.633;12.152;13.671;15.19;16.709;18.228;19.747;21.266;22.785;24.304;25.823;27.342;28.861;30.38;31.899;33.418;34.937;36.456;37.975;39.494;41.013;42.532;44.051;45.57;47.089;48.608;50.127;51.646;53.165;54.684;56.203;57.722;59.241;60.7599999999;62.2789999999;63.7979999999;65.3169999999;66.836;68.355;69.874;71.393;72.912;74.431,shinbrotPaperBisection;shinbrotPaperBisection;shinbrotPaperBisection;shinbrotPaperBisection;shinbrotPaperBisection;shinbrotPaperBisection;shinbrotPaperBisection;shinbrotPaperBisection;shinbrotPaperBisection;shinbrotPaperBisection;shinbrotPaperBisection;shinbrotPaperBisection;shinbrotPaperBisection;shinbrotPaperBisection;shinbrotPaperBisection;shinbrotPaperBisection;shinbrotPaperBisection;shinbrotPaperBisection;shinbrotPaperBisection;shinbrotPaperBisection;shinbrotPaperBisection;shinbrotPaperBisection;shinbrotPaperBisection;shinbrotPaperBisection;shinbrotPaperBisection;shinbrotPaperBisection;shinbrotPaperBisection;shinbrotPaperBisection;shinbrotPaperBisection;shinbrotPaperBisection;shinbrotPaperBisection;shinbrotPaperBisection;shinbrotPaperBisection;shinbrotPaperBisection;shinbrotPaperBisection;shinbrotPaperBisection;shinbrotPaperBisection;shinbrotPaperBisection;shinbrotPaperBisection;shinbrotPaperBisection;shinbrotPaperBisection;shinbrotPaperBisection;shinbrotPaperBisection;shinbrotPaperBisection;shinbrotPaperBisection;shinbrotPaperBisection;shinbrotPaperBisection;shinbrotPaperBisection;shinbrotPaperBisection,0.0118449389935;-0.0887447059155;-0.0339067280293;-0.0341695129871;0.0277487453073;0.0380267053843;-0.0434790194035;0.0826372973621;0.0731228247285;0.0058356910944;-0.024366261065;0.0931867004372;0.0710764557123;0.000417612679303;-0.0897622779012;-0.0713858973235;-0.0682926118374;0.00783331692219;-0.0928201690316;0.0986841429025;-0.0829793512821;0.0476309981197;-0.0877995878458;0.053298291564;-0.0101664714515;-0.0454934701324;0.05070722932;0.00914028286934;-0.0147805273533;-0.00580598711967;-0.0501832108246;0.0597782224417;0.0966311872005;0.00301883667707;0.0146026223898;-0.096729080379;0.0935293495655;-0.00868701338768;0.0373444230296;-0.016206432879;-0.00290238261223;0.0812403090298;0.0109430506825;0.099045660533;NaN;NaN;0.0760452894494;0.0851731030853;-0.0338264405727,1519,meanReturnCycleMatched,1.00026818778561,2.12501321152857,11.6039867884714,15.5497129863481,26.921,0,0,1,0,accepted-crossing limit exhausted,181.2211648
0.1,10,195010,paperCycleCadenceRetargetMode,shinbrotPaperBisection,0,NaN,60,75,NaN,92423,0.0865456722676754,-0.000553086027503014,0.0865456722677;0.0982388794422;-0.0490842998028;-0.0817379802465;0.0174209088087;0.0117551147938;-0.0235535919666;0.0483751028776;0.0634586542845;-0.0923807680607;0.0918409883976;-0.054402834177;-0.033522862196;0.00826122164726;0.0516055203974;-0.0231198832393;-0.0648130953312;0.09567720294;-0.0218877211213;-0.0445237219334;-0.0980750411749;-0.00355780720711;0.0231694003567;0.0190174490213;-0.07016287148;-0.0831430345774;-0.000371104944497;0.0156837522984;-0.0274033129215;-0.0268997728825;-0.0508771717548;0.0985957993194;0.00935743898153;-0.0689549505711;-0.00876502394676;-0.00733240097761;0.00568761229515;-0.00247816443443;0.0208831593394;0.0684953194112;-0.0544782817364;0.0651895176619;-0.0534726083279;-0.0831001058221;0.0234488334652;-0.0609589397907;-0.0131001517177;0.0818088591099;0.0273942023516;-0.0969593495131;0.0785641394556;-0.0587757878006;-0.0374621614814;0.0857629925013;-0.0558658897877;-0.0737597763538;-0.0580003768206;-0.000626410730183;-0.000553086027503,1,1,shinbrotPaperBisection,0.0865456722676754,3,61,61,60,2,2;3;5;6;6;7;8;8;8;9;10;13;14;15;16;16;16;17;18;20;20;21;21;23;23;26;27;29;29;29;29;29;31;33;33;34;34;34;34;34;36;36;38;38;39;39;39;39;40;40;42;42;43;44;47;47;47;50;56;58,1519;3038;4557;6076;7595;9114;10633;12152;13671;15190;16709;18228;19747;21266;22785;24304;25823;27342;28861;30380;31899;33418;34937;36456;37975;39494;41013;42532;44051;45570;47089;48608;50127;51646;53165;54684;56203;57722;59241;60760;62279;63798;65317;66836;68355;69874;71393;72912;74431;75950;77469;78988;80507;82026;83545;85064;86583;88102;89621;91140,1.519;3.038;4.557;6.076;7.595;9.114;10.633;12.152;13.671;15.19;16.709;18.228;19.747;21.266;22.785;24.304;25.823;27.342;28.861;30.38;31.899;33.418;34.937;36.456;37.975;39.494;41.013;42.532;44.051;45.57;47.089;48.608;50.127;51.646;53.165;54.684;56.203;57.722;59.241;60.7599999999;62.2789999999;63.7979999999;65.3169999999;66.836;68.355;69.874;71.393;72.912;74.431;75.95;77.469;78.988;80.507;82.026;83.545;85.064;86.583;88.1020000001;89.6210000001;91.1400000001,shinbrotPaperBisection;shinbrotPaperBisection;shinbrotPaperBisection;shinbrotPaperBisection;shinbrotPaperBisection;shinbrotPaperBisection;shinbrotPaperBisection;shinbrotPaperBisection;shinbrotPaperBisection;shinbrotPaperBisection;shinbrotPaperBisection;shinbrotPaperBisection;shinbrotPaperBisection;shinbrotPaperBisection;shinbrotPaperBisection;shinbrotPaperBisection;shinbrotPaperBisection;shinbrotPaperBisection;shinbrotPaperBisection;shinbrotPaperBisection;shinbrotPaperBisection;shinbrotPaperBisection;shinbrotPaperBisection;shinbrotPaperBisection;shinbrotPaperBisection;shinbrotPaperBisection;shinbrotPaperBisection;shinbrotPaperBisection;shinbrotPaperBisection;shinbrotPaperBisection;shinbrotPaperBisection;shinbrotPaperBisection;shinbrotPaperBisection;shinbrotPaperBisection;shinbrotPaperBisection;shinbrotPaperBisection;shinbrotPaperBisection;shinbrotPaperBisection;shinbrotPaperBisection;shinbrotPaperBisection;shinbrotPaperBisection;shinbrotPaperBisection;shinbrotPaperBisection;shinbrotPaperBisection;shinbrotPaperBisection;shinbrotPaperBisection;shinbrotPaperBisection;shinbrotPaperBisection;shinbrotPaperBisection;shinbrotPaperBisection;shinbrotPaperBisection;shinbrotPaperBisection;shinbrotPaperBisection;shinbrotPaperBisection;shinbrotPaperBisection;shinbrotPaperBisection;shinbrotPaperBisection;shinbrotPaperBisection;shinbrotPaperBisection;shinbrotPaperBisection,0.0982388794422;-0.0490842998028;-0.0817379802465;0.0174209088087;0.0117551147938;-0.0235535919666;0.0483751028776;0.0634586542845;-0.0923807680607;0.0918409883976;-0.054402834177;NaN;-0.033522862196;0.00826122164726;0.0516055203974;-0.0231198832393;-0.0648130953312;0.09567720294;-0.0218877211213;-0.0445237219334;-0.0980750411749;-0.00355780720711;0.0231694003567;0.0190174490213;-0.07016287148;-0.0831430345774;-0.000371104944497;0.0156837522984;-0.0274033129215;-0.0268997728825;-0.0508771717548;0.0985957993194;0.00935743898153;-0.0689549505711;-0.00876502394676;-0.00733240097761;0.00568761229515;-0.00247816443443;0.0208831593394;0.0684953194112;NaN;-0.0544782817364;0.0651895176619;-0.0534726083279;-0.0831001058221;0.0234488334652;-0.0609589397907;-0.0131001517177;0.0818088591099;0.0273942023516;-0.0969593495131;0.0785641394556;-0.0587757878006;-0.0374621614814;0.0857629925013;-0.0558658897877;-0.0737597763538;-0.0580003768206;-0.000626410730183;-0.000553086027503,1519,meanReturnCycleMatched,1.00026818778561,1.00795681519339,14.7369568151934,20.5960315769734,26.921,0,0,1,0,accepted-crossing limit exhausted,193.0530325
0.5,1,196001,paperCycleCadenceRetargetMode,shinbrotPaperBisection,1,22,22,28,24.8469250245004,24847,0.0865456722676754,0.0759125292301178,0.0865456722677;-0.0164748325944;-0.0200454890728;0.0132816165686;0.0505828119814;-0.0877694100142;0.0257500708103;0.036798740644;0.0954320776276;-0.070197853446;-0.0516040384769;-0.00575719475746;-0.0529638506472;0.0420263856649;-0.066066044569;0.0759125292301,1,1,shinbrotPaperBisection,0.0865456722676754,3,17,17,16,1,1;5;9;9;10;13;14;14;14;14;14;14;14;16;19;20,1519;3038;4557;6076;7595;9114;10633;12152;13671;15190;16709;18228;19747;21266;22785;24304,1.519;3.038;4.557;6.076;7.595;9.114;10.633;12.152;13.671;15.19;16.709;18.228;19.747;21.266;22.785;24.304,shinbrotPaperBisection;shinbrotPaperBisection;shinbrotPaperBisection;shinbrotPaperBisection;shinbrotPaperBisection;shinbrotPaperBisection;shinbrotPaperBisection;shinbrotPaperBisection;shinbrotPaperBisection;shinbrotPaperBisection;shinbrotPaperBisection;shinbrotPaperBisection;shinbrotPaperBisection;shinbrotPaperBisection;shinbrotPaperBisection;shinbrotPaperBisection,-0.0164748325944;NaN;-0.0200454890728;0.0132816165686;0.0505828119814;-0.0877694100142;0.0257500708103;0.036798740644;0.0954320776276;-0.070197853446;-0.0516040384769;-0.00575719475746;-0.0529638506472;0.0420263856649;-0.066066044569;0.0759125292301,1519,meanReturnCycleMatched,1.00026818778561,0.00577582878663385,13.7347758287866,9.30544309350373,26.921,0,0,0,0,,64.8388045
0.5,2,196002,paperCycleCadenceRetargetMode,shinbrotPaperBisection,0,NaN,60,50,NaN,80394,0.0865456722676754,0.050490450207144,0.0865456722677;-0.0687630817294;-0.00194904431701;-0.0217886224389;0.0465359158814;-0.0160964027047;0.047431704402;0.0775188416243;0.0415206849575;0.0018866956234;-0.0275586292148;-0.0684291154146;0.0026462584734;0.0554671511054;-0.0216041147709;0.0438230007887;-0.051887017116;-0.0581721365452;0.0250189322047;-0.0926438482478;0.0812673956156;0.0281550191343;0.0670570924878;0.0610685199499;-0.0211617529392;0.0526866465807;0.0940226128325;-0.0299033939838;0.0183075755835;-0.0993586808443;-0.0685805141926;0.0585096895695;-0.0837370097637;0.0678758785129;0.0825095452368;-0.0985260829329;-0.0585045300424;0.0647180821747;0.0665671288967;0.0694871395826;-0.0886851415038;-0.0979573428631;0.0476048238575;0.072053720057;-0.0214164912701;-0.0814196765423;0.0644220888615;0.0364838726819;0.0621439091861;0.074552754499;-0.018160623312;0.0504904502071,1,1,shinbrotPaperBisection,0.0865456722676754,3,53,53,52,1,0;1;3;5;5;5;6;6;6;7;7;7;7;7;8;8;10;14;14;14;18;23;27;27;29;30;31;32;35;35;36;37;41;41;41;42;44;46;50;52;52;52;52;53;54;54;55;55;55;56;56;57,1519;3038;4557;6076;7595;9114;10633;12152;13671;15190;16709;18228;19747;21266;22785;24304;25823;27342;28861;30380;31899;33418;34937;36456;37975;39494;41013;42532;44051;45570;47089;48608;50127;51646;53165;54684;56203;57722;59241;60760;62279;63798;65317;66836;68355;69874;71393;72912;74431;75950;77469;78988,1.519;3.038;4.557;6.076;7.595;9.114;10.633;12.152;13.671;15.19;16.709;18.228;19.747;21.266;22.785;24.304;25.823;27.342;28.861;30.38;31.899;33.418;34.937;36.456;37.975;39.494;41.013;42.532;44.051;45.57;47.089;48.608;50.127;51.646;53.165;54.684;56.203;57.722;59.241;60.7599999999;62.2789999999;63.7979999999;65.3169999999;66.836;68.355;69.874;71.393;72.912;74.431;75.95;77.469;78.988,shinbrotPaperBisection;shinbrotPaperBisection;shinbrotPaperBisection;shinbrotPaperBisection;shinbrotPaperBisection;shinbrotPaperBisection;shinbrotPaperBisection;shinbrotPaperBisection;shinbrotPaperBisection;shinbrotPaperBisection;shinbrotPaperBisection;shinbrotPaperBisection;shinbrotPaperBisection;shinbrotPaperBisection;shinbrotPaperBisection;shinbrotPaperBisection;shinbrotPaperBisection;shinbrotPaperBisection;shinbrotPaperBisection;shinbrotPaperBisection;shinbrotPaperBisection;shinbrotPaperBisection;shinbrotPaperBisection;shinbrotPaperBisection;shinbrotPaperBisection;shinbrotPaperBisection;shinbrotPaperBisection;shinbrotPaperBisection;shinbrotPaperBisection;shinbrotPaperBisection;shinbrotPaperBisection;shinbrotPaperBisection;shinbrotPaperBisection;shinbrotPaperBisection;shinbrotPaperBisection;shinbrotPaperBisection;shinbrotPaperBisection;shinbrotPaperBisection;shinbrotPaperBisection;shinbrotPaperBisection;shinbrotPaperBisection;shinbrotPaperBisection;shinbrotPaperBisection;shinbrotPaperBisection;shinbrotPaperBisection;shinbrotPaperBisection;shinbrotPaperBisection;shinbrotPaperBisection;shinbrotPaperBisection;shinbrotPaperBisection;shinbrotPaperBisection;shinbrotPaperBisection,-0.0687630817294;-0.00194904431701;-0.0217886224389;0.0465359158814;-0.0160964027047;0.047431704402;0.0775188416243;0.0415206849575;0.0018866956234;-0.0275586292148;-0.0684291154146;0.0026462584734;0.0554671511054;-0.0216041147709;0.0438230007887;-0.051887017116;-0.0581721365452;0.0250189322047;-0.0926438482478;NaN;0.0812673956156;0.0281550191343;0.0670570924878;0.0610685199499;-0.0211617529392;0.0526866465807;0.0940226128325;-0.0299033939838;0.0183075755835;-0.0993586808443;-0.0685805141926;0.0585096895695;-0.0837370097637;0.0678758785129;0.0825095452368;-0.0985260829329;-0.0585045300424;0.0647180821747;0.0665671288967;0.0694871395826;-0.0886851415038;-0.0979573428631;0.0476048238575;0.072053720057;-0.0214164912701;-0.0814196765423;0.0644220888615;0.0364838726819;0.0621439091861;0.074552754499;-0.018160623312;0.0504904502071,1519,meanReturnCycleMatched,1.00026818778561,5.42394956671313,19.1529495667131,17.0195136784709,26.921,0,0,1,0,accepted-crossing limit exhausted,187.6849027
0.5,3,196003,paperCycleCadenceRetargetMode,shinbrotPaperBisection,0,NaN,60,46,NaN,74617,0.0865456722676754,0.0524239361286163,0.0865456722677;-0.023822902143;-0.0233350619674;-0.0422740161419;-0.0971038669348;0.0839226201177;-0.013246768713;-0.0323454201221;0.022352617979;0.0935442183167;0.0886261671782;0.0809516150504;0.0182056367397;0.0445992831141;0.0311211973429;0.0486944708973;-0.0888330725953;0.0892594724894;-0.000930412858725;0.0137966364622;0.0912890132517;0.090338358283;-0.0260636644438;-0.0391709625721;0.0746889263391;-0.0915874689817;0.0942190092057;-0.0935616284609;0.0745876607485;-0.0490477643907;-0.00686103701591;-0.0450300082564;0.0766394790728;-0.0549779117107;0.0930698081851;-0.00806637257338;-0.0784381091595;-0.0900298446417;0.0665169615299;-0.0875514924526;0.00862166583538;0.081963607017;0.000210234822589;-0.0751102391165;0.0577462948859;0.0519721657038;-0.0531818926334;0.0524239361286,1,1,shinbrotPaperBisection,0.0865456722676754,3,50,50,49,2,1;1;1;2;2;4;7;10;12;12;12;12;13;15;18;21;21;23;26;30;30;31;31;31;32;33;35;37;38;39;40;40;40;43;43;43;43;44;47;47;48;48;50;50;50;50;50;55;57,1519;3038;4557;6076;7595;9114;10633;12152;13671;15190;16709;18228;19747;21266;22785;24304;25823;27342;28861;30380;31899;33418;34937;36456;37975;39494;41013;42532;44051;45570;47089;48608;50127;51646;53165;54684;56203;57722;59241;60760;62279;63798;65317;66836;68355;69874;71393;72912;74431,1.519;3.038;4.557;6.076;7.595;9.114;10.633;12.152;13.671;15.19;16.709;18.228;19.747;21.266;22.785;24.304;25.823;27.342;28.861;30.38;31.899;33.418;34.937;36.456;37.975;39.494;41.013;42.532;44.051;45.57;47.089;48.608;50.127;51.646;53.165;54.684;56.203;57.722;59.241;60.7599999999;62.2789999999;63.7979999999;65.3169999999;66.836;68.355;69.874;71.393;72.912;74.431,shinbrotPaperBisection;shinbrotPaperBisection;shinbrotPaperBisection;shinbrotPaperBisection;shinbrotPaperBisection;shinbrotPaperBisection;shinbrotPaperBisection;shinbrotPaperBisection;shinbrotPaperBisection;shinbrotPaperBisection;shinbrotPaperBisection;shinbrotPaperBisection;shinbrotPaperBisection;shinbrotPaperBisection;shinbrotPaperBisection;shinbrotPaperBisection;shinbrotPaperBisection;shinbrotPaperBisection;shinbrotPaperBisection;shinbrotPaperBisection;shinbrotPaperBisection;shinbrotPaperBisection;shinbrotPaperBisection;shinbrotPaperBisection;shinbrotPaperBisection;shinbrotPaperBisection;shinbrotPaperBisection;shinbrotPaperBisection;shinbrotPaperBisection;shinbrotPaperBisection;shinbrotPaperBisection;shinbrotPaperBisection;shinbrotPaperBisection;shinbrotPaperBisection;shinbrotPaperBisection;shinbrotPaperBisection;shinbrotPaperBisection;shinbrotPaperBisection;shinbrotPaperBisection;shinbrotPaperBisection;shinbrotPaperBisection;shinbrotPaperBisection;shinbrotPaperBisection;shinbrotPaperBisection;shinbrotPaperBisection;shinbrotPaperBisection;shinbrotPaperBisection;shinbrotPaperBisection;shinbrotPaperBisection,-0.023822902143;-0.0233350619674;-0.0422740161419;-0.0971038669348;0.0839226201177;-0.013246768713;-0.0323454201221;0.022352617979;0.0935442183167;0.0886261671782;0.0809516150504;0.0182056367397;0.0445992831141;0.0311211973429;0.0486944708973;-0.0888330725953;0.0892594724894;-0.000930412858725;0.0137966364622;0.0912890132517;0.090338358283;-0.0260636644438;-0.0391709625721;NaN;0.0746889263391;-0.0915874689817;0.0942190092057;-0.0935616284609;0.0745876607485;-0.0490477643907;-0.00686103701591;-0.0450300082564;0.0766394790728;-0.0549779117107;0.0930698081851;-0.00806637257338;-0.0784381091595;-0.0900298446417;0.0665169615299;-0.0875514924526;0.00862166583538;0.081963607017;0.000210234822589;-0.0751102391165;0.0577462948859;0.0519721657038;NaN;-0.0531818926334;0.0524239361286,1519,meanReturnCycleMatched,1.00026818778561,1.53732208964474,15.2663220896447,19.2412985026904,26.921,0,0,1,0,accepted-crossing limit exhausted,217.5773232
0.5,4,196004,paperCycleCadenceRetargetMode,shinbrotPaperBisection,0,NaN,60,39,NaN,77021,0.0865456722676754,0.0188863717950881,0.0865456722677;0.058191293478;0.0232853472233;-0.0287897408009;-0.0798018276691;0.0324517101049;-0.0318103834987;0.0509753167629;-0.0838054522872;0.0187417775393;0.0498523892835;0.0983442019671;-0.0419076859951;-0.0440863668919;-0.0183771193027;0.0301641523838;0.0795325152576;-0.0237456738949;0.071931483224;-0.0656796306372;0.0924791991711;-0.0550064980984;0.055938526988;-0.0629105359316;0.098697033897;-0.0828621119261;0.0227362882346;0.0442096561193;0.0501148641109;-0.059439638257;-0.0733559787273;-0.0797580841929;0.0657161418814;0.0803463630378;-0.0114230215549;0.0612170286477;-0.0782729446888;-0.00774138569832;0.0375262226677;-0.0942413985729;-0.0775749344379;0.087904253602;0.0932943761349;0.0801022857428;0.0946905598044;-0.0755179345608;-0.0936996161938;0.0188863717951,1,1,shinbrotPaperBisection,0.0865456722676754,3,51,51,50,3,1;3;10;11;13;13;13;13;14;17;19;19;19;19;20;21;21;24;24;24;24;25;28;29;30;30;37;37;38;38;38;38;39;40;40;42;42;44;45;45;46;46;47;48;49;51;54;54;54;58,1519;3038;4557;6076;7595;9114;10633;12152;13671;15190;16709;18228;19747;21266;22785;24304;25823;27342;28861;30380;31899;33418;34937;36456;37975;39494;41013;42532;44051;45570;47089;48608;50127;51646;53165;54684;56203;57722;59241;60760;62279;63798;65317;66836;68355;69874;71393;72912;74431;75950,1.519;3.038;4.557;6.076;7.595;9.114;10.633;12.152;13.671;15.19;16.709;18.228;19.747;21.266;22.785;24.304;25.823;27.342;28.861;30.38;31.899;33.418;34.937;36.456;37.975;39.494;41.013;42.532;44.051;45.57;47.089;48.608;50.127;51.646;53.165;54.684;56.203;57.722;59.241;60.7599999999;62.2789999999;63.7979999999;65.3169999999;66.836;68.355;69.874;71.393;72.912;74.431;75.95,shinbrotPaperBisection;shinbrotPaperBisection;shinbrotPaperBisection;shinbrotPaperBisection;shinbrotPaperBisection;shinbrotPaperBisection;shinbrotPaperBisection;shinbrotPaperBisection;shinbrotPaperBisection;shinbrotPaperBisection;shinbrotPaperBisection;shinbrotPaperBisection;shinbrotPaperBisection;shinbrotPaperBisection;shinbrotPaperBisection;shinbrotPaperBisection;shinbrotPaperBisection;shinbrotPaperBisection;shinbrotPaperBisection;shinbrotPaperBisection;shinbrotPaperBisection;shinbrotPaperBisection;shinbrotPaperBisection;shinbrotPaperBisection;shinbrotPaperBisection;shinbrotPaperBisection;shinbrotPaperBisection;shinbrotPaperBisection;shinbrotPaperBisection;shinbrotPaperBisection;shinbrotPaperBisection;shinbrotPaperBisection;shinbrotPaperBisection;shinbrotPaperBisection;shinbrotPaperBisection;shinbrotPaperBisection;shinbrotPaperBisection;shinbrotPaperBisection;shinbrotPaperBisection;shinbrotPaperBisection;shinbrotPaperBisection;shinbrotPaperBisection;shinbrotPaperBisection;shinbrotPaperBisection;shinbrotPaperBisection;shinbrotPaperBisection;shinbrotPaperBisection;shinbrotPaperBisection;shinbrotPaperBisection;shinbrotPaperBisection,0.058191293478;0.0232853472233;-0.0287897408009;-0.0798018276691;0.0324517101049;-0.0318103834987;0.0509753167629;-0.0838054522872;NaN;0.0187417775393;0.0498523892835;0.0983442019671;-0.0419076859951;-0.0440863668919;-0.0183771193027;0.0301641523838;0.0795325152576;-0.0237456738949;0.071931483224;-0.0656796306372;0.0924791991711;-0.0550064980984;0.055938526988;-0.0629105359316;0.098697033897;-0.0828621119261;0.0227362882346;0.0442096561193;0.0501148641109;-0.059439638257;-0.0733559787273;-0.0797580841929;0.0657161418814;0.0803463630378;NaN;-0.0114230215549;0.0612170286477;-0.0782729446888;-0.00774138569832;0.0375262226677;-0.0942413985729;-0.0775749344379;0.087904253602;0.0932943761349;0.0801022857428;0.0946905598044;-0.0755179345608;-0.0936996161938;0.0188863717951;NaN,1519,meanReturnCycleMatched,1.00026818778561,0.0695593955191498,13.6594406044808,21.8218644032667,26.921,0,0,1,0,accepted-crossing limit exhausted,164.8166619
0.5,5,196005,paperCycleCadenceRetargetMode,shinbrotPaperBisection,0,NaN,60,79,NaN,100261,0.0865456722676754,0.0788749754428864,0.0865456722677;0.0212030470371;-0.0621216595173;-0.00923097282648;0.0283639572561;-0.0415543615818;0.0813426801004;-0.0237945988774;-0.0927436649799;0.0308420285583;0.0979782490758;-0.000602601468563;0.0374139994383;0.0506365142763;0.0916193321347;0.0208262830973;-0.0775217264891;0.0798613935709;-0.0485990226269;0.0774019420147;0.0891468822956;0.0156013786793;-0.0985642116517;-0.0564645469189;0.0289459083229;0.0974427169189;-0.093472224474;-0.0236907659099;0.0511757379398;0.00382036268711;0.0873913976364;0.0894165217876;-0.0387946069241;-0.0438831511419;0.0103279992938;0.0023997604847;0.04960454721;0.067047482729;-0.0077566921711;-0.056433147192;-0.0116732425988;0.0697261419147;0.0964698156342;0.0105507224798;-0.0226545274258;0.0676331430674;0.00204060450196;-0.00740725202486;0.0867525108159;0.0971857719123;-0.00534818768501;0.0930356901605;0.0318956315517;0.00992085039616;0.0659257978201;0.0502289067954;0.0966416728916;-0.0930156171322;-0.043670886755;-0.0585900008678;0.0453157246113;0.00691220611334;0.0788749754429,1,1,shinbrotPaperBisection,0.0865456722676754,3,67,67,66,4,3;3;3;3;3;3;3;6;6;8;8;8;8;9;9;10;11;13;15;15;16;16;16;16;17;17;19;21;23;23;23;26;28;29;29;31;32;42;42;42;42;42;44;44;44;44;44;44;45;48;48;48;49;49;49;49;49;50;51;51;52;52;53;53;54;59,1519;3038;4557;6076;7595;9114;10633;12152;13671;15190;16709;18228;19747;21266;22785;24304;25823;27342;28861;30380;31899;33418;34937;36456;37975;39494;41013;42532;44051;45570;47089;48608;50127;51646;53165;54684;56203;57722;59241;60760;62279;63798;65317;66836;68355;69874;71393;72912;74431;75950;77469;78988;80507;82026;83545;85064;86583;88102;89621;91140;92659;94178;95697;97216;98735;100254,1.519;3.038;4.557;6.076;7.595;9.114;10.633;12.152;13.671;15.19;16.709;18.228;19.747;21.266;22.785;24.304;25.823;27.342;28.861;30.38;31.899;33.418;34.937;36.456;37.975;39.494;41.013;42.532;44.051;45.57;47.089;48.608;50.127;51.646;53.165;54.684;56.203;57.722;59.241;60.7599999999;62.2789999999;63.7979999999;65.3169999999;66.836;68.355;69.874;71.393;72.912;74.431;75.95;77.469;78.988;80.507;82.026;83.545;85.064;86.583;88.1020000001;89.6210000001;91.1400000001;92.6590000001;94.1780000001;95.6970000001;97.2160000001;98.7350000001;100.254,shinbrotPaperBisection;shinbrotPaperBisection;shinbrotPaperBisection;shinbrotPaperBisection;shinbrotPaperBisection;shinbrotPaperBisection;shinbrotPaperBisection;shinbrotPaperBisection;shinbrotPaperBisection;shinbrotPaperBisection;shinbrotPaperBisection;shinbrotPaperBisection;shinbrotPaperBisection;shinbrotPaperBisection;shinbrotPaperBisection;shinbrotPaperBisection;shinbrotPaperBisection;shinbrotPaperBisection;shinbrotPaperBisection;shinbrotPaperBisection;shinbrotPaperBisection;shinbrotPaperBisection;shinbrotPaperBisection;shinbrotPaperBisection;shinbrotPaperBisection;shinbrotPaperBisection;shinbrotPaperBisection;shinbrotPaperBisection;shinbrotPaperBisection;shinbrotPaperBisection;shinbrotPaperBisection;shinbrotPaperBisection;shinbrotPaperBisection;shinbrotPaperBisection;shinbrotPaperBisection;shinbrotPaperBisection;shinbrotPaperBisection;shinbrotPaperBisection;shinbrotPaperBisection;shinbrotPaperBisection;shinbrotPaperBisection;shinbrotPaperBisection;shinbrotPaperBisection;shinbrotPaperBisection;shinbrotPaperBisection;shinbrotPaperBisection;shinbrotPaperBisection;shinbrotPaperBisection;shinbrotPaperBisection;shinbrotPaperBisection;shinbrotPaperBisection;shinbrotPaperBisection;shinbrotPaperBisection;shinbrotPaperBisection;shinbrotPaperBisection;shinbrotPaperBisection;shinbrotPaperBisection;shinbrotPaperBisection;shinbrotPaperBisection;shinbrotPaperBisection;shinbrotPaperBisection;shinbrotPaperBisection;shinbrotPaperBisection;shinbrotPaperBisection;shinbrotPaperBisection;shinbrotPaperBisection,0.0212030470371;NaN;-0.0621216595173;-0.00923097282648;0.0283639572561;-0.0415543615818;0.0813426801004;-0.0237945988774;-0.0927436649799;0.0308420285583;0.0979782490758;-0.000602601468563;0.0374139994383;0.0506365142763;0.0916193321347;0.0208262830973;-0.0775217264891;0.0798613935709;-0.0485990226269;0.0774019420147;0.0891468822956;0.0156013786793;-0.0985642116517;-0.0564645469189;0.0289459083229;NaN;0.0974427169189;-0.093472224474;-0.0236907659099;0.0511757379398;0.00382036268711;0.0873913976364;0.0894165217876;-0.0387946069241;-0.0438831511419;0.0103279992938;0.0023997604847;0.04960454721;0.067047482729;-0.0077566921711;NaN;-0.056433147192;-0.0116732425988;0.0697261419147;0.0964698156342;0.0105507224798;-0.0226545274258;0.0676331430674;0.00204060450196;-0.00740725202486;0.0867525108159;0.0971857719123;-0.00534818768501;0.0930356901605;NaN;0.0318956315517;0.00992085039616;0.0659257978201;0.0502289067954;0.0966416728916;-0.0930156171322;-0.043670886755;-0.0585900008678;0.0453157246113;0.00691220611334;0.0788749754429,1519,meanReturnCycleMatched,1.00026818778561,4.31640725161867,9.41259274838132,21.0523468125361,26.921,0,0,1,0,accepted-crossing limit exhausted,266.1972943
0.5,6,196006,paperCycleCadenceRetargetMode,shinbrotPaperBisection,0,NaN,60,65,NaN,77455,0.0865456722676754,-0.0220874130725861,0.0865456722677;-0.0434811261483;0.0578287065029;0.0982429496944;-0.00699976533651;-0.0750997245312;-0.0867803033441;0.0859416902065;0.0305364497006;-0.0274855181575;0.0395005214959;-0.0591939508915;-0.0270787894726;-0.0809288799763;-0.029740101099;0.0997497114353;0.0249073828571;-0.0752216333523;0.0536898523569;0.0323346197605;0.0672554641962;0.065685473755;-0.0657892517745;-0.0196017429233;-0.0221285164356;-0.0501914203167;-0.0588183701038;-0.0272849023342;0.0184372246265;-0.0018574103713;0.0929574564099;0.0890239208937;-0.0537084162235;0.00498542189598;0.0652190029621;-0.0428893819451;0.0204315006733;0.0712261423469;-0.0561755597591;-0.0144464299083;0.0777007162571;-0.0504912534729;-0.0300756394863;-0.0860016196966;-0.031195564568;0.00632291138172;-0.0220874130726,1,1,shinbrotPaperBisection,0.0865456722676754,3,51,51,50,4,0;1;1;1;7;9;12;12;13;13;17;17;18;18;18;20;22;23;23;23;26;26;26;26;27;28;29;30;31;33;33;33;35;36;39;39;46;46;46;46;46;51;51;53;55;55;55;55;55;59,1519;3038;4557;6076;7595;9114;10633;12152;13671;15190;16709;18228;19747;21266;22785;24304;25823;27342;28861;30380;31899;33418;34937;36456;37975;39494;41013;42532;44051;45570;47089;48608;50127;51646;53165;54684;56203;57722;59241;60760;62279;63798;65317;66836;68355;69874;71393;72912;74431;75950,1.519;3.038;4.557;6.076;7.595;9.114;10.633;12.152;13.671;15.19;16.709;18.228;19.747;21.266;22.785;24.304;25.823;27.342;28.861;30.38;31.899;33.418;34.937;36.456;37.975;39.494;41.013;42.532;44.051;45.57;47.089;48.608;50.127;51.646;53.165;54.684;56.203;57.722;59.241;60.7599999999;62.2789999999;63.7979999999;65.3169999999;66.836;68.355;69.874;71.393;72.912;74.431;75.95,shinbrotPaperBisection;shinbrotPaperBisection;shinbrotPaperBisection;shinbrotPaperBisection;shinbrotPaperBisection;shinbrotPaperBisection;shinbrotPaperBisection;shinbrotPaperBisection;shinbrotPaperBisection;shinbrotPaperBisection;shinbrotPaperBisection;shinbrotPaperBisection;shinbrotPaperBisection;shinbrotPaperBisection;shinbrotPaperBisection;shinbrotPaperBisection;shinbrotPaperBisection;shinbrotPaperBisection;shinbrotPaperBisection;shinbrotPaperBisection;shinbrotPaperBisection;shinbrotPaperBisection;shinbrotPaperBisection;shinbrotPaperBisection;shinbrotPaperBisection;shinbrotPaperBisection;shinbrotPaperBisection;shinbrotPaperBisection;shinbrotPaperBisection;shinbrotPaperBisection;shinbrotPaperBisection;shinbrotPaperBisection;shinbrotPaperBisection;shinbrotPaperBisection;shinbrotPaperBisection;shinbrotPaperBisection;shinbrotPaperBisection;shinbrotPaperBisection;shinbrotPaperBisection;shinbrotPaperBisection;shinbrotPaperBisection;shinbrotPaperBisection;shinbrotPaperBisection;shinbrotPaperBisection;shinbrotPaperBisection;shinbrotPaperBisection;shinbrotPaperBisection;shinbrotPaperBisection;shinbrotPaperBisection;shinbrotPaperBisection,-0.0434811261483;0.0578287065029;0.0982429496944;-0.00699976533651;-0.0750997245312;-0.0867803033441;0.0859416902065;0.0305364497006;-0.0274855181575;0.0395005214959;-0.0591939508915;-0.0270787894726;-0.0809288799763;-0.029740101099;0.0997497114353;0.0249073828571;-0.0752216333523;0.0536898523569;0.0323346197605;NaN;0.0672554641962;0.065685473755;-0.0657892517745;-0.0196017429233;NaN;-0.0221285164356;-0.0501914203167;-0.0588183701038;-0.0272849023342;0.0184372246265;-0.0018574103713;0.0929574564099;0.0890239208937;-0.0537084162235;0.00498542189598;0.0652190029621;-0.0428893819451;NaN;NaN;0.0204315006733;0.0712261423469;-0.0561755597591;-0.0144464299083;0.0777007162571;-0.0504912534729;-0.0300756394863;-0.0860016196966;-0.031195564568;0.00632291138172;-0.0220874130726,1519,meanReturnCycleMatched,1.00026818778561,1.04715757626994,12.6818424237301,19.8336148283813,26.921,0,0,1,0,accepted-crossing limit exhausted,146.0077706
0.5,7,196007,paperCycleCadenceRetargetMode,shinbrotPaperBisection,0,NaN,60,79,NaN,75897,0.0865456722676754,0.0998554017583956,0.0865456722677;-0.00463002175093;0.0180826365948;-0.0784328985959;-0.0552146293223;0.0853786051273;-0.099664953351;-0.062788400054;-0.0777991916984;0.0264803169295;0.0639476463199;-0.0188368305564;0.063237426494;0.0204265862703;-0.0333842411637;-0.0698856890202;0.0935518205166;-0.0493350543082;0.0819221643731;-0.0636497080326;-0.0582141704857;0.0679762259126;-0.0734142005444;0.0977057086304;-0.0563940793276;-0.0504321963526;0.080983235687;-0.0576824009418;0.0542696177959;-0.0596488296986;0.0500821195543;0.0248035823926;-0.0499522329425;-0.0329735338688;0.00417026877403;-0.0920657068491;-0.0536312162876;-0.0961760972627;0.000228035403416;-0.00949475690722;-0.0797779724002;-0.000429517030716;-0.0673193365335;-0.08861759305;-0.0572340071201;-0.0840079814196;0.0998554017584,1,1,shinbrotPaperBisection,0.0865456722676754,3,50,50,49,3,2;3;5;6;8;8;8;10;10;10;10;10;11;11;12;13;13;14;17;17;18;20;21;22;22;23;23;24;24;27;29;30;30;31;31;31;32;33;33;33;35;36;43;48;48;52;52;53;54,1519;3038;4557;6076;7595;9114;10633;12152;13671;15190;16709;18228;19747;21266;22785;24304;25823;27342;28861;30380;31899;33418;34937;36456;37975;39494;41013;42532;44051;45570;47089;48608;50127;51646;53165;54684;56203;57722;59241;60760;62279;63798;65317;66836;68355;69874;71393;72912;74431,1.519;3.038;4.557;6.076;7.595;9.114;10.633;12.152;13.671;15.19;16.709;18.228;19.747;21.266;22.785;24.304;25.823;27.342;28.861;30.38;31.899;33.418;34.937;36.456;37.975;39.494;41.013;42.532;44.051;45.57;47.089;48.608;50.127;51.646;53.165;54.684;56.203;57.722;59.241;60.7599999999;62.2789999999;63.7979999999;65.3169999999;66.836;68.355;69.874;71.393;72.912;74.431,shinbrotPaperBisection;shinbrotPaperBisection;shinbrotPaperBisection;shinbrotPaperBisection;shinbrotPaperBisection;shinbrotPaperBisection;shinbrotPaperBisection;shinbrotPaperBisection;shinbrotPaperBisection;shinbrotPaperBisection;shinbrotPaperBisection;shinbrotPaperBisection;shinbrotPaperBisection;shinbrotPaperBisection;shinbrotPaperBisection;shinbrotPaperBisection;shinbrotPaperBisection;shinbrotPaperBisection;shinbrotPaperBisection;shinbrotPaperBisection;shinbrotPaperBisection;shinbrotPaperBisection;shinbrotPaperBisection;shinbrotPaperBisection;shinbrotPaperBisection;shinbrotPaperBisection;shinbrotPaperBisection;shinbrotPaperBisection;shinbrotPaperBisection;shinbrotPaperBisection;shinbrotPaperBisection;shinbrotPaperBisection;shinbrotPaperBisection;shinbrotPaperBisection;shinbrotPaperBisection;shinbrotPaperBisection;shinbrotPaperBisection;shinbrotPaperBisection;shinbrotPaperBisection;shinbrotPaperBisection;shinbrotPaperBisection;shinbrotPaperBisection;shinbrotPaperBisection;shinbrotPaperBisection;shinbrotPaperBisection;shinbrotPaperBisection;shinbrotPaperBisection;shinbrotPaperBisection;shinbrotPaperBisection,-0.00463002175093;0.0180826365948;-0.0784328985959;-0.0552146293223;0.0853786051273;-0.099664953351;-0.062788400054;-0.0777991916984;0.0264803169295;0.0639476463199;-0.0188368305564;0.063237426494;0.0204265862703;-0.0333842411637;-0.0698856890202;0.0935518205166;-0.0493350543082;0.0819221643731;-0.0636497080326;-0.0582141704857;0.0679762259126;NaN;-0.0734142005444;0.0977057086304;-0.0563940793276;-0.0504321963526;0.080983235687;-0.0576824009418;NaN;0.0542696177959;-0.0596488296986;0.0500821195543;0.0248035823926;-0.0499522329425;-0.0329735338688;0.00417026877403;NaN;-0.0920657068491;-0.0536312162876;-0.0961760972627;0.000228035403416;-0.00949475690722;-0.0797779724002;-0.000429517030716;-0.0673193365335;-0.08861759305;-0.0572340071201;-0.0840079814196;0.0998554017584,1519,meanReturnCycleMatched,1.00026818778561,2.91150919278952,10.8174908072105,16.2633037698196,26.921,0,0,1,0,accepted-crossing limit exhausted,194.6423127
0.5,8,196008,paperCycleCadenceRetargetMode,shinbrotPaperBisection,0,NaN,60,103,NaN,118407,0.0865456722676754,0.0262889618054032,0.0865456722677;0.0234371116385;0.056263504154;0.0813760443591;0.066972014308;-0.0864799201488;-0.0106989614666;0.0245474782772;0.0841152226552;0.0912572003901;0.0495408803225;0.0984265439212;-0.0342857658863;-0.0629807106219;-0.00315520542208;0.0876757243648;0.0922050847672;-0.0256981194019;0.0326369971037;0.0137118399143;-0.0186478796415;0.0796280756593;0.00814084112644;0.0847158849239;0.0657374829054;-0.0986959859729;0.0915552351624;-0.0940349876881;0.0736396649852;-0.000735652510775;-0.0554073989391;-0.0897739002481;0.099336899817;-0.0550329387188;-0.0538013756275;-0.0597475461662;0.000588794052601;-0.0521500371397;-0.0915270596743;-0.0721314489841;0.016743594408;-0.00527334660292;0.0732708694413;0.0468043386936;0.067050581798;-0.0388934671879;-0.0411210462451;-0.0348714411259;0.0355689078569;0.0500439035706;0.0830765239894;-0.0749073803425;-0.0407717049122;-0.0999892622232;0.0622423708439;-0.0325035154819;-0.0125556745101;0.00371190905571;0.0955209633335;0.0919795721769;0.0559724867344;0.00114350020885;-0.0535152852535;0.0631404528394;-0.00139615479857;-0.0246201694012;0.0631672913209;0.0938003554009;0.00487461686134;-0.06895205006;-0.0668132275343;0.0503492388874;0.0262889618054,1,1,shinbrotPaperBisection,0.0865456722676754,3,78,78,77,5,0;0;2;2;2;5;5;6;7;8;9;9;11;13;13;13;15;15;16;18;18;19;20;22;22;22;26;26;28;29;29;29;29;29;29;29;29;29;29;29;29;30;30;30;30;33;34;34;35;36;37;38;38;40;40;43;43;44;44;44;44;44;44;44;47;48;48;50;51;51;51;53;57;57;57;57;57,1519;3038;4557;6076;7595;9114;10633;12152;13671;15190;16709;18228;19747;21266;22785;24304;25823;27342;28861;30380;31899;33418;34937;36456;37975;39494;41013;42532;44051;45570;47089;48608;50127;51646;53165;54684;56203;57722;59241;60760;62279;63798;65317;66836;68355;69874;71393;72912;74431;75950;77469;78988;80507;82026;83545;85064;86583;88102;89621;91140;92659;94178;95697;97216;98735;100254;101773;103292;104811;106330;107849;109368;110887;112406;113925;115444;116963,1.519;3.038;4.557;6.076;7.595;9.114;10.633;12.152;13.671;15.19;16.709;18.228;19.747;21.266;22.785;24.304;25.823;27.342;28.861;30.38;31.899;33.418;34.937;36.456;37.975;39.494;41.013;42.532;44.051;45.57;47.089;48.608;50.127;51.646;53.165;54.684;56.203;57.722;59.241;60.7599999999;62.2789999999;63.7979999999;65.3169999999;66.836;68.355;69.874;71.393;72.912;74.431;75.95;77.469;78.988;80.507;82.026;83.545;85.064;86.583;88.1020000001;89.6210000001;91.1400000001;92.6590000001;94.1780000001;95.6970000001;97.2160000001;98.7350000001;100.254;101.773;103.292;104.811;106.33;107.849;109.368;110.887;112.406;113.925;115.444;116.963,shinbrotPaperBisection;shinbrotPaperBisection;shinbrotPaperBisection;shinbrotPaperBisection;shinbrotPaperBisection;shinbrotPaperBisection;shinbrotPaperBisection;shinbrotPaperBisection;shinbrotPaperBisection;shinbrotPaperBisection;shinbrotPaperBisection;shinbrotPaperBisection;shinbrotPaperBisection;shinbrotPaperBisection;shinbrotPaperBisection;shinbrotPaperBisection;shinbrotPaperBisection;shinbrotPaperBisection;shinbrotPaperBisection;shinbrotPaperBisection;shinbrotPaperBisection;shinbrotPaperBisection;shinbrotPaperBisection;shinbrotPaperBisection;shinbrotPaperBisection;shinbrotPaperBisection;shinbrotPaperBisection;shinbrotPaperBisection;shinbrotPaperBisection;shinbrotPaperBisection;shinbrotPaperBisection;shinbrotPaperBisection;shinbrotPaperBisection;shinbrotPaperBisection;shinbrotPaperBisection;shinbrotPaperBisection;shinbrotPaperBisection;shinbrotPaperBisection;shinbrotPaperBisection;shinbrotPaperBisection;shinbrotPaperBisection;shinbrotPaperBisection;shinbrotPaperBisection;shinbrotPaperBisection;shinbrotPaperBisection;shinbrotPaperBisection;shinbrotPaperBisection;shinbrotPaperBisection;shinbrotPaperBisection;shinbrotPaperBisection;shinbrotPaperBisection;shinbrotPaperBisection;shinbrotPaperBisection;shinbrotPaperBisection;shinbrotPaperBisection;shinbrotPaperBisection;shinbrotPaperBisection;shinbrotPaperBisection;shinbrotPaperBisection;shinbrotPaperBisection;shinbrotPaperBisection;shinbrotPaperBisection;shinbrotPaperBisection;shinbrotPaperBisection;shinbrotPaperBisection;shinbrotPaperBisection;shinbrotPaperBisection;shinbrotPaperBisection;shinbrotPaperBisection;shinbrotPaperBisection;shinbrotPaperBisection;shinbrotPaperBisection;shinbrotPaperBisection;shinbrotPaperBisection;shinbrotPaperBisection;shinbrotPaperBisection;shinbrotPaperBisection,0.0234371116385;0.056263504154;0.0813760443591;0.066972014308;-0.0864799201488;-0.0106989614666;NaN;0.0245474782772;0.0841152226552;0.0912572003901;0.0495408803225;0.0984265439212;-0.0342857658863;-0.0629807106219;-0.00315520542208;0.0876757243648;0.0922050847672;-0.0256981194019;0.0326369971037;0.0137118399143;-0.0186478796415;NaN;0.0796280756593;0.00814084112644;NaN;0.0847158849239;0.0657374829054;-0.0986959859729;0.0915552351624;-0.0940349876881;0.0736396649852;-0.000735652510775;NaN;-0.0554073989391;-0.0897739002481;0.099336899817;NaN;-0.0550329387188;-0.0538013756275;-0.0597475461662;0.000588794052601;-0.0521500371397;-0.0915270596743;-0.0721314489841;0.016743594408;-0.00527334660292;0.0732708694413;0.0468043386936;0.067050581798;-0.0388934671879;-0.0411210462451;-0.0348714411259;0.0355689078569;0.0500439035706;0.0830765239894;-0.0749073803425;-0.0407717049122;-0.0999892622232;0.0622423708439;-0.0325035154819;-0.0125556745101;0.00371190905571;0.0955209633335;0.0919795721769;0.0559724867344;0.00114350020885;-0.0535152852535;0.0631404528394;-0.00139615479857;-0.0246201694012;0.0631672913209;0.0938003554009;0.00487461686134;-0.06895205006;-0.0668132275343;0.0503492388874;0.0262889618054,1519,meanReturnCycleMatched,1.00026818778561,0.00971635948202554,13.719283640518,17.7903209580872,26.921,0,0,1,0,accepted-crossing limit exhausted,330.6291757
0.5,9,196009,paperCycleCadenceRetargetMode,shinbrotPaperBisection,0,NaN,60,63,NaN,76989,0.0865456722676754,0.0404663860797882,0.0865456722677;0.0904264705474;0.0242396827787;0.0322671025991;-0.0463011085987;-0.070224454999;0.0903382793069;-0.0355969846249;-0.0324534758925;-0.00117036234587;-0.093001588434;0.0400337450206;-0.0556464374065;0.0817874133587;-0.0173976406455;0.0995219908655;-0.011800943315;0.0711605608463;0.0375071704388;-0.0721522510052;0.0980907713994;0.0833142325282;0.0248932274058;-0.0962327152491;0.0997895743698;-0.0343133866787;-0.0132316693664;-0.0250255671912;0.0237866863608;-0.0214463844895;-0.0770681411028;-0.0287179395556;-0.0734631717205;0.0485067013651;0.0526080697775;-0.0518694587052;0.0371138900518;0.0850668074447;0.0973257090896;0.0327599352808;0.0541245594621;-0.0497583009303;-0.0136859670281;0.0875353063166;0.0754294335842;0.0102661758661;0.0137832581997;0.0404663860798,1,1,shinbrotPaperBisection,0.0865456722676754,3,51,51,50,3,1;1;4;6;6;8;8;9;16;17;17;18;19;19;20;22;22;24;24;24;24;24;25;26;26;26;29;29;39;39;40;40;40;41;44;46;47;47;47;48;50;50;50;50;52;55;56;58;58;59,1519;3038;4557;6076;7595;9114;10633;12152;13671;15190;16709;18228;19747;21266;22785;24304;25823;27342;28861;30380;31899;33418;34937;36456;37975;39494;41013;42532;44051;45570;47089;48608;50127;51646;53165;54684;56203;57722;59241;60760;62279;63798;65317;66836;68355;69874;71393;72912;74431;75950,1.519;3.038;4.557;6.076;7.595;9.114;10.633;12.152;13.671;15.19;16.709;18.228;19.747;21.266;22.785;24.304;25.823;27.342;28.861;30.38;31.899;33.418;34.937;36.456;37.975;39.494;41.013;42.532;44.051;45.57;47.089;48.608;50.127;51.646;53.165;54.684;56.203;57.722;59.241;60.7599999999;62.2789999999;63.7979999999;65.3169999999;66.836;68.355;69.874;71.393;72.912;74.431;75.95,shinbrotPaperBisection;shinbrotPaperBisection;shinbrotPaperBisection;shinbrotPaperBisection;shinbrotPaperBisection;shinbrotPaperBisection;shinbrotPaperBisection;shinbrotPaperBisection;shinbrotPaperBisection;shinbrotPaperBisection;shinbrotPaperBisection;shinbrotPaperBisection;shinbrotPaperBisection;shinbrotPaperBisection;shinbrotPaperBisection;shinbrotPaperBisection;shinbrotPaperBisection;shinbrotPaperBisection;shinbrotPaperBisection;shinbrotPaperBisection;shinbrotPaperBisection;shinbrotPaperBisection;shinbrotPaperBisection;shinbrotPaperBisection;shinbrotPaperBisection;shinbrotPaperBisection;shinbrotPaperBisection;shinbrotPaperBisection;shinbrotPaperBisection;shinbrotPaperBisection;shinbrotPaperBisection;shinbrotPaperBisection;shinbrotPaperBisection;shinbrotPaperBisection;shinbrotPaperBisection;shinbrotPaperBisection;shinbrotPaperBisection;shinbrotPaperBisection;shinbrotPaperBisection;shinbrotPaperBisection;shinbrotPaperBisection;shinbrotPaperBisection;shinbrotPaperBisection;shinbrotPaperBisection;shinbrotPaperBisection;shinbrotPaperBisection;shinbrotPaperBisection;shinbrotPaperBisection;shinbrotPaperBisection;shinbrotPaperBisection,0.0904264705474;0.0242396827787;0.0322671025991;-0.0463011085987;-0.070224454999;0.0903382793069;-0.0355969846249;-0.0324534758925;-0.00117036234587;-0.093001588434;0.0400337450206;-0.0556464374065;0.0817874133587;-0.0173976406455;0.0995219908655;-0.011800943315;0.0711605608463;0.0375071704388;NaN;-0.0721522510052;0.0980907713994;0.0833142325282;0.0248932274058;-0.0962327152491;0.0997895743698;-0.0343133866787;-0.0132316693664;-0.0250255671912;0.0237866863608;-0.0214463844895;NaN;-0.0770681411028;-0.0287179395556;-0.0734631717205;0.0485067013651;0.0526080697775;-0.0518694587052;0.0371138900518;0.0850668074447;NaN;0.0973257090896;0.0327599352808;0.0541245594621;-0.0497583009303;-0.0136859670281;0.0875353063166;0.0754294335842;0.0102661758661;0.0137832581997;0.0404663860798,1519,meanReturnCycleMatched,1.00026818778561,1.21676050789361,12.5122394921064,28.9908247396521,26.921,0,0,1,0,accepted-crossing limit exhausted,198.311533
0.5,10,196010,paperCycleCadenceRetargetMode,shinbrotPaperBisection,0,NaN,60,74,NaN,94742,0.0865456722676754,-0.0309879347681999,0.0865456722677;0.0748611837626;-0.050308316201;0.0372305482626;0.0924776285887;-0.0106332436204;0.0135643392801;-0.0460997283459;0.0773521691561;-1.95387125132e-05;0.0615201257169;0.098853585124;0.0731480225921;0.0488342445344;-0.00647559775971;-0.089093837142;-0.0539545170963;-0.0783117353916;-0.0271949574351;-0.0648375093937;-0.0169289425015;0.061333039403;0.0910082454793;-0.022858722508;-0.0503250300884;0.0570737764239;0.0516099631786;-0.0455908596516;0.0753970773891;0.0805472314358;0.00194412954152;-0.0280936107039;0.0126600695774;0.0948129307479;-0.0414010204375;0.0958886273205;0.0511978186667;0.00456843078136;-0.0349304258823;-0.0184757053852;0.0466678917408;0.0690070524812;-0.0720005095005;0.0535458624363;-0.0365274891257;-0.0308462336659;-0.0691594660282;-0.0752657520585;-0.0508103191853;-0.0117204010487;0.0351989813149;-0.00453323721886;-0.0615065395832;0.0629543829709;-0.0126653373241;0.0880853286013;-0.0515782050788;0.0406756103039;-0.0309879347682,1,1,shinbrotPaperBisection,0.0865456722676754,3,63,63,62,4,9;9;9;10;11;11;11;12;13;13;13;13;17;18;23;23;26;26;28;29;31;35;35;35;35;35;35;36;37;37;38;38;38;38;38;40;40;40;41;41;41;41;41;41;48;48;50;52;53;53;53;54;54;55;57;57;58;58;58;59;59;59,1519;3038;4557;6076;7595;9114;10633;12152;13671;15190;16709;18228;19747;21266;22785;24304;25823;27342;28861;30380;31899;33418;34937;36456;37975;39494;41013;42532;44051;45570;47089;48608;50127;51646;53165;54684;56203;57722;59241;60760;62279;63798;65317;66836;68355;69874;71393;72912;74431;75950;77469;78988;80507;82026;83545;85064;86583;88102;89621;91140;92659;94178,1.519;3.038;4.557;6.076;7.595;9.114;10.633;12.152;13.671;15.19;16.709;18.228;19.747;21.266;22.785;24.304;25.823;27.342;28.861;30.38;31.899;33.418;34.937;36.456;37.975;39.494;41.013;42.532;44.051;45.57;47.089;48.608;50.127;51.646;53.165;54.684;56.203;57.722;59.241;60.7599999999;62.2789999999;63.7979999999;65.3169999999;66.836;68.355;69.874;71.393;72.912;74.431;75.95;77.469;78.988;80.507;82.026;83.545;85.064;86.583;88.1020000001;89.6210000001;91.1400000001;92.6590000001;94.1780000001,shinbrotPaperBisection;shinbrotPaperBisection;shinbrotPaperBisection;shinbrotPaperBisection;shinbrotPaperBisection;shinbrotPaperBisection;shinbrotPaperBisection;shinbrotPaperBisection;shinbrotPaperBisection;shinbrotPaperBisection;shinbrotPaperBisection;shinbrotPaperBisection;shinbrotPaperBisection;shinbrotPaperBisection;shinbrotPaperBisection;shinbrotPaperBisection;shinbrotPaperBisection;shinbrotPaperBisection;shinbrotPaperBisection;shinbrotPaperBisection;shinbrotPaperBisection;shinbrotPaperBisection;shinbrotPaperBisection;shinbrotPaperBisection;shinbrotPaperBisection;shinbrotPaperBisection;shinbrotPaperBisection;shinbrotPaperBisection;shinbrotPaperBisection;shinbrotPaperBisection;shinbrotPaperBisection;shinbrotPaperBisection;shinbrotPaperBisection;shinbrotPaperBisection;shinbrotPaperBisection;shinbrotPaperBisection;shinbrotPaperBisection;shinbrotPaperBisection;shinbrotPaperBisection;shinbrotPaperBisection;shinbrotPaperBisection;shinbrotPaperBisection;shinbrotPaperBisection;shinbrotPaperBisection;shinbrotPaperBisection;shinbrotPaperBisection;shinbrotPaperBisection;shinbrotPaperBisection;shinbrotPaperBisection;shinbrotPaperBisection;shinbrotPaperBisection;shinbrotPaperBisection;shinbrotPaperBisection;shinbrotPaperBisection;shinbrotPaperBisection;shinbrotPaperBisection;shinbrotPaperBisection;shinbrotPaperBisection;shinbrotPaperBisection;shinbrotPaperBisection;shinbrotPaperBisection;shinbrotPaperBisection,0.0748611837626;-0.050308316201;0.0372305482626;0.0924776285887;-0.0106332436204;0.0135643392801;-0.0460997283459;0.0773521691561;-1.95387125132e-05;NaN;0.0615201257169;0.098853585124;0.0731480225921;0.0488342445344;-0.00647559775971;-0.089093837142;-0.0539545170963;-0.0783117353916;NaN;-0.0271949574351;-0.0648375093937;-0.0169289425015;0.061333039403;0.0910082454793;-0.022858722508;-0.0503250300884;0.0570737764239;0.0516099631786;-0.0455908596516;0.0753970773891;0.0805472314358;0.00194412954152;NaN;-0.0280936107039;0.0126600695774;0.0948129307479;-0.0414010204375;0.0958886273205;0.0511978186667;0.00456843078136;-0.0349304258823;-0.0184757053852;0.0466678917408;0.0690070524812;-0.0720005095005;0.0535458624363;-0.0365274891257;-0.0308462336659;-0.0691594660282;-0.0752657520585;-0.0508103191853;-0.0117204010487;0.0351989813149;-0.00453323721886;-0.0615065395832;0.0629543829709;-0.0126653373241;0.0880853286013;-0.0515782050788;0.0406756103039;-0.0309879347682;NaN,1519,meanReturnCycleMatched,1.00026818778561,0.795307780510681,14.5243077805107,12.4211296944998,26.921,0,0,1,0,accepted-crossing limit exhausted,222.0929806
1,1,197001,paperCycleCadenceRetargetMode,shinbrotPaperBisection,0,NaN,60,78,NaN,83597,0.0865456722676754,-0.0317530214786529,0.0865456722677;-0.091024440527;0.0906434029341;-0.0588866651058;0.000558202713728;-0.0391148626804;0.0249974613165;-0.0999590620399;-0.0938798129559;0.0767292007804;-0.0247973993421;-0.0763723194599;0.0146896265447;-0.016807538271;-0.0366208419204;-0.0779530107975;0.0331102699041;0.0976268751547;-0.0198881223798;-0.0333935514092;0.0970542095602;0.0301580011845;-0.0347602427006;0.0989039123058;-0.0238363325596;-0.0261945977807;-0.0993517369032;0.00994584262371;0.0520086579025;-0.0294638812542;-0.0687992602587;-0.0929005784914;-0.0909319922328;0.0216060891747;0.0839436506853;0.0750641170889;0.00960765480995;-0.0567172802985;0.0835256665945;0.00204449445009;0.0501056322828;-0.0177780613303;0.0300554700196;-0.0153791591525;0.0153816729784;-0.0849616348743;0.0224624812603;-0.0958773836493;0.0639130089432;0.00280452892184;-0.000670439004898;0.0508460924029;-0.0317530214787,1,1,shinbrotPaperBisection,0.0865456722676754,3,56,56,55,3,0;0;0;3;3;3;3;3;3;3;3;6;6;6;8;8;11;11;12;13;14;14;17;18;24;28;28;29;29;31;31;31;32;33;33;33;34;39;39;40;40;40;41;41;43;48;50;54;54;54;55;55;55;56;59,1519;3038;4557;6076;7595;9114;10633;12152;13671;15190;16709;18228;19747;21266;22785;24304;25823;27342;28861;30380;31899;33418;34937;36456;37975;39494;41013;42532;44051;45570;47089;48608;50127;51646;53165;54684;56203;57722;59241;60760;62279;63798;65317;66836;68355;69874;71393;72912;74431;75950;77469;78988;80507;82026;83545,1.519;3.038;4.557;6.076;7.595;9.114;10.633;12.152;13.671;15.19;16.709;18.228;19.747;21.266;22.785;24.304;25.823;27.342;28.861;30.38;31.899;33.418;34.937;36.456;37.975;39.494;41.013;42.532;44.051;45.57;47.089;48.608;50.127;51.646;53.165;54.684;56.203;57.722;59.241;60.7599999999;62.2789999999;63.7979999999;65.3169999999;66.836;68.355;69.874;71.393;72.912;74.431;75.95;77.469;78.988;80.507;82.026;83.545,shinbrotPaperBisection;shinbrotPaperBisection;shinbrotPaperBisection;shinbrotPaperBisection;shinbrotPaperBisection;shinbrotPaperBisection;shinbrotPaperBisection;shinbrotPaperBisection;shinbrotPaperBisection;shinbrotPaperBisection;shinbrotPaperBisection;shinbrotPaperBisection;shinbrotPaperBisection;shinbrotPaperBisection;shinbrotPaperBisection;shinbrotPaperBisection;shinbrotPaperBisection;shinbrotPaperBisection;shinbrotPaperBisection;shinbrotPaperBisection;shinbrotPaperBisection;shinbrotPaperBisection;shinbrotPaperBisection;shinbrotPaperBisection;shinbrotPaperBisection;shinbrotPaperBisection;shinbrotPaperBisection;shinbrotPaperBisection;shinbrotPaperBisection;shinbrotPaperBisection;shinbrotPaperBisection;shinbrotPaperBisection;shinbrotPaperBisection;shinbrotPaperBisection;shinbrotPaperBisection;shinbrotPaperBisection;shinbrotPaperBisection;shinbrotPaperBisection;shinbrotPaperBisection;shinbrotPaperBisection;shinbrotPaperBisection;shinbrotPaperBisection;shinbrotPaperBisection;shinbrotPaperBisection;shinbrotPaperBisection;shinbrotPaperBisection;shinbrotPaperBisection;shinbrotPaperBisection;shinbrotPaperBisection;shinbrotPaperBisection;shinbrotPaperBisection;shinbrotPaperBisection;shinbrotPaperBisection;shinbrotPaperBisection;shinbrotPaperBisection,-0.091024440527;0.0906434029341;-0.0588866651058;0.000558202713728;-0.0391148626804;0.0249974613165;-0.0999590620399;-0.0938798129559;0.0767292007804;-0.0247973993421;-0.0763723194599;0.0146896265447;NaN;-0.016807538271;-0.0366208419204;-0.0779530107975;0.0331102699041;0.0976268751547;-0.0198881223798;-0.0333935514092;0.0970542095602;0.0301580011845;-0.0347602427006;0.0989039123058;-0.0238363325596;-0.0261945977807;-0.0993517369032;0.00994584262371;0.0520086579025;-0.0294638812542;-0.0687992602587;-0.0929005784914;-0.0909319922328;0.0216060891747;0.0839436506853;0.0750641170889;0.00960765480995;-0.0567172802985;0.0835256665945;0.00204449445009;0.0501056322828;-0.0177780613303;0.0300554700196;-0.0153791591525;0.0153816729784;-0.0849616348743;NaN;NaN;0.0224624812603;-0.0958773836493;0.0639130089432;0.00280452892184;-0.000670439004898;0.0508460924029;-0.0317530214787,1519,meanReturnCycleMatched,1.00026818778561,7.28541814404415,21.0144181440442,36.7464550949824,26.921,0,0,1,0,accepted-crossing limit exhausted,158.717946
1,2,197002,paperCycleCadenceRetargetMode,shinbrotPaperBisection,0,NaN,60,55,NaN,61165,0.0865456722676754,-0.0523266203701496,0.0865456722677;-0.0967044599354;0.0956666886806;-0.0528709352016;0.0985078658909;-0.089014545083;0.076074282825;0.0835573107004;0.0945460125804;-0.0936971366405;0.0283199489117;0.0981446711347;-0.0459283649921;0.0570123754442;-0.0228053167462;-0.0834075629711;-0.0259268864989;0.0542451828718;-0.0181672275066;-0.0767463058233;-0.0180514529347;0.0362559139729;0.0487984022126;0.0787149645388;-0.00624610996383;-0.0699057281017;0.0899326600134;0.0714295595884;0.0900780227035;0.0504061020911;0.0809550441802;-0.0864861637354;-0.0943222224712;0.0117352545261;0.0191786471754;0.0553860962391;-0.0523266203701,1,1,shinbrotPaperBisection,0.0865456722676754,3,41,41,40,4,15;17;22;22;22;22;22;23;23;23;24;24;26;30;30;34;34;36;38;38;40;40;40;40;41;41;41;47;49;52;53;53;54;54;56;56;56;56;59;59,1519;3038;4557;6076;7595;9114;10633;12152;13671;15190;16709;18228;19747;21266;22785;24304;25823;27342;28861;30380;31899;33418;34937;36456;37975;39494;41013;42532;44051;45570;47089;48608;50127;51646;53165;54684;56203;57722;59241;60760,1.519;3.038;4.557;6.076;7.595;9.114;10.633;12.152;13.671;15.19;16.709;18.228;19.747;21.266;22.785;24.304;25.823;27.342;28.861;30.38;31.899;33.418;34.937;36.456;37.975;39.494;41.013;42.532;44.051;45.57;47.089;48.608;50.127;51.646;53.165;54.684;56.203;57.722;59.241;60.7599999999,shinbrotPaperBisection;shinbrotPaperBisection;shinbrotPaperBisection;shinbrotPaperBisection;shinbrotPaperBisection;shinbrotPaperBisection;shinbrotPaperBisection;shinbrotPaperBisection;shinbrotPaperBisection;shinbrotPaperBisection;shinbrotPaperBisection;shinbrotPaperBisection;shinbrotPaperBisection;shinbrotPaperBisection;shinbrotPaperBisection;shinbrotPaperBisection;shinbrotPaperBisection;shinbrotPaperBisection;shinbrotPaperBisection;shinbrotPaperBisection;shinbrotPaperBisection;shinbrotPaperBisection;shinbrotPaperBisection;shinbrotPaperBisection;shinbrotPaperBisection;shinbrotPaperBisection;shinbrotPaperBisection;shinbrotPaperBisection;shinbrotPaperBisection;shinbrotPaperBisection;shinbrotPaperBisection;shinbrotPaperBisection;shinbrotPaperBisection;shinbrotPaperBisection;shinbrotPaperBisection;shinbrotPaperBisection;shinbrotPaperBisection;shinbrotPaperBisection;shinbrotPaperBisection;shinbrotPaperBisection,NaN;-0.0967044599354;0.0956666886806;-0.0528709352016;0.0985078658909;-0.089014545083;0.076074282825;0.0835573107004;0.0945460125804;-0.0936971366405;0.0283199489117;0.0981446711347;-0.0459283649921;0.0570123754442;-0.0228053167462;-0.0834075629711;-0.0259268864989;0.0542451828718;-0.0181672275066;-0.0767463058233;-0.0180514529347;0.0362559139729;0.0487984022126;0.0787149645388;-0.00624610996383;NaN;-0.0699057281017;0.0899326600134;NaN;0.0714295595884;0.0900780227035;0.0504061020911;NaN;0.0809550441802;-0.0864861637354;-0.0943222224712;0.0117352545261;0.0191786471754;0.0553860962391;-0.0523266203701,1519,meanReturnCycleMatched,1.00026818778561,5.91318894559409,19.6421889455941,19.1134602947532,26.921,0,0,1,0,accepted-crossing limit exhausted,153.2801635
1,3,197003,paperCycleCadenceRetargetMode,shinbrotPaperBisection,0,NaN,60,52,NaN,70297,0.0865456722676754,0.0961820460855961,0.0865456722677;-0.0531514022499;0.0978443777189;-0.000249844510108;0.0777872156352;-0.0213320195675;-0.0239201799035;-0.0669309198856;0.00914899557829;-0.0877300560474;-0.00562403351068;0.060174933821;-0.0930972501636;0.066837349534;-0.0695813685656;0.0265863519162;-0.0583313882351;0.015319250524;-0.00880841463804;-0.0765547484159;-0.0789407879114;-0.0473922431469;-0.0756704032421;0.0149000227451;0.0275318987668;0.0816303304397;-0.0985615074635;-0.0509613215923;0.00193169414997;-0.0595534950495;0.0804461099207;0.0753203917295;-0.0247946038842;0.0746030062437;-0.0290080741048;-0.0949144691229;-0.0416574910283;0.0425423681736;0.0517192743719;-0.0999983727932;-0.0610837042332;-0.0998463816941;0.00595202594995;0.0990733958781;0.0961820460856,1,1,shinbrotPaperBisection,0.0865456722676754,3,47,47,46,2,6;7;9;12;12;12;15;16;16;16;17;18;21;27;27;27;27;30;30;30;32;32;32;33;35;35;38;38;41;43;44;45;45;45;47;47;49;50;50;50;51;52;53;54;54;59,1519;3038;4557;6076;7595;9114;10633;12152;13671;15190;16709;18228;19747;21266;22785;24304;25823;27342;28861;30380;31899;33418;34937;36456;37975;39494;41013;42532;44051;45570;47089;48608;50127;51646;53165;54684;56203;57722;59241;60760;62279;63798;65317;66836;68355;69874,1.519;3.038;4.557;6.076;7.595;9.114;10.633;12.152;13.671;15.19;16.709;18.228;19.747;21.266;22.785;24.304;25.823;27.342;28.861;30.38;31.899;33.418;34.937;36.456;37.975;39.494;41.013;42.532;44.051;45.57;47.089;48.608;50.127;51.646;53.165;54.684;56.203;57.722;59.241;60.7599999999;62.2789999999;63.7979999999;65.3169999999;66.836;68.355;69.874,shinbrotPaperBisection;shinbrotPaperBisection;shinbrotPaperBisection;shinbrotPaperBisection;shinbrotPaperBisection;shinbrotPaperBisection;shinbrotPaperBisection;shinbrotPaperBisection;shinbrotPaperBisection;shinbrotPaperBisection;shinbrotPaperBisection;shinbrotPaperBisection;shinbrotPaperBisection;shinbrotPaperBisection;shinbrotPaperBisection;shinbrotPaperBisection;shinbrotPaperBisection;shinbrotPaperBisection;shinbrotPaperBisection;shinbrotPaperBisection;shinbrotPaperBisection;shinbrotPaperBisection;shinbrotPaperBisection;shinbrotPaperBisection;shinbrotPaperBisection;shinbrotPaperBisection;shinbrotPaperBisection;shinbrotPaperBisection;shinbrotPaperBisection;shinbrotPaperBisection;shinbrotPaperBisection;shinbrotPaperBisection;shinbrotPaperBisection;shinbrotPaperBisection;shinbrotPaperBisection;shinbrotPaperBisection;shinbrotPaperBisection;shinbrotPaperBisection;shinbrotPaperBisection;shinbrotPaperBisection;shinbrotPaperBisection;shinbrotPaperBisection;shinbrotPaperBisection;shinbrotPaperBisection;shinbrotPaperBisection;shinbrotPaperBisection,-0.0531514022499;0.0978443777189;-0.000249844510108;0.0777872156352;-0.0213320195675;-0.0239201799035;-0.0669309198856;0.00914899557829;-0.0877300560474;-0.00562403351068;0.060174933821;-0.0930972501636;0.066837349534;-0.0695813685656;0.0265863519162;-0.0583313882351;0.015319250524;-0.00880841463804;-0.0765547484159;-0.0789407879114;-0.0473922431469;-0.0756704032421;0.0149000227451;0.0275318987668;0.0816303304397;-0.0985615074635;-0.0509613215923;0.00193169414997;-0.0595534950495;0.0804461099207;0.0753203917295;-0.0247946038842;0.0746030062437;-0.0290080741048;-0.0949144691229;NaN;-0.0416574910283;0.0425423681736;0.0517192743719;-0.0999983727932;-0.0610837042332;-0.0998463816941;0.00595202594995;NaN;0.0990733958781;0.0961820460856,1519,meanReturnCycleMatched,1.00026818778561,7.02267549156622,20.7516754915662,36.0389776090793,26.921,0,0,1,0,accepted-crossing limit exhausted,173.070454
1,4,197004,paperCycleCadenceRetargetMode,shinbrotPaperBisection,0,NaN,60,60,NaN,78797,0.0865456722676754,-0.0300155222415924,0.0865456722677;0.0509536452591;0.0501417484134;0.00807548165321;0.0859922400676;0.071696132049;0.040795570612;0.00173406302929;-0.0602536469698;-0.067036319524;-0.0249419925734;0.0469452496152;-0.0867747724056;-0.0341037407517;-0.0221095674206;0.0723673162051;-0.044845110178;0.0728747755289;0.0999092217535;-0.0143054283573;-0.0313531592488;0.0979323126143;-0.0790811955929;0.0793745905161;0.0907319687307;-0.0467988755554;-0.0657536923885;0.0911247737706;0.0859568267246;0.0688316681888;-0.00981376692653;-0.0969282485545;-0.0828098908067;0.0514275103807;-0.0310451924801;0.0223704801872;0.0933040171862;-0.0966016829014;0.00144931338727;0.00832024216652;0.0457879602909;-0.0423494875431;-0.0410746559501;-0.0294393796474;-0.0101385787129;-0.0300155222416,1,1,shinbrotPaperBisection,0.0865456722676754,3,52,52,51,6,1;1;1;4;9;9;9;13;13;13;13;13;15;16;19;20;20;22;22;22;29;29;30;30;30;31;31;32;32;32;33;34;34;36;37;37;37;37;38;38;39;40;43;48;52;54;54;55;56;58;59,1519;3038;4557;6076;7595;9114;10633;12152;13671;15190;16709;18228;19747;21266;22785;24304;25823;27342;28861;30380;31899;33418;34937;36456;37975;39494;41013;42532;44051;45570;47089;48608;50127;51646;53165;54684;56203;57722;59241;60760;62279;63798;65317;66836;68355;69874;71393;72912;74431;75950;77469,1.519;3.038;4.557;6.076;7.595;9.114;10.633;12.152;13.671;15.19;16.709;18.228;19.747;21.266;22.785;24.304;25.823;27.342;28.861;30.38;31.899;33.418;34.937;36.456;37.975;39.494;41.013;42.532;44.051;45.57;47.089;48.608;50.127;51.646;53.165;54.684;56.203;57.722;59.241;60.7599999999;62.2789999999;63.7979999999;65.3169999999;66.836;68.355;69.874;71.393;72.912;74.431;75.95;77.469,shinbrotPaperBisection;shinbrotPaperBisection;shinbrotPaperBisection;shinbrotPaperBisection;shinbrotPaperBisection;shinbrotPaperBisection;shinbrotPaperBisection;shinbrotPaperBisection;shinbrotPaperBisection;shinbrotPaperBisection;shinbrotPaperBisection;shinbrotPaperBisection;shinbrotPaperBisection;shinbrotPaperBisection;shinbrotPaperBisection;shinbrotPaperBisection;shinbrotPaperBisection;shinbrotPaperBisection;shinbrotPaperBisection;shinbrotPaperBisection;shinbrotPaperBisection;shinbrotPaperBisection;shinbrotPaperBisection;shinbrotPaperBisection;shinbrotPaperBisection;shinbrotPaperBisection;shinbrotPaperBisection;shinbrotPaperBisection;shinbrotPaperBisection;shinbrotPaperBisection;shinbrotPaperBisection;shinbrotPaperBisection;shinbrotPaperBisection;shinbrotPaperBisection;shinbrotPaperBisection;shinbrotPaperBisection;shinbrotPaperBisection;shinbrotPaperBisection;shinbrotPaperBisection;shinbrotPaperBisection;shinbrotPaperBisection;shinbrotPaperBisection;shinbrotPaperBisection;shinbrotPaperBisection;shinbrotPaperBisection;shinbrotPaperBisection;shinbrotPaperBisection;shinbrotPaperBisection;shinbrotPaperBisection;shinbrotPaperBisection;shinbrotPaperBisection,0.0509536452591;0.0501417484134;0.00807548165321;0.0859922400676;NaN;0.071696132049;0.040795570612;0.00173406302929;-0.0602536469698;-0.067036319524;-0.0249419925734;NaN;0.0469452496152;-0.0867747724056;-0.0341037407517;-0.0221095674206;0.0723673162051;-0.044845110178;0.0728747755289;0.0999092217535;-0.0143054283573;-0.0313531592488;0.0979323126143;-0.0790811955929;NaN;0.0793745905161;0.0907319687307;-0.0467988755554;-0.0657536923885;NaN;0.0911247737706;0.0859568267246;0.0688316681888;-0.00981376692653;NaN;-0.0969282485545;-0.0828098908067;NaN;0.0514275103807;-0.0310451924801;0.0223704801872;0.0933040171862;-0.0966016829014;0.00144931338727;0.00832024216652;0.0457879602909;-0.0423494875431;-0.0410746559501;-0.0294393796474;-0.0101385787129;-0.0300155222416,1519,meanReturnCycleMatched,1.00026818778561,1.34587680996373,15.0748768099637,26.7272424732026,26.921,0,0,1,0,accepted-crossing limit exhausted,202.094354
1,5,197005,paperCycleCadenceRetargetMode,shinbrotPaperBisection,0,NaN,60,94,NaN,91563,0.0865456722676754,0.084675957262516,0.0865456722677;-0.0275828674436;0.000324914231896;0.0740786209702;0.0307443082333;0.0613533675671;0.0467091470957;-0.0833571508527;-0.0742131445557;-0.0126793697476;0.096566170454;-0.0330122694373;0.0489969141781;-0.0845456779003;0.0360028500669;0.0998787778197;-0.0495537221432;-0.00561490207911;0.0158073246479;-0.078847983852;-0.0269654095173;-0.0253932073712;0.0398611806333;0.068780330196;0.0268040597439;-0.0999184800312;0.0825390499085;0.00295186936855;-0.0335759103298;-0.0597160279751;-6.30347640254e-05;0.0909037530422;0.0725563278422;-0.0384267151356;-0.0749121129513;0.0876623593271;0.0515324190259;-0.0915269583464;-0.0080373942852;-0.0228750005364;0.073485454917;0.0361230224371;0.0837360069156;-0.0471232146025;0.0044332921505;0.0781164033862;0.0367279320955;0.0866037912667;-0.0994492784142;0.0797557398677;0.0360395302996;-0.0506996443495;0.0393805325031;0.0999319735914;-0.052309769392;0.0846759572625,1,1,shinbrotPaperBisection,0.0865456722676754,3,61,61,60,5,2;2;3;3;4;4;7;7;9;9;9;9;10;12;12;12;13;13;14;14;14;15;16;19;19;19;20;24;24;25;25;26;26;27;27;27;29;30;33;33;33;35;38;39;45;45;47;48;48;48;48;48;48;52;52;54;55;55;58;59,1519;3038;4557;6076;7595;9114;10633;12152;13671;15190;16709;18228;19747;21266;22785;24304;25823;27342;28861;30380;31899;33418;34937;36456;37975;39494;41013;42532;44051;45570;47089;48608;50127;51646;53165;54684;56203;57722;59241;60760;62279;63798;65317;66836;68355;69874;71393;72912;74431;75950;77469;78988;80507;82026;83545;85064;86583;88102;89621;91140,1.519;3.038;4.557;6.076;7.595;9.114;10.633;12.152;13.671;15.19;16.709;18.228;19.747;21.266;22.785;24.304;25.823;27.342;28.861;30.38;31.899;33.418;34.937;36.456;37.975;39.494;41.013;42.532;44.051;45.57;47.089;48.608;50.127;51.646;53.165;54.684;56.203;57.722;59.241;60.7599999999;62.2789999999;63.7979999999;65.3169999999;66.836;68.355;69.874;71.393;72.912;74.431;75.95;77.469;78.988;80.507;82.026;83.545;85.064;86.583;88.1020000001;89.6210000001;91.1400000001,shinbrotPaperBisection;shinbrotPaperBisection;shinbrotPaperBisection;shinbrotPaperBisection;shinbrotPaperBisection;shinbrotPaperBisection;shinbrotPaperBisection;shinbrotPaperBisection;shinbrotPaperBisection;shinbrotPaperBisection;shinbrotPaperBisection;shinbrotPaperBisection;shinbrotPaperBisection;shinbrotPaperBisection;shinbrotPaperBisection;shinbrotPaperBisection;shinbrotPaperBisection;shinbrotPaperBisection;shinbrotPaperBisection;shinbrotPaperBisection;shinbrotPaperBisection;shinbrotPaperBisection;shinbrotPaperBisection;shinbrotPaperBisection;shinbrotPaperBisection;shinbrotPaperBisection;shinbrotPaperBisection;shinbrotPaperBisection;shinbrotPaperBisection;shinbrotPaperBisection;shinbrotPaperBisection;shinbrotPaperBisection;shinbrotPaperBisection;shinbrotPaperBisection;shinbrotPaperBisection;shinbrotPaperBisection;shinbrotPaperBisection;shinbrotPaperBisection;shinbrotPaperBisection;shinbrotPaperBisection;shinbrotPaperBisection;shinbrotPaperBisection;shinbrotPaperBisection;shinbrotPaperBisection;shinbrotPaperBisection;shinbrotPaperBisection;shinbrotPaperBisection;shinbrotPaperBisection;shinbrotPaperBisection;shinbrotPaperBisection;shinbrotPaperBisection;shinbrotPaperBisection;shinbrotPaperBisection;shinbrotPaperBisection;shinbrotPaperBisection;shinbrotPaperBisection;shinbrotPaperBisection;shinbrotPaperBisection;shinbrotPaperBisection;shinbrotPaperBisection,-0.0275828674436;0.000324914231896;0.0740786209702;0.0307443082333;0.0613533675671;0.0467091470957;-0.0833571508527;-0.0742131445557;NaN;-0.0126793697476;0.096566170454;-0.0330122694373;0.0489969141781;-0.0845456779003;0.0360028500669;0.0998787778197;-0.0495537221432;-0.00561490207911;0.0158073246479;-0.078847983852;-0.0269654095173;-0.0253932073712;0.0398611806333;0.068780330196;0.0268040597439;-0.0999184800312;0.0825390499085;0.00295186936855;-0.0335759103298;-0.0597160279751;-6.30347640254e-05;0.0909037530422;0.0725563278422;-0.0384267151356;NaN;-0.0749121129513;0.0876623593271;0.0515324190259;NaN;-0.0915269583464;NaN;-0.0080373942852;-0.0228750005364;0.073485454917;0.0361230224371;0.0837360069156;-0.0471232146025;0.0044332921505;0.0781164033862;0.0367279320955;0.0866037912667;-0.0994492784142;0.0797557398677;NaN;0.0360395302996;-0.0506996443495;0.0393805325031;0.0999319735914;-0.052309769392;0.0846759572625,1519,meanReturnCycleMatched,1.00026818778561,4.60709846184101,18.336098461841,19.2953071884529,26.921,0,0,1,0,accepted-crossing limit exhausted,215.8540623
1,6,197006,paperCycleCadenceRetargetMode,shinbrotPaperBisection,0,NaN,60,75,NaN,74036,0.0865456722676754,-0.000132974330335856,0.0865456722677;-0.0936878414359;-0.0282207414508;-0.0646071732044;-0.034499591589;0.0481739103794;-0.010737401247;-0.0841088235378;-0.0498788654804;-0.00293670296669;-0.037240121793;0.0808112680912;-0.0807096630335;-0.0844057112932;-0.0978898324072;-0.0417286619544;0.070582601428;0.0243556082249;0.0979838915169;0.0954420480877;0.0924662441015;0.0298843033612;0.0810609161854;-0.00443771034479;0.037665528059;-0.0307420790195;-0.0150397598743;0.0404540121555;-0.0889285266399;0.0453588303179;0.0367530882359;-0.0285112962127;0.0815314590931;-0.0990130876191;-0.0657613456249;0.0841450914741;-0.0992877542973;0.0705799907446;-0.0047685995698;0.0300586044788;0.0707537919283;-0.00244585871696;0.0806855790317;-0.0560234367847;0.068222681107;-0.0446574389935;-0.000132974330336,1,1,shinbrotPaperBisection,0.0865456722676754,3,49,49,48,2,1;6;6;7;8;8;8;9;12;12;12;12;12;14;17;17;24;24;24;27;27;27;28;31;33;33;33;34;34;36;38;38;41;45;45;45;50;50;50;50;51;52;54;55;55;56;57;57,1519;3038;4557;6076;7595;9114;10633;12152;13671;15190;16709;18228;19747;21266;22785;24304;25823;27342;28861;30380;31899;33418;34937;36456;37975;39494;41013;42532;44051;45570;47089;48608;50127;51646;53165;54684;56203;57722;59241;60760;62279;63798;65317;66836;68355;69874;71393;72912,1.519;3.038;4.557;6.076;7.595;9.114;10.633;12.152;13.671;15.19;16.709;18.228;19.747;21.266;22.785;24.304;25.823;27.342;28.861;30.38;31.899;33.418;34.937;36.456;37.975;39.494;41.013;42.532;44.051;45.57;47.089;48.608;50.127;51.646;53.165;54.684;56.203;57.722;59.241;60.7599999999;62.2789999999;63.7979999999;65.3169999999;66.836;68.355;69.874;71.393;72.912,shinbrotPaperBisection;shinbrotPaperBisection;shinbrotPaperBisection;shinbrotPaperBisection;shinbrotPaperBisection;shinbrotPaperBisection;shinbrotPaperBisection;shinbrotPaperBisection;shinbrotPaperBisection;shinbrotPaperBisection;shinbrotPaperBisection;shinbrotPaperBisection;shinbrotPaperBisection;shinbrotPaperBisection;shinbrotPaperBisection;shinbrotPaperBisection;shinbrotPaperBisection;shinbrotPaperBisection;shinbrotPaperBisection;shinbrotPaperBisection;shinbrotPaperBisection;shinbrotPaperBisection;shinbrotPaperBisection;shinbrotPaperBisection;shinbrotPaperBisection;shinbrotPaperBisection;shinbrotPaperBisection;shinbrotPaperBisection;shinbrotPaperBisection;shinbrotPaperBisection;shinbrotPaperBisection;shinbrotPaperBisection;shinbrotPaperBisection;shinbrotPaperBisection;shinbrotPaperBisection;shinbrotPaperBisection;shinbrotPaperBisection;shinbrotPaperBisection;shinbrotPaperBisection;shinbrotPaperBisection;shinbrotPaperBisection;shinbrotPaperBisection;shinbrotPaperBisection;shinbrotPaperBisection;shinbrotPaperBisection;shinbrotPaperBisection;shinbrotPaperBisection;shinbrotPaperBisection,-0.0936878414359;-0.0282207414508;-0.0646071732044;NaN;NaN;-0.034499591589;0.0481739103794;-0.010737401247;-0.0841088235378;-0.0498788654804;-0.00293670296669;-0.037240121793;0.0808112680912;-0.0807096630335;-0.0844057112932;-0.0978898324072;-0.0417286619544;0.070582601428;0.0243556082249;0.0979838915169;0.0954420480877;0.0924662441015;0.0298843033612;0.0810609161854;-0.00443771034479;0.037665528059;-0.0307420790195;-0.0150397598743;0.0404540121555;-0.0889285266399;0.0453588303179;0.0367530882359;-0.0285112962127;0.0815314590931;-0.0990130876191;-0.0657613456249;0.0841450914741;-0.0992877542973;0.0705799907446;-0.0047685995698;0.0300586044788;0.0707537919283;-0.00244585871696;0.0806855790317;-0.0560234367847;0.068222681107;-0.0446574389935;-0.000132974330336,1519,meanReturnCycleMatched,1.00026818778561,3.29959737180202,17.028597371802,17.5420808112483,26.921,0,0,1,0,accepted-crossing limit exhausted,155.632511
1,7,197007,paperCycleCadenceRetargetMode,shinbrotPaperBisection,0,NaN,60,62,NaN,71098,0.0865456722676754,-0.0259495079517365,0.0865456722677;-0.0515982329845;-0.0478716894984;-0.0847027599812;0.0945611141622;-0.0188826143742;-0.00850568413734;-0.0689881503582;0.0624616862275;-0.0604760110378;0.0753544837236;0.0949267297983;0.0822793029249;0.0280022054911;-0.0569999992847;-0.0167144730687;0.0530574858189;0.014433539845;-0.0021748682484;0.0564434852451;0.048127048905;0.0498826563358;-0.0254351079464;-0.0998527021613;0.0903011038899;0.0248738523573;0.0276314921677;-0.0400497868657;-0.0514138847589;0.0392208397388;0.0920852150768;0.0298277877271;-0.0720391899347;0.0747945457697;-0.0537265479565;0.0660960093141;0.0295995995402;0.0761914417148;-0.0579605638981;-0.0957537092268;-0.0101993143559;-0.0670993834734;-0.0259495079517,1,1,shinbrotPaperBisection,0.0865456722676754,3,47,47,46,4,1;2;3;3;3;5;5;8;8;10;12;12;13;13;13;14;15;17;17;19;20;20;22;22;25;26;29;30;30;33;33;41;41;43;43;46;47;47;47;50;51;52;55;55;55;55,1519;3038;4557;6076;7595;9114;10633;12152;13671;15190;16709;18228;19747;21266;22785;24304;25823;27342;28861;30380;31899;33418;34937;36456;37975;39494;41013;42532;44051;45570;47089;48608;50127;51646;53165;54684;56203;57722;59241;60760;62279;63798;65317;66836;68355;69874,1.519;3.038;4.557;6.076;7.595;9.114;10.633;12.152;13.671;15.19;16.709;18.228;19.747;21.266;22.785;24.304;25.823;27.342;28.861;30.38;31.899;33.418;34.937;36.456;37.975;39.494;41.013;42.532;44.051;45.57;47.089;48.608;50.127;51.646;53.165;54.684;56.203;57.722;59.241;60.7599999999;62.2789999999;63.7979999999;65.3169999999;66.836;68.355;69.874,shinbrotPaperBisection;shinbrotPaperBisection;shinbrotPaperBisection;shinbrotPaperBisection;shinbrotPaperBisection;shinbrotPaperBisection;shinbrotPaperBisection;shinbrotPaperBisection;shinbrotPaperBisection;shinbrotPaperBisection;shinbrotPaperBisection;shinbrotPaperBisection;shinbrotPaperBisection;shinbrotPaperBisection;shinbrotPaperBisection;shinbrotPaperBisection;shinbrotPaperBisection;shinbrotPaperBisection;shinbrotPaperBisection;shinbrotPaperBisection;shinbrotPaperBisection;shinbrotPaperBisection;shinbrotPaperBisection;shinbrotPaperBisection;shinbrotPaperBisection;shinbrotPaperBisection;shinbrotPaperBisection;shinbrotPaperBisection;shinbrotPaperBisection;shinbrotPaperBisection;shinbrotPaperBisection;shinbrotPaperBisection;shinbrotPaperBisection;shinbrotPaperBisection;shinbrotPaperBisection;shinbrotPaperBisection;shinbrotPaperBisection;shinbrotPaperBisection;shinbrotPaperBisection;shinbrotPaperBisection;shinbrotPaperBisection;shinbrotPaperBisection;shinbrotPaperBisection;shinbrotPaperBisection;shinbrotPaperBisection;shinbrotPaperBisection,-0.0515982329845;-0.0478716894984;-0.0847027599812;NaN;0.0945611141622;-0.0188826143742;-0.00850568413734;-0.0689881503582;NaN;0.0624616862275;NaN;-0.0604760110378;0.0753544837236;0.0949267297983;NaN;0.0822793029249;0.0280022054911;-0.0569999992847;-0.0167144730687;0.0530574858189;0.014433539845;-0.0021748682484;0.0564434852451;0.048127048905;0.0498826563358;-0.0254351079464;-0.0998527021613;0.0903011038899;0.0248738523573;0.0276314921677;-0.0400497868657;-0.0514138847589;0.0392208397388;0.0920852150768;0.0298277877271;-0.0720391899347;0.0747945457697;-0.0537265479565;0.0660960093141;0.0295995995402;0.0761914417148;-0.0579605638981;-0.0957537092268;-0.0101993143559;-0.0670993834734;-0.0259495079517,1519,meanReturnCycleMatched,1.00026818778561,4.90899185314743,8.82000814685257,17.4662658261559,26.921,0,0,1,0,accepted-crossing limit exhausted,145.1352744
1,8,197008,paperCycleCadenceRetargetMode,shinbrotPaperBisection,0,NaN,60,82,NaN,82671,0.0865456722676754,-0.0433161675930023,0.0865456722677;0.0385774075985;0.000272792577744;0.0892157370225;-0.000390287674963;0.039331099391;-0.0470056399703;0.0421115815639;-0.0235559880733;0.0916423141956;0.0974528619088;0.0096118837595;-0.0367894038558;-0.0299732983112;0.00494771301746;-0.00460304170847;0.065687232092;0.0494625513442;0.010674248822;-0.0634338527918;0.0534048706293;0.0194987669587;-0.063819077611;0.0187691479921;0.0875082923099;0.0359131723642;-0.0884198246524;-0.0803890019655;0.0509546283633;0.0961350288242;-0.0688670784235;0.0151933342218;-0.0802779525518;0.0153219521046;-0.0352297052741;0.065100689372;0.096724864922;-0.0304190889001;-0.0231877060607;-0.0617634356022;-0.0272066101432;0.090686093457;0.0656001780182;0.00286658108234;-0.0319008290768;0.0881378233433;0.003199416399;-0.00589216351509;-0.0329606235027;-0.0357694685459;-0.043316167593,1,1,shinbrotPaperBisection,0.0865456722676754,3,55,55,54,4,0;1;4;4;6;7;10;10;10;10;10;11;11;11;11;14;15;17;17;17;18;20;26;26;27;31;32;32;35;36;37;37;37;38;39;40;41;41;43;44;44;44;44;44;44;44;51;52;52;53;53;53;55;58,1519;3038;4557;6076;7595;9114;10633;12152;13671;15190;16709;18228;19747;21266;22785;24304;25823;27342;28861;30380;31899;33418;34937;36456;37975;39494;41013;42532;44051;45570;47089;48608;50127;51646;53165;54684;56203;57722;59241;60760;62279;63798;65317;66836;68355;69874;71393;72912;74431;75950;77469;78988;80507;82026,1.519;3.038;4.557;6.076;7.595;9.114;10.633;12.152;13.671;15.19;16.709;18.228;19.747;21.266;22.785;24.304;25.823;27.342;28.861;30.38;31.899;33.418;34.937;36.456;37.975;39.494;41.013;42.532;44.051;45.57;47.089;48.608;50.127;51.646;53.165;54.684;56.203;57.722;59.241;60.7599999999;62.2789999999;63.7979999999;65.3169999999;66.836;68.355;69.874;71.393;72.912;74.431;75.95;77.469;78.988;80.507;82.026,shinbrotPaperBisection;shinbrotPaperBisection;shinbrotPaperBisection;shinbrotPaperBisection;shinbrotPaperBisection;shinbrotPaperBisection;shinbrotPaperBisection;shinbrotPaperBisection;shinbrotPaperBisection;shinbrotPaperBisection;shinbrotPaperBisection;shinbrotPaperBisection;shinbrotPaperBisection;shinbrotPaperBisection;shinbrotPaperBisection;shinbrotPaperBisection;shinbrotPaperBisection;shinbrotPaperBisection;shinbrotPaperBisection;shinbrotPaperBisection;shinbrotPaperBisection;shinbrotPaperBisection;shinbrotPaperBisection;shinbrotPaperBisection;shinbrotPaperBisection;shinbrotPaperBisection;shinbrotPaperBisection;shinbrotPaperBisection;shinbrotPaperBisection;shinbrotPaperBisection;shinbrotPaperBisection;shinbrotPaperBisection;shinbrotPaperBisection;shinbrotPaperBisection;shinbrotPaperBisection;shinbrotPaperBisection;shinbrotPaperBisection;shinbrotPaperBisection;shinbrotPaperBisection;shinbrotPaperBisection;shinbrotPaperBisection;shinbrotPaperBisection;shinbrotPaperBisection;shinbrotPaperBisection;shinbrotPaperBisection;shinbrotPaperBisection;shinbrotPaperBisection;shinbrotPaperBisection;shinbrotPaperBisection;shinbrotPaperBisection;shinbrotPaperBisection;shinbrotPaperBisection;shinbrotPaperBisection;shinbrotPaperBisection,0.0385774075985;0.000272792577744;0.0892157370225;-0.000390287674963;0.039331099391;-0.0470056399703;0.0421115815639;-0.0235559880733;0.0916423141956;0.0974528619088;0.0096118837595;-0.0367894038558;-0.0299732983112;0.00494771301746;-0.00460304170847;0.065687232092;0.0494625513442;0.010674248822;-0.0634338527918;0.0534048706293;0.0194987669587;-0.063819077611;0.0187691479921;0.0875082923099;NaN;0.0359131723642;-0.0884198246524;NaN;-0.0803890019655;0.0509546283633;0.0961350288242;-0.0688670784235;NaN;0.0151933342218;-0.0802779525518;0.0153219521046;NaN;-0.0352297052741;0.065100689372;0.096724864922;-0.0304190889001;-0.0231877060607;-0.0617634356022;-0.0272066101432;0.090686093457;0.0656001780182;0.00286658108234;-0.0319008290768;0.0881378233433;0.003199416399;-0.00589216351509;-0.0329606235027;-0.0357694685459;-0.043316167593,1519,meanReturnCycleMatched,1.00026818778561,12.3062058537387,26.0352058537387,33.8992212737491,26.921,0,0,1,0,accepted-crossing limit exhausted,171.1245118
1,9,197009,paperCycleCadenceRetargetMode,shinbrotPaperBisection,0,NaN,60,58,NaN,75974,0.0865456722676754,0.00808661878108978,0.0865456722677;0.0412474930286;0.0355754174292;0.074099242501;-0.0649894297123;0.0508989781141;0.0591123878956;-0.000102774729021;-0.0488410413265;-0.00825540497899;-0.0733330518007;-0.0986999149434;0.0527672991157;0.0815918624401;-0.0243540108204;0.027409940958;0.0756316650659;-0.0745509605855;-0.0985455423594;-0.0417064651847;-0.0297466099262;-0.0358387649059;-0.0917517527938;0.0325608551502;0.0995600320399;-0.0378412544727;-0.0701029956341;-0.034346292913;0.0164776831865;-0.0462707802653;0.0470249325037;0.076509404555;0.0124200507998;-0.0969716817141;-0.0831575095654;0.0626561537385;0.0429455261678;0.0889214932919;0.0552962772548;-0.0503083258867;-0.00119789242744;-0.002298020944;0.09807094766;-0.0676650822163;-0.0743411391973;0.00808661878109,1,1,shinbrotPaperBisection,0.0865456722676754,3,51,51,50,5,2;2;2;3;7;7;8;9;9;9;9;10;11;13;14;15;16;16;16;16;17;20;20;20;22;22;25;26;26;26;32;32;35;39;39;43;44;44;44;45;46;46;46;53;55;55;55;55;58;58,1519;3038;4557;6076;7595;9114;10633;12152;13671;15190;16709;18228;19747;21266;22785;24304;25823;27342;28861;30380;31899;33418;34937;36456;37975;39494;41013;42532;44051;45570;47089;48608;50127;51646;53165;54684;56203;57722;59241;60760;62279;63798;65317;66836;68355;69874;71393;72912;74431;75950,1.519;3.038;4.557;6.076;7.595;9.114;10.633;12.152;13.671;15.19;16.709;18.228;19.747;21.266;22.785;24.304;25.823;27.342;28.861;30.38;31.899;33.418;34.937;36.456;37.975;39.494;41.013;42.532;44.051;45.57;47.089;48.608;50.127;51.646;53.165;54.684;56.203;57.722;59.241;60.7599999999;62.2789999999;63.7979999999;65.3169999999;66.836;68.355;69.874;71.393;72.912;74.431;75.95,shinbrotPaperBisection;shinbrotPaperBisection;shinbrotPaperBisection;shinbrotPaperBisection;shinbrotPaperBisection;shinbrotPaperBisection;shinbrotPaperBisection;shinbrotPaperBisection;shinbrotPaperBisection;shinbrotPaperBisection;shinbrotPaperBisection;shinbrotPaperBisection;shinbrotPaperBisection;shinbrotPaperBisection;shinbrotPaperBisection;shinbrotPaperBisection;shinbrotPaperBisection;shinbrotPaperBisection;shinbrotPaperBisection;shinbrotPaperBisection;shinbrotPaperBisection;shinbrotPaperBisection;shinbrotPaperBisection;shinbrotPaperBisection;shinbrotPaperBisection;shinbrotPaperBisection;shinbrotPaperBisection;shinbrotPaperBisection;shinbrotPaperBisection;shinbrotPaperBisection;shinbrotPaperBisection;shinbrotPaperBisection;shinbrotPaperBisection;shinbrotPaperBisection;shinbrotPaperBisection;shinbrotPaperBisection;shinbrotPaperBisection;shinbrotPaperBisection;shinbrotPaperBisection;shinbrotPaperBisection;shinbrotPaperBisection;shinbrotPaperBisection;shinbrotPaperBisection;shinbrotPaperBisection;shinbrotPaperBisection;shinbrotPaperBisection;shinbrotPaperBisection;shinbrotPaperBisection;shinbrotPaperBisection;shinbrotPaperBisection,NaN;0.0412474930286;0.0355754174292;0.074099242501;-0.0649894297123;0.0508989781141;0.0591123878956;-0.000102774729021;NaN;-0.0488410413265;-0.00825540497899;-0.0733330518007;-0.0986999149434;0.0527672991157;0.0815918624401;-0.0243540108204;0.027409940958;NaN;0.0756316650659;-0.0745509605855;-0.0985455423594;-0.0417064651847;-0.0297466099262;-0.0358387649059;-0.0917517527938;0.0325608551502;0.0995600320399;-0.0378412544727;-0.0701029956341;-0.034346292913;0.0164776831865;-0.0462707802653;0.0470249325037;0.076509404555;0.0124200507998;-0.0969716817141;-0.0831575095654;0.0626561537385;0.0429455261678;NaN;NaN;0.0889214932919;0.0552962772548;-0.0503083258867;-0.00119789242744;-0.002298020944;0.09807094766;-0.0676650822163;-0.0743411391973;0.00808661878109,1519,meanReturnCycleMatched,1.00026818778561,11.3721810603316,25.1011810603316,33.9038081144592,26.921,0,0,1,0,accepted-crossing limit exhausted,152.1245072
1,10,197010,paperCycleCadenceRetargetMode,shinbrotPaperBisection,0,NaN,60,67,NaN,70447,0.0865456722676754,-0.0382783167995513,0.0865456722677;0.099934088689;0.0439826298505;0.0753755524755;0.0132207728922;-0.0567258059978;-0.0385549604893;-0.0753766804934;-0.0185353219509;0.0722024424002;0.0188703149557;0.0408626616001;-0.0543394654989;-0.0636121928692;-0.0226499855518;0.084777251631;0.0571662515402;-0.00774032697082;-0.0182414606214;-0.02664244771;-0.00523499846458;0.0946143800393;0.089475300163;0.0906345468014;-0.0719311863184;-0.0992477088235;0.0969298626645;0.0818187914789;-0.0884243071079;-0.0956096813083;-0.0169462502003;-0.00971823260188;-0.030014051497;-0.0811139196157;0.0911092668772;-0.000778049230576;-0.000895171426237;0.062395146722;-0.0382783167996,1,1,shinbrotPaperBisection,0.0865456722676754,3,47,47,46,8,0;1;2;3;4;4;4;5;5;6;6;8;12;19;22;22;22;22;22;23;25;28;28;30;31;32;34;38;39;42;45;45;45;45;45;45;52;52;55;55;56;56;58;58;58;58,1519;3038;4557;6076;7595;9114;10633;12152;13671;15190;16709;18228;19747;21266;22785;24304;25823;27342;28861;30380;31899;33418;34937;36456;37975;39494;41013;42532;44051;45570;47089;48608;50127;51646;53165;54684;56203;57722;59241;60760;62279;63798;65317;66836;68355;69874,1.519;3.038;4.557;6.076;7.595;9.114;10.633;12.152;13.671;15.19;16.709;18.228;19.747;21.266;22.785;24.304;25.823;27.342;28.861;30.38;31.899;33.418;34.937;36.456;37.975;39.494;41.013;42.532;44.051;45.57;47.089;48.608;50.127;51.646;53.165;54.684;56.203;57.722;59.241;60.7599999999;62.2789999999;63.7979999999;65.3169999999;66.836;68.355;69.874,shinbrotPaperBisection;shinbrotPaperBisection;shinbrotPaperBisection;shinbrotPaperBisection;shinbrotPaperBisection;shinbrotPaperBisection;shinbrotPaperBisection;shinbrotPaperBisection;shinbrotPaperBisection;shinbrotPaperBisection;shinbrotPaperBisection;shinbrotPaperBisection;shinbrotPaperBisection;shinbrotPaperBisection;shinbrotPaperBisection;shinbrotPaperBisection;shinbrotPaperBisection;shinbrotPaperBisection;shinbrotPaperBisection;shinbrotPaperBisection;shinbrotPaperBisection;shinbrotPaperBisection;shinbrotPaperBisection;shinbrotPaperBisection;shinbrotPaperBisection;shinbrotPaperBisection;shinbrotPaperBisection;shinbrotPaperBisection;shinbrotPaperBisection;shinbrotPaperBisection;shinbrotPaperBisection;shinbrotPaperBisection;shinbrotPaperBisection;shinbrotPaperBisection;shinbrotPaperBisection;shinbrotPaperBisection;shinbrotPaperBisection;shinbrotPaperBisection;shinbrotPaperBisection;shinbrotPaperBisection;shinbrotPaperBisection;shinbrotPaperBisection;shinbrotPaperBisection;shinbrotPaperBisection;shinbrotPaperBisection;shinbrotPaperBisection,0.099934088689;0.0439826298505;0.0753755524755;0.0132207728922;-0.0567258059978;-0.0385549604893;-0.0753766804934;-0.0185353219509;0.0722024424002;NaN;0.0188703149557;0.0408626616001;-0.0543394654989;-0.0636121928692;-0.0226499855518;NaN;0.084777251631;0.0571662515402;-0.00774032697082;NaN;-0.0182414606214;-0.02664244771;-0.00523499846458;0.0946143800393;0.089475300163;0.0906345468014;-0.0719311863184;NaN;NaN;-0.0992477088235;0.0969298626645;0.0818187914789;-0.0884243071079;-0.0956096813083;-0.0169462502003;-0.00971823260188;-0.030014051497;-0.0811139196157;0.0911092668772;-0.000778049230576;NaN;NaN;NaN;-0.000895171426237;0.062395146722;-0.0382783167996,1519,meanReturnCycleMatched,1.00026818778561,5.53781448930368,19.2668144893037,27.9083482124208,26.921,0,0,1,0,accepted-crossing limit exhausted,112.9560935
