SigmaNoise,TrialNumber,Seed,Mode,SearchMethod,Hit,NumCrossingsToTarget,NumAcceptedCrossings,NumRejectedCrossings,PhysicalTime,NumRk4Steps,SelectedPInitial,SelectedPFinal,SelectedPValues,InitialSearchPerformed,InitialSearchFound,InitialSearchMethod,InitialSearchSelectedP,InitialSearchHorizon,NumSearchEvaluations,NumCompleteBisectionSearches,NumRetargetingEvents,NumRetargetingFailures,RetargetingCrossingIndices,RetargetingStepIndices,RetargetingTimes,RetargetingSearchMethods,RetargetingSelectedP,RetargetStepInterval,RetargetCadencePolicy,CadenceRatio,FinalTargetError,FinalStateX,FinalStateY,FinalStateZ,IntegrationFailed,StepBudgetExhausted,AcceptedCrossingLimitExhausted,RejectedCrossingLimitExhausted,FailureReason,ComputationalTime
0,1,192001,paperCycleCadenceRetargetMode,shinbrotPaperBisection,1,3,3,5,6.09861910172454,6099,0.0865456722676754,0.0865544617176056,0.0865456722677;0.0865457624197;0.0865456283092;0.0865455567837;0.0865544617176,1,1,shinbrotPaperBisection,0.0865456722676754,3,5,5,4,0,1;2;2;2,1519;3038;4557;6076,1.519;3.038;4.557;6.076,shinbrotPaperBisection;shinbrotPaperBisection;shinbrotPaperBisection;shinbrotPaperBisection,0.0865457624197;0.0865456283092;0.0865455567837;0.0865544617176,1519,meanReturnCycleMatched,1.00026818778561,9.34919558783776e-05,13.7289065080441,19.560085454541,26.921,0,0,0,0,,10.1474496
0,2,192002,paperCycleCadenceRetargetMode,shinbrotPaperBisection,1,3,3,5,6.09861910172454,6099,0.0865456722676754,0.0865544617176056,0.0865456722677;0.0865457624197;0.0865456283092;0.0865455567837;0.0865544617176,1,1,shinbrotPaperBisection,0.0865456722676754,3,5,5,4,0,1;2;2;2,1519;3038;4557;6076,1.519;3.038;4.557;6.076,shinbrotPaperBisection;shinbrotPaperBisection;shinbrotPaperBisection;shinbrotPaperBisection,0.0865457624197;0.0865456283092;0.0865455567837;0.0865544617176,1519,meanReturnCycleMatched,1.00026818778561,9.34919558783776e-05,13.7289065080441,19.560085454541,26.921,0,0,0,0,,10.1740828
0,3,192003,paperCycleCadenceRetargetMode,shinbrotPaperBisection,1,3,3,5,6.09861910172454,6099,0.0865456722676754,0.0865544617176056,0.0865456722677;0.0865457624197;0.0865456283092;0.0865455567837;0.0865544617176,1,1,shinbrotPaperBisection,0.0865456722676754,3,5,5,4,0,1;2;2;2,1519;3038;4557;6076,1.519;3.038;4.557;6.076,shinbrotPaperBisection;shinbrotPaperBisection;shinbrotPaperBisection;shinbrotPaperBisection,0.0865457624197;0.0865456283092;0.0865455567837;0.0865544617176,1519,meanReturnCycleMatched,1.00026818778561,9.34919558783776e-05,13.7289065080441,19.560085454541,26.921,0,0,0,0,,9.269151
0,4,192004,paperCycleCadenceRetargetMode,shinbrotPaperBisection,1,3,3,5,6.09861910172454,6099,0.0865456722676754,0.0865544617176056,0.0865456722677;0.0865457624197;0.0865456283092;0.0865455567837;0.0865544617176,1,1,shinbrotPaperBisection,0.0865456722676754,3,5,5,4,0,1;2;2;2,1519;3038;4557;6076,1.519;3.038;4.557;6.076,shinbrotPaperBisection;shinbrotPaperBisection;shinbrotPaperBisection;shinbrotPaperBisection,0.0865457624197;0.0865456283092;0.0865455567837;0.0865544617176,1519,meanReturnCycleMatched,1.00026818778561,9.34919558783776e-05,13.7289065080441,19.560085454541,26.921,0,0,0,0,,10.1687753
0,5,192005,paperCycleCadenceRetargetMode,shinbrotPaperBisection,1,3,3,5,6.09861910172454,6099,0.0865456722676754,0.0865544617176056,0.0865456722677;0.0865457624197;0.0865456283092;0.0865455567837;0.0865544617176,1,1,shinbrotPaperBisection,0.0865456722676754,3,5,5,4,0,1;2;2;2,1519;3038;4557;6076,1.519;3.038;4.557;6.076,shinbrotPaperBisection;shinbrotPaperBisection;shinbrotPaperBisection;shinbrotPaperBisection,0.0865457624197;0.0865456283092;0.0865455567837;0.0865544617176,1519,meanReturnCycleMatched,1.00026818778561,9.34919558783776e-05,13.7289065080441,19.560085454541,26.921,0,0,0,0,,10.1240682
0,6,192006,paperCycleCadenceRetargetMode,shinbrotPaperBisection,1,3,3,5,6.09861910172454,6099,0.0865456722676754,0.0865544617176056,0.0865456722677;0.0865457624197;0.0865456283092;0.0865455567837;0.0865544617176,1,1,shinbrotPaperBisection,0.0865456722676754,3,5,5,4,0,1;2;2;2,1519;3038;4557;6076,1.519;3.038;4.557;6.076,shinbrotPaperBisection;shinbrotPaperBisection;shinbrotPaperBisection;shinbrotPaperBisection,0.0865457624197;0.0865456283092;0.0865455567837;0.0865544617176,1519,meanReturnCycleMatched,1.00026818778561,9.34919558783776e-05,13.7289065080441,19.560085454541,26.921,0,0,0,0,,10.142726
0,7,192007,paperCycleCadenceRetargetMode,shinbrotPaperBisection,1,3,3,5,6.09861910172454,6099,0.0865456722676754,0.0865544617176056,0.0865456722677;0.0865457624197;0.0865456283092;0.0865455567837;0.0865544617176,1,1,shinbrotPaperBisection,0.0865456722676754,3,5,5,4,0,1;2;2;2,1519;3038;4557;6076,1.519;3.038;4.557;6.076,shinbrotPaperBisection;shinbrotPaperBisection;shinbrotPaperBisection;shinbrotPaperBisection,0.0865457624197;0.0865456283092;0.0865455567837;0.0865544617176,1519,meanReturnCycleMatched,1.00026818778561,9.34919558783776e-05,13.7289065080441,19.560085454541,26.921,0,0,0,0,,9.9571011
0,8,192008,paperCycleCadenceRetargetMode,shinbrotPaperBisection,1,3,3,5,6.09861910172454,6099,0.0865456722676754,0.0865544617176056,0.0865456722677;0.0865457624197;0.0865456283092;0.0865455567837;0.0865544617176,1,1,shinbrotPaperBisection,0.0865456722676754,3,5,5,4,0,1;2;2;2,1519;3038;4557;6076,1.519;3.038;4.557;6.076,shinbrotPaperBisection;shinbrotPaperBisection;shinbrotPaperBisection;shinbrotPaperBisection,0.0865457624197;0.0865456283092;0.0865455567837;0.0865544617176,1519,meanReturnCycleMatched,1.00026818778561,9.34919558783776e-05,13.7289065080441,19.560085454541,26.921,0,0,0,0,,5.5319194
0,9,192009,paperCycleCadenceRetargetMode,shinbrotPaperBisection,1,3,3,5,6.09861910172454,6099,0.0865456722676754,0.0865544617176056,0.0865456722677;0.0865457624197;0.0865456283092;0.0865455567837;0.0865544617176,1,1,shinbrotPaperBisection,0.0865456722676754,3,5,5,4,0,1;2;2;2,1519;3038;4557;6076,1.519;3.038;4.557;6.076,shinbrotPaperBisection;shinbrotPaperBisection;shinbrotPaperBisection;shinbrotPaperBisection,0.0865457624197;0.0865456283092;0.0865455567837;0.0865544617176,1519,meanReturnCycleMatched,1.00026818778561,9.34919558783776e-05,13.7289065080441,19.560085454541,26.921,0,0,0,0,,5.8146277
0,10,192010,paperCycleCadenceRetargetMode,shinbrotPaperBisection,1,3,3,5,6.09861910172454,6099,0.0865456722676754,0.0865544617176056,0.0865456722677;0.0865457624197;0.0865456283092;0.0865455567837;0.0865544617176,1,1,shinbrotPaperBisection,0.0865456722676754,3,5,5,4,0,1;2;2;2,1519;3038;4557;6076,1.519;3.038;4.557;6.076,shinbrotPaperBisection;shinbrotPaperBisection;shinbrotPaperBisection;shinbrotPaperBisection,0.0865457624197;0.0865456283092;0.0865455567837;0.0865544617176,1519,meanReturnCycleMatched,1.00026818778561,9.34919558783776e-05,13.7289065080441,19.560085454541,26.921,0,0,0,0,,5.8195214
0.01,1,193001,paperCycleCadenceRetargetMode,shinbrotPaperBisection,0,NaN,60,45,NaN,81152,0.0865456722676754,-0.00207791924476623,0.0865456722677;-0.0265644729137;-0.0980161085725;-0.0258746564388;-0.0895787864923;0.0030581086874;0.0811676159501;-0.0173301160336;0.0436906307936;0.0220818031579;-0.0886364400387;0.0314698278904;0.00299563109875;-0.0169096648693;-0.0810700595379;-0.00237720608711;-0.0800952970982;-0.0599559009075;-0.0855455130339;-0.014854067564;0.0232634007931;0.0649239510298;-0.0522191546857;0.0622877508402;0.0383248120546;-0.0911229044199;0.000247265212238;0.079204248637;-0.0250249346485;0.0769071280956;-0.0637742340565;0.0210228145123;-0.0259960720316;-0.041597121954;-0.0292201220989;0.0782041728497;-0.0475087322295;0.0180341899395;0.0223649293184;-0.0772243052721;-0.0910132676363;0.0972152382135;-0.0830570071936;-0.00960502028465;-0.00264021754265;-0.0135123059154;-0.0430566444993;-0.0261465296149;0.0266622163355;-0.0294789299369;0.0536891464144;-0.0652626670897;0.0994664710015;-0.00207791924477,1,1,shinbrotPaperBisection,0.0865456722676754,3,54,54,53,0,2;2;4;5;5;6;6;6;6;7;9;9;10;12;12;13;15;16;18;19;21;22;25;27;29;29;31;33;35;36;37;39;40;41;42;42;42;43;44;46;47;48;50;51;51;52;52;53;55;57;57;58;59,1519;3038;4557;6076;7595;9114;10633;12152;13671;15190;16709;18228;19747;21266;22785;24304;25823;27342;28861;30380;31899;33418;34937;36456;37975;39494;41013;42532;44051;45570;47089;48608;50127;51646;53165;54684;56203;57722;59241;60760;62279;63798;65317;66836;68355;69874;71393;72912;74431;75950;77469;78988;80507,1.519;3.038;4.557;6.076;7.595;9.114;10.633;12.152;13.671;15.19;16.709;18.228;19.747;21.266;22.785;24.304;25.823;27.342;28.861;30.38;31.899;33.418;34.937;36.456;37.975;39.494;41.013;42.532;44.051;45.57;47.089;48.608;50.127;51.646;53.165;54.684;56.203;57.722;59.241;60.7599999999;62.2789999999;63.7979999999;65.3169999999;66.836;68.355;69.874;71.393;72.912;74.431;75.95;77.469;78.988;80.507,shinbrotPaperBisection;shinbrotPaperBisection;shinbrotPaperBisection;shinbrotPaperBisection;shinbrotPaperBisection;shinbrotPaperBisection;shinbrotPaperBisection;shinbrotPaperBisection;shinbrotPaperBisection;shinbrotPaperBisection;shinbrotPaperBisection;shinbrotPaperBisection;shinbrotPaperBisection;shinbrotPaperBisection;shinbrotPaperBisection;shinbrotPaperBisection;shinbrotPaperBisection;shinbrotPaperBisection;shinbrotPaperBisection;shinbrotPaperBisection;shinbrotPaperBisection;shinbrotPaperBisection;shinbrotPaperBisection;shinbrotPaperBisection;shinbrotPaperBisection;shinbrotPaperBisection;shinbrotPaperBisection;shinbrotPaperBisection;shinbrotPaperBisection;shinbrotPaperBisection;shinbrotPaperBisection;shinbrotPaperBisection;shinbrotPaperBisection;shinbrotPaperBisection;shinbrotPaperBisection;shinbrotPaperBisection;shinbrotPaperBisection;shinbrotPaperBisection;shinbrotPaperBisection;shinbrotPaperBisection;shinbrotPaperBisection;shinbrotPaperBisection;shinbrotPaperBisection;shinbrotPaperBisection;shinbrotPaperBisection;shinbrotPaperBisection;shinbrotPaperBisection;shinbrotPaperBisection;shinbrotPaperBisection;shinbrotPaperBisection;shinbrotPaperBisection;shinbrotPaperBisection;shinbrotPaperBisection,-0.0265644729137;-0.0980161085725;-0.0258746564388;-0.0895787864923;0.0030581086874;0.0811676159501;-0.0173301160336;0.0436906307936;0.0220818031579;-0.0886364400387;0.0314698278904;0.00299563109875;-0.0169096648693;-0.0810700595379;-0.00237720608711;-0.0800952970982;-0.0599559009075;-0.0855455130339;-0.014854067564;0.0232634007931;0.0649239510298;-0.0522191546857;0.0622877508402;0.0383248120546;-0.0911229044199;0.000247265212238;0.079204248637;-0.0250249346485;0.0769071280956;-0.0637742340565;0.0210228145123;-0.0259960720316;-0.041597121954;-0.0292201220989;0.0782041728497;-0.0475087322295;0.0180341899395;0.0223649293184;-0.0772243052721;-0.0910132676363;0.0972152382135;-0.0830570071936;-0.00960502028465;-0.00264021754265;-0.0135123059154;-0.0430566444993;-0.0261465296149;0.0266622163355;-0.0294789299369;0.0536891464144;-0.0652626670897;0.0994664710015;-0.00207791924477,1519,meanReturnCycleMatched,1.00026818778561,1.53950342006677,12.1894965799332,16.0299799100614,26.921,0,0,1,0,accepted-crossing limit exhausted,181.4539357
0.01,2,193002,paperCycleCadenceRetargetMode,shinbrotPaperBisection,1,52,52,44,72.1321362209541,72133,0.0865456722676754,-0.0649509996175766,0.0865456722677;-0.0357016980648;-0.0493008196354;0.000106776785105;0.0880859196186;-0.0162124931812;0.00766840279102;0.073905056715;-0.039316393435;0.0229164302349;-0.0494655787945;0.0750933036208;0.0133199203759;0.0268778830767;-0.0496892139316;-0.0216336503625;0.0666807338595;0.000404647691175;-0.083979421854;0.0472289884463;0.000389232300222;-0.00549061894417;-0.053995937109;-0.0109306514263;-0.0327342733741;0.00410101562738;-0.0758417746052;-0.039519315958;-0.0533747523325;0.0760072767735;-0.072999471426;-0.0688527166843;0.0773560494184;-0.0937547232024;-0.0907345831394;-0.0719160139561;-0.0528363645077;0.0789583623409;0.0790587887168;0.0478325426579;0.0848867379129;0.0542175240815;-0.000132666830905;0.0874050162267;-0.0352067291737;-0.0995116091333;-0.0624563038349;-0.0649509996176,1,1,shinbrotPaperBisection,0.0865456722676754,3,48,48,47,0,1;2;2;4;6;8;10;10;12;14;16;16;16;18;20;21;23;23;24;25;25;25;26;26;28;29;30;30;30;31;31;32;35;37;39;40;40;41;42;43;45;47;49;49;50;50;51,1519;3038;4557;6076;7595;9114;10633;12152;13671;15190;16709;18228;19747;21266;22785;24304;25823;27342;28861;30380;31899;33418;34937;36456;37975;39494;41013;42532;44051;45570;47089;48608;50127;51646;53165;54684;56203;57722;59241;60760;62279;63798;65317;66836;68355;69874;71393,1.519;3.038;4.557;6.076;7.595;9.114;10.633;12.152;13.671;15.19;16.709;18.228;19.747;21.266;22.785;24.304;25.823;27.342;28.861;30.38;31.899;33.418;34.937;36.456;37.975;39.494;41.013;42.532;44.051;45.57;47.089;48.608;50.127;51.646;53.165;54.684;56.203;57.722;59.241;60.7599999999;62.2789999999;63.7979999999;65.3169999999;66.836;68.355;69.874;71.393,shinbrotPaperBisection;shinbrotPaperBisection;shinbrotPaperBisection;shinbrotPaperBisection;shinbrotPaperBisection;shinbrotPaperBisection;shinbrotPaperBisection;shinbrotPaperBisection;shinbrotPaperBisection;shinbrotPaperBisection;shinbrotPaperBisection;shinbrotPaperBisection;shinbrotPaperBisection;shinbrotPaperBisection;shinbrotPaperBisection;shinbrotPaperBisection;shinbrotPaperBisection;shinbrotPaperBisection;shinbrotPaperBisection;shinbrotPaperBisection;shinbrotPaperBisection;shinbrotPaperBisection;shinbrotPaperBisection;shinbrotPaperBisection;shinbrotPaperBisection;shinbrotPaperBisection;shinbrotPaperBisection;shinbrotPaperBisection;shinbrotPaperBisection;shinbrotPaperBisection;shinbrotPaperBisection;shinbrotPaperBisection;shinbrotPaperBisection;shinbrotPaperBisection;shinbrotPaperBisection;shinbrotPaperBisection;shinbrotPaperBisection;shinbrotPaperBisection;shinbrotPaperBisection;shinbrotPaperBisection;shinbrotPaperBisection;shinbrotPaperBisection;shinbrotPaperBisection;shinbrotPaperBisection;shinbrotPaperBisection;shinbrotPaperBisection;shinbrotPaperBisection,-0.0357016980648;-0.0493008196354;0.000106776785105;0.0880859196186;-0.0162124931812;0.00766840279102;0.073905056715;-0.039316393435;0.0229164302349;-0.0494655787945;0.0750933036208;0.0133199203759;0.0268778830767;-0.0496892139316;-0.0216336503625;0.0666807338595;0.000404647691175;-0.083979421854;0.0472289884463;0.000389232300222;-0.00549061894417;-0.053995937109;-0.0109306514263;-0.0327342733741;0.00410101562738;-0.0758417746052;-0.039519315958;-0.0533747523325;0.0760072767735;-0.072999471426;-0.0688527166843;0.0773560494184;-0.0937547232024;-0.0907345831394;-0.0719160139561;-0.0528363645077;0.0789583623409;0.0790587887168;0.0478325426579;0.0848867379129;0.0542175240815;-0.000132666830905;0.0874050162267;-0.0352067291737;-0.0995116091333;-0.0624563038349;-0.0649509996176,1519,meanReturnCycleMatched,1.00026818778561,0.000419201086867105,13.7285807989131,19.3440884133499,26.921,0,0,0,0,,176.9776744
0.01,3,193003,paperCycleCadenceRetargetMode,shinbrotPaperBisection,0,NaN,60,43,NaN,76768,0.0865456722676754,-0.0613845020532608,0.0865456722677;0.0778772875667;-0.00177031159401;0.0750434488989;0.0883978113532;-0.0916929781437;-0.0242559865117;-0.0997496753931;0.0233364280313;-0.0452992975712;0.0751747094095;0.00828048866242;0.0716258838773;0.00487949699163;-0.0994911581278;-0.00589407086372;0.0661340653896;-0.0430528700352;0.0686422079802;0.0517779052258;-0.0038535296917;-0.0577632844448;0.0393923513591;0.00819414258003;0.0647877514362;-0.00178250931203;0.0872861034237;0.0750237838831;0.0821744382381;-0.0838832706213;0.0529681532178;0.0814905932173;0.00128024443984;-0.012037948519;-0.0797592949122;-0.0139886319637;-0.041710215807;-0.0439636051655;0.0240988523699;-0.0302300035954;0.0374391614925;0.0517635681201;-0.0778535932302;0.0722761258483;-0.00443402305245;-0.0571543075144;0.0254887525924;-0.0508609384298;-0.0022920191288;-0.0582740336657;-0.0613845020533,1,1,shinbrotPaperBisection,0.0865456722676754,3,51,51,50,0,2;3;4;7;9;11;12;13;13;13;13;13;14;14;15;17;19;20;21;23;25;26;27;27;28;29;29;31;33;34;36;37;38;40;41;42;42;43;46;49;50;50;51;52;53;53;54;55;57;59,1519;3038;4557;6076;7595;9114;10633;12152;13671;15190;16709;18228;19747;21266;22785;24304;25823;27342;28861;30380;31899;33418;34937;36456;37975;39494;41013;42532;44051;45570;47089;48608;50127;51646;53165;54684;56203;57722;59241;60760;62279;63798;65317;66836;68355;69874;71393;72912;74431;75950,1.519;3.038;4.557;6.076;7.595;9.114;10.633;12.152;13.671;15.19;16.709;18.228;19.747;21.266;22.785;24.304;25.823;27.342;28.861;30.38;31.899;33.418;34.937;36.456;37.975;39.494;41.013;42.532;44.051;45.57;47.089;48.608;50.127;51.646;53.165;54.684;56.203;57.722;59.241;60.7599999999;62.2789999999;63.7979999999;65.3169999999;66.836;68.355;69.874;71.393;72.912;74.431;75.95,shinbrotPaperBisection;shinbrotPaperBisection;shinbrotPaperBisection;shinbrotPaperBisection;shinbrotPaperBisection;shinbrotPaperBisection;shinbrotPaperBisection;shinbrotPaperBisection;shinbrotPaperBisection;shinbrotPaperBisection;shinbrotPaperBisection;shinbrotPaperBisection;shinbrotPaperBisection;shinbrotPaperBisection;shinbrotPaperBisection;shinbrotPaperBisection;shinbrotPaperBisection;shinbrotPaperBisection;shinbrotPaperBisection;shinbrotPaperBisection;shinbrotPaperBisection;shinbrotPaperBisection;shinbrotPaperBisection;shinbrotPaperBisection;shinbrotPaperBisection;shinbrotPaperBisection;shinbrotPaperBisection;shinbrotPaperBisection;shinbrotPaperBisection;shinbrotPaperBisection;shinbrotPaperBisection;shinbrotPaperBisection;shinbrotPaperBisection;shinbrotPaperBisection;shinbrotPaperBisection;shinbrotPaperBisection;shinbrotPaperBisection;shinbrotPaperBisection;shinbrotPaperBisection;shinbrotPaperBisection;shinbrotPaperBisection;shinbrotPaperBisection;shinbrotPaperBisection;shinbrotPaperBisection;shinbrotPaperBisection;shinbrotPaperBisection;shinbrotPaperBisection;shinbrotPaperBisection;shinbrotPaperBisection;shinbrotPaperBisection,0.0778772875667;-0.00177031159401;0.0750434488989;0.0883978113532;-0.0916929781437;-0.0242559865117;-0.0997496753931;0.0233364280313;-0.0452992975712;0.0751747094095;0.00828048866242;0.0716258838773;0.00487949699163;-0.0994911581278;-0.00589407086372;0.0661340653896;-0.0430528700352;0.0686422079802;0.0517779052258;-0.0038535296917;-0.0577632844448;0.0393923513591;0.00819414258003;0.0647877514362;-0.00178250931203;0.0872861034237;0.0750237838831;0.0821744382381;-0.0838832706213;0.0529681532178;0.0814905932173;0.00128024443984;-0.012037948519;-0.0797592949122;-0.0139886319637;-0.041710215807;-0.0439636051655;0.0240988523699;-0.0302300035954;0.0374391614925;0.0517635681201;-0.0778535932302;0.0722761258483;-0.00443402305245;-0.0571543075144;0.0254887525924;-0.0508609384298;-0.0022920191288;-0.0582740336657;-0.0613845020533,1519,meanReturnCycleMatched,1.00026818778561,1.53849286238174,12.1905071376183,16.0931745793486,26.921,0,0,1,0,accepted-crossing limit exhausted,201.8573147
0.01,4,193004,paperCycleCadenceRetargetMode,shinbrotPaperBisection,0,NaN,60,72,NaN,101716,0.0865456722676754,0.0230561839416623,0.0865456722677;-0.0864231199026;0.0720600986853;-0.0220092996955;-0.0219260260463;-0.0675667375326;-0.0304086074233;0.0985254853964;-0.0237265691161;0.021043279767;0.0288789182901;0.0320391476154;-0.0814280211926;0.0651276033372;0.0941806498566;0.0816755354404;0.0743018435314;-0.0559485070407;0.0387132823467;0.0785240471363;-0.0986040681601;0.0389851748943;-0.0482189118862;0.0334352642298;0.0912945728749;0.0377853810787;-0.0301366150379;0.0377913802862;0.0902311623096;0.0447358191013;0.0921392768621;-0.0871030554175;-0.0362292706966;-0.0771855011582;0.0139918623492;-1.40882097185e-05;0.0679388254881;-0.0329943135381;-0.00390552338213;-0.0059438765049;0.00735369622707;0.0219004290178;-0.0918156802654;0.0926598489285;-0.0604794919491;0.0952603887417;0.0967922642827;0.00210051909089;-0.0935040786862;0.0609683543444;0.0750721290708;0.0602910742164;0.0498337644618;0.0696253687143;0.0338640064001;-0.0868709474802;-0.0853474646807;-0.0566352546215;0.0750406354666;-0.0486814677715;0.0474062621593;-0.00468577696593;0.0902746662498;-0.067597142607;0.0760772708803;-0.009480292222;0.0230561839417,1,1,shinbrotPaperBisection,0.0865456722676754,3,67,67,66,0,1;1;4;4;6;7;7;7;8;9;10;11;12;13;14;15;17;17;18;19;20;22;23;23;24;25;25;28;29;31;32;32;32;33;34;34;37;37;37;38;38;39;40;40;41;41;42;43;44;45;46;47;47;48;50;51;51;52;53;53;55;56;56;57;57;57,1519;3038;4557;6076;7595;9114;10633;12152;13671;15190;16709;18228;19747;21266;22785;24304;25823;27342;28861;30380;31899;33418;34937;36456;37975;39494;41013;42532;44051;45570;47089;48608;50127;51646;53165;54684;56203;57722;59241;60760;62279;63798;65317;66836;68355;69874;71393;72912;74431;75950;77469;78988;80507;82026;83545;85064;86583;88102;89621;91140;92659;94178;95697;97216;98735;100254,1.519;3.038;4.557;6.076;7.595;9.114;10.633;12.152;13.671;15.19;16.709;18.228;19.747;21.266;22.785;24.304;25.823;27.342;28.861;30.38;31.899;33.418;34.937;36.456;37.975;39.494;41.013;42.532;44.051;45.57;47.089;48.608;50.127;51.646;53.165;54.684;56.203;57.722;59.241;60.7599999999;62.2789999999;63.7979999999;65.3169999999;66.836;68.355;69.874;71.393;72.912;74.431;75.95;77.469;78.988;80.507;82.026;83.545;85.064;86.583;88.1020000001;89.6210000001;91.1400000001;92.6590000001;94.1780000001;95.6970000001;97.2160000001;98.7350000001;100.254,shinbrotPaperBisection;shinbrotPaperBisection;shinbrotPaperBisection;shinbrotPaperBisection;shinbrotPaperBisection;shinbrotPaperBisection;shinbrotPaperBisection;shinbrotPaperBisection;shinbrotPaperBisection;shinbrotPaperBisection;shinbrotPaperBisection;shinbrotPaperBisection;shinbrotPaperBisection;shinbrotPaperBisection;shinbrotPaperBisection;shinbrotPaperBisection;shinbrotPaperBisection;shinbrotPaperBisection;shinbrotPaperBisection;shinbrotPaperBisection;shinbrotPaperBisection;shinbrotPaperBisection;shinbrotPaperBisection;shinbrotPaperBisection;shinbrotPaperBisection;shinbrotPaperBisection;shinbrotPaperBisection;shinbrotPaperBisection;shinbrotPaperBisection;shinbrotPaperBisection;shinbrotPaperBisection;shinbrotPaperBisection;shinbrotPaperBisection;shinbrotPaperBisection;shinbrotPaperBisection;shinbrotPaperBisection;shinbrotPaperBisection;shinbrotPaperBisection;shinbrotPaperBisection;shinbrotPaperBisection;shinbrotPaperBisection;shinbrotPaperBisection;shinbrotPaperBisection;shinbrotPaperBisection;shinbrotPaperBisection;shinbrotPaperBisection;shinbrotPaperBisection;shinbrotPaperBisection;shinbrotPaperBisection;shinbrotPaperBisection;shinbrotPaperBisection;shinbrotPaperBisection;shinbrotPaperBisection;shinbrotPaperBisection;shinbrotPaperBisection;shinbrotPaperBisection;shinbrotPaperBisection;shinbrotPaperBisection;shinbrotPaperBisection;shinbrotPaperBisection;shinbrotPaperBisection;shinbrotPaperBisection;shinbrotPaperBisection;shinbrotPaperBisection;shinbrotPaperBisection;shinbrotPaperBisection,-0.0864231199026;0.0720600986853;-0.0220092996955;-0.0219260260463;-0.0675667375326;-0.0304086074233;0.0985254853964;-0.0237265691161;0.021043279767;0.0288789182901;0.0320391476154;-0.0814280211926;0.0651276033372;0.0941806498566;0.0816755354404;0.0743018435314;-0.0559485070407;0.0387132823467;0.0785240471363;-0.0986040681601;0.0389851748943;-0.0482189118862;0.0334352642298;0.0912945728749;0.0377853810787;-0.0301366150379;0.0377913802862;0.0902311623096;0.0447358191013;0.0921392768621;-0.0871030554175;-0.0362292706966;-0.0771855011582;0.0139918623492;-1.40882097185e-05;0.0679388254881;-0.0329943135381;-0.00390552338213;-0.0059438765049;0.00735369622707;0.0219004290178;-0.0918156802654;0.0926598489285;-0.0604794919491;0.0952603887417;0.0967922642827;0.00210051909089;-0.0935040786862;0.0609683543444;0.0750721290708;0.0602910742164;0.0498337644618;0.0696253687143;0.0338640064001;-0.0868709474802;-0.0853474646807;-0.0566352546215;0.0750406354666;-0.0486814677715;0.0474062621593;-0.00468577696593;0.0902746662498;-0.067597142607;0.0760772708803;-0.009480292222;0.0230561839417,1519,meanReturnCycleMatched,1.00026818778561,0.999567972321358,12.7294320276786,17.4171893078788,26.921,0,0,1,0,accepted-crossing limit exhausted,232.0434457
0.01,5,193005,paperCycleCadenceRetargetMode,shinbrotPaperBisection,0,NaN,60,52,NaN,88099,0.0865456722676754,-0.0295969069004059,0.0865456722677;0.0568899281323;-0.00727047771215;-0.0555773198605;0.00416436940432;-0.0333259046078;-0.0310023650527;-0.0947540104389;-0.0798985272646;0.0279004879296;-0.0933300323784;0.0512179791927;0.0497851997614;0.0549365609884;0.0894243948162;-0.0433114737272;0.0430607609451;0.0496674148366;0.0518252432346;0.0372417390347;-0.0411044105887;-0.00299045220017;-0.0101891510189;-0.0999620202929;-0.0615968048573;-0.0447274744511;0.0934882938862;0.0521070688963;-0.0718418605626;0.0187172025442;-0.0207796797156;-0.0646398365498;0.0502697482239;0.0250251791324;-0.0889546924271;0.0528575435281;0.0769551575184;-0.0489350020885;0.00619758963585;-0.0488039910793;0.0936269950122;-0.0139881357551;0.0246854249388;0.0618008844554;0.0251737389714;0.0427047163248;0.062883374095;0.0517283454537;0.0374936319888;0.0454353153706;0.0138562723994;0.00947055220604;0.0731673777103;-0.071431440115;-0.0424399003386;0.0993787733838;-0.00622764026048;-0.0295969069004,1,1,shinbrotPaperBisection,0.0865456722676754,3,58,58,57,0,1;1;4;5;7;7;10;11;11;12;12;13;13;15;15;16;17;18;19;20;21;22;22;24;24;24;26;26;28;28;30;32;34;35;37;38;39;39;40;41;42;43;44;45;47;47;48;48;49;51;54;55;55;55;56;57;59,1519;3038;4557;6076;7595;9114;10633;12152;13671;15190;16709;18228;19747;21266;22785;24304;25823;27342;28861;30380;31899;33418;34937;36456;37975;39494;41013;42532;44051;45570;47089;48608;50127;51646;53165;54684;56203;57722;59241;60760;62279;63798;65317;66836;68355;69874;71393;72912;74431;75950;77469;78988;80507;82026;83545;85064;86583,1.519;3.038;4.557;6.076;7.595;9.114;10.633;12.152;13.671;15.19;16.709;18.228;19.747;21.266;22.785;24.304;25.823;27.342;28.861;30.38;31.899;33.418;34.937;36.456;37.975;39.494;41.013;42.532;44.051;45.57;47.089;48.608;50.127;51.646;53.165;54.684;56.203;57.722;59.241;60.7599999999;62.2789999999;63.7979999999;65.3169999999;66.836;68.355;69.874;71.393;72.912;74.431;75.95;77.469;78.988;80.507;82.026;83.545;85.064;86.583,shinbrotPaperBisection;shinbrotPaperBisection;shinbrotPaperBisection;shinbrotPaperBisection;shinbrotPaperBisection;shinbrotPaperBisection;shinbrotPaperBisection;shinbrotPaperBisection;shinbrotPaperBisection;shinbrotPaperBisection;shinbrotPaperBisection;shinbrotPaperBisection;shinbrotPaperBisection;shinbrotPaperBisection;shinbrotPaperBisection;shinbrotPaperBisection;shinbrotPaperBisection;shinbrotPaperBisection;shinbrotPaperBisection;shinbrotPaperBisection;shinbrotPaperBisection;shinbrotPaperBisection;shinbrotPaperBisection;shinbrotPaperBisection;shinbrotPaperBisection;shinbrotPaperBisection;shinbrotPaperBisection;shinbrotPaperBisection;shinbrotPaperBisection;shinbrotPaperBisection;shinbrotPaperBisection;shinbrotPaperBisection;shinbrotPaperBisection;shinbrotPaperBisection;shinbrotPaperBisection;shinbrotPaperBisection;shinbrotPaperBisection;shinbrotPaperBisection;shinbrotPaperBisection;shinbrotPaperBisection;shinbrotPaperBisection;shinbrotPaperBisection;shinbrotPaperBisection;shinbrotPaperBisection;shinbrotPaperBisection;shinbrotPaperBisection;shinbrotPaperBisection;shinbrotPaperBisection;shinbrotPaperBisection;shinbrotPaperBisection;shinbrotPaperBisection;shinbrotPaperBisection;shinbrotPaperBisection;shinbrotPaperBisection;shinbrotPaperBisection;shinbrotPaperBisection;shinbrotPaperBisection,0.0568899281323;-0.00727047771215;-0.0555773198605;0.00416436940432;-0.0333259046078;-0.0310023650527;-0.0947540104389;-0.0798985272646;0.0279004879296;-0.0933300323784;0.0512179791927;0.0497851997614;0.0549365609884;0.0894243948162;-0.0433114737272;0.0430607609451;0.0496674148366;0.0518252432346;0.0372417390347;-0.0411044105887;-0.00299045220017;-0.0101891510189;-0.0999620202929;-0.0615968048573;-0.0447274744511;0.0934882938862;0.0521070688963;-0.0718418605626;0.0187172025442;-0.0207796797156;-0.0646398365498;0.0502697482239;0.0250251791324;-0.0889546924271;0.0528575435281;0.0769551575184;-0.0489350020885;0.00619758963585;-0.0488039910793;0.0936269950122;-0.0139881357551;0.0246854249388;0.0618008844554;0.0251737389714;0.0427047163248;0.062883374095;0.0517283454537;0.0374936319888;0.0454353153706;0.0138562723994;0.00947055220604;0.0731673777103;-0.071431440115;-0.0424399003386;0.0993787733838;-0.00622764026048;-0.0295969069004,1519,meanReturnCycleMatched,1.00026818778561,1.80283795550326,11.9261620444967,15.6863582975633,26.921,0,0,1,0,accepted-crossing limit exhausted,209.1838208
0.01,6,193006,paperCycleCadenceRetargetMode,shinbrotPaperBisection,0,NaN,60,46,NaN,77810,0.0865456722676754,0.00745618268847466,0.0865456722677;0.0250795582309;0.0918939769268;0.0240061477758;-0.0934670984745;-0.0923439323902;0.0551780566573;-0.085721680522;0.00494585484266;-0.00170721560717;-0.0349130764604;-0.0884097950533;0.0391655296087;-0.00141382459551;0.083023814857;-0.0100218728185;0.00224647819996;-0.0736446335912;0.0265602678061;0.0689563319087;-0.0884032547474;0.0223058566451;-0.00405489727855;-0.0899773210287;-0.0916074573994;0.0642028272152;0.0313226729631;0.0904328394681;-0.0847143828869;0.0997376063839;0.0197768509388;0.0510233789682;0.0799765244126;0.0524613946676;-0.0844444006681;0.0932791814208;0.00506354868412;0.0249461948872;0.0639183862135;-0.0162387296557;-0.0468139588833;-0.0999813946779;0.0112923800945;-0.0444677069783;0.0722935214639;0.0970411499962;-0.0715202510357;-0.0768896877766;-0.068195861578;-0.0123710072599;0.00558748128824;0.00745618268847,1,1,shinbrotPaperBisection,0.0865456722676754,3,52,52,51,0,1;1;4;6;6;7;8;8;10;10;11;11;13;14;17;18;19;21;25;27;29;30;31;33;34;34;35;36;38;40;42;43;43;44;45;45;47;47;48;49;50;50;51;51;52;53;53;54;55;57;59,1519;3038;4557;6076;7595;9114;10633;12152;13671;15190;16709;18228;19747;21266;22785;24304;25823;27342;28861;30380;31899;33418;34937;36456;37975;39494;41013;42532;44051;45570;47089;48608;50127;51646;53165;54684;56203;57722;59241;60760;62279;63798;65317;66836;68355;69874;71393;72912;74431;75950;77469,1.519;3.038;4.557;6.076;7.595;9.114;10.633;12.152;13.671;15.19;16.709;18.228;19.747;21.266;22.785;24.304;25.823;27.342;28.861;30.38;31.899;33.418;34.937;36.456;37.975;39.494;41.013;42.532;44.051;45.57;47.089;48.608;50.127;51.646;53.165;54.684;56.203;57.722;59.241;60.7599999999;62.2789999999;63.7979999999;65.3169999999;66.836;68.355;69.874;71.393;72.912;74.431;75.95;77.469,shinbrotPaperBisection;shinbrotPaperBisection;shinbrotPaperBisection;shinbrotPaperBisection;shinbrotPaperBisection;shinbrotPaperBisection;shinbrotPaperBisection;shinbrotPaperBisection;shinbrotPaperBisection;shinbrotPaperBisection;shinbrotPaperBisection;shinbrotPaperBisection;shinbrotPaperBisection;shinbrotPaperBisection;shinbrotPaperBisection;shinbrotPaperBisection;shinbrotPaperBisection;shinbrotPaperBisection;shinbrotPaperBisection;shinbrotPaperBisection;shinbrotPaperBisection;shinbrotPaperBisection;shinbrotPaperBisection;shinbrotPaperBisection;shinbrotPaperBisection;shinbrotPaperBisection;shinbrotPaperBisection;shinbrotPaperBisection;shinbrotPaperBisection;shinbrotPaperBisection;shinbrotPaperBisection;shinbrotPaperBisection;shinbrotPaperBisection;shinbrotPaperBisection;shinbrotPaperBisection;shinbrotPaperBisection;shinbrotPaperBisection;shinbrotPaperBisection;shinbrotPaperBisection;shinbrotPaperBisection;shinbrotPaperBisection;shinbrotPaperBisection;shinbrotPaperBisection;shinbrotPaperBisection;shinbrotPaperBisection;shinbrotPaperBisection;shinbrotPaperBisection;shinbrotPaperBisection;shinbrotPaperBisection;shinbrotPaperBisection;shinbrotPaperBisection,0.0250795582309;0.0918939769268;0.0240061477758;-0.0934670984745;-0.0923439323902;0.0551780566573;-0.085721680522;0.00494585484266;-0.00170721560717;-0.0349130764604;-0.0884097950533;0.0391655296087;-0.00141382459551;0.083023814857;-0.0100218728185;0.00224647819996;-0.0736446335912;0.0265602678061;0.0689563319087;-0.0884032547474;0.0223058566451;-0.00405489727855;-0.0899773210287;-0.0916074573994;0.0642028272152;0.0313226729631;0.0904328394681;-0.0847143828869;0.0997376063839;0.0197768509388;0.0510233789682;0.0799765244126;0.0524613946676;-0.0844444006681;0.0932791814208;0.00506354868412;0.0249461948872;0.0639183862135;-0.0162387296557;-0.0468139588833;-0.0999813946779;0.0112923800945;-0.0444677069783;0.0722935214639;0.0970411499962;-0.0715202510357;-0.0768896877766;-0.068195861578;-0.0123710072599;0.00558748128824;0.00745618268847,1519,meanReturnCycleMatched,1.00026818778561,1.56447992327193,12.1645200767281,16.3238694015523,26.921,0,0,1,0,accepted-crossing limit exhausted,188.2731523
0.01,7,193007,paperCycleCadenceRetargetMode,shinbrotPaperBisection,0,NaN,60,75,NaN,99999,0.0865456722676754,0.0258404236286879,0.0865456722677;0.0890277436003;0.0897549927235;0.0860277497559;0.0939406506717;-0.08334710747;0.0190564244986;0.0951033651829;-0.0780551970005;0.0166429713368;-0.0281728520989;0.0988226477057;-0.0498393501155;-0.0812751829624;0.0724075347185;-0.0977020688355;0.0559191957116;-0.07226575315;-0.0515236314386;-0.0906477034092;0.0254717549309;0.0532129459083;0.0514353781939;0.00517537891865;-0.0110280517489;0.0147861331701;0.0968316586688;-0.091286188364;-0.000631006062031;-0.0214125216007;-0.0995254456997;0.0747382717207;-0.00457714237273;-0.0764734357595;-0.0492932379246;-0.0543811649084;0.0260311175138;0.072650668025;0.00539507120848;-0.0504562318325;-0.0871291371062;-0.0792703539133;0.0524990737438;-0.0597823888063;-0.0569274365902;0.0784618269652;-0.0111371085048;-0.0297688543797;-0.0732746971771;-0.0393720686436;0.0245177894831;0.0287372522056;0.054174336046;0.00500424057245;0.0420138865709;0.0382046950981;0.0886345759034;0.00975064486265;-0.0353500202298;-0.0404072269797;-0.0986607134342;-0.0376926243305;0.0495725404471;-0.0426208898425;-0.00359663628042;0.0258404236287,1,1,shinbrotPaperBisection,0.0865456722676754,3,66,66,65,0,2;2;4;4;5;6;7;7;7;9;10;13;15;16;18;19;19;20;20;20;22;25;26;27;28;28;29;29;29;30;31;31;31;32;34;36;37;38;39;39;40;41;43;44;44;45;45;46;46;46;47;47;48;48;49;51;51;52;55;56;56;56;56;56;57,1519;3038;4557;6076;7595;9114;10633;12152;13671;15190;16709;18228;19747;21266;22785;24304;25823;27342;28861;30380;31899;33418;34937;36456;37975;39494;41013;42532;44051;45570;47089;48608;50127;51646;53165;54684;56203;57722;59241;60760;62279;63798;65317;66836;68355;69874;71393;72912;74431;75950;77469;78988;80507;82026;83545;85064;86583;88102;89621;91140;92659;94178;95697;97216;98735,1.519;3.038;4.557;6.076;7.595;9.114;10.633;12.152;13.671;15.19;16.709;18.228;19.747;21.266;22.785;24.304;25.823;27.342;28.861;30.38;31.899;33.418;34.937;36.456;37.975;39.494;41.013;42.532;44.051;45.57;47.089;48.608;50.127;51.646;53.165;54.684;56.203;57.722;59.241;60.7599999999;62.2789999999;63.7979999999;65.3169999999;66.836;68.355;69.874;71.393;72.912;74.431;75.95;77.469;78.988;80.507;82.026;83.545;85.064;86.583;88.1020000001;89.6210000001;91.1400000001;92.6590000001;94.1780000001;95.6970000001;97.2160000001;98.7350000001,shinbrotPaperBisection;shinbrotPaperBisection;shinbrotPaperBisection;shinbrotPaperBisection;shinbrotPaperBisection;shinbrotPaperBisection;shinbrotPaperBisection;shinbrotPaperBisection;shinbrotPaperBisection;shinbrotPaperBisection;shinbrotPaperBisection;shinbrotPaperBisection;shinbrotPaperBisection;shinbrotPaperBisection;shinbrotPaperBisection;shinbrotPaperBisection;shinbrotPaperBisection;shinbrotPaperBisection;shinbrotPaperBisection;shinbrotPaperBisection;shinbrotPaperBisection;shinbrotPaperBisection;shinbrotPaperBisection;shinbrotPaperBisection;shinbrotPaperBisection;shinbrotPaperBisection;shinbrotPaperBisection;shinbrotPaperBisection;shinbrotPaperBisection;shinbrotPaperBisection;shinbrotPaperBisection;shinbrotPaperBisection;shinbrotPaperBisection;shinbrotPaperBisection;shinbrotPaperBisection;shinbrotPaperBisection;shinbrotPaperBisection;shinbrotPaperBisection;shinbrotPaperBisection;shinbrotPaperBisection;shinbrotPaperBisection;shinbrotPaperBisection;shinbrotPaperBisection;shinbrotPaperBisection;shinbrotPaperBisection;shinbrotPaperBisection;shinbrotPaperBisection;shinbrotPaperBisection;shinbrotPaperBisection;shinbrotPaperBisection;shinbrotPaperBisection;shinbrotPaperBisection;shinbrotPaperBisection;shinbrotPaperBisection;shinbrotPaperBisection;shinbrotPaperBisection;shinbrotPaperBisection;shinbrotPaperBisection;shinbrotPaperBisection;shinbrotPaperBisection;shinbrotPaperBisection;shinbrotPaperBisection;shinbrotPaperBisection;shinbrotPaperBisection;shinbrotPaperBisection,0.0890277436003;0.0897549927235;0.0860277497559;0.0939406506717;-0.08334710747;0.0190564244986;0.0951033651829;-0.0780551970005;0.0166429713368;-0.0281728520989;0.0988226477057;-0.0498393501155;-0.0812751829624;0.0724075347185;-0.0977020688355;0.0559191957116;-0.07226575315;-0.0515236314386;-0.0906477034092;0.0254717549309;0.0532129459083;0.0514353781939;0.00517537891865;-0.0110280517489;0.0147861331701;0.0968316586688;-0.091286188364;-0.000631006062031;-0.0214125216007;-0.0995254456997;0.0747382717207;-0.00457714237273;-0.0764734357595;-0.0492932379246;-0.0543811649084;0.0260311175138;0.072650668025;0.00539507120848;-0.0504562318325;-0.0871291371062;-0.0792703539133;0.0524990737438;-0.0597823888063;-0.0569274365902;0.0784618269652;-0.0111371085048;-0.0297688543797;-0.0732746971771;-0.0393720686436;0.0245177894831;0.0287372522056;0.054174336046;0.00500424057245;0.0420138865709;0.0382046950981;0.0886345759034;0.00975064486265;-0.0353500202298;-0.0404072269797;-0.0986607134342;-0.0376926243305;0.0495725404471;-0.0426208898425;-0.00359663628042;0.0258404236287,1519,meanReturnCycleMatched,1.00026818778561,0.0368378723843836,13.6921621276156,19.3967013979005,26.921,0,0,1,0,accepted-crossing limit exhausted,243.4322463
0.01,8,193008,paperCycleCadenceRetargetMode,shinbrotPaperBisection,1,59,59,32,66.6823313053348,66683,0.0865456722676754,-0.0115091264247894,0.0865456722677;0.0762584935874;-0.0950934737921;-0.0397975504398;0.0621174456086;-0.0406487084925;0.0523465316743;-0.0982479393482;0.0927383244038;-0.0349552109838;0.0574078038335;0.0975015938282;-0.0579592168331;0.0994683444034;-0.0113597452641;-0.0504485918209;0.0346447080374;0.0236591160297;0.0381810218096;-0.0587958276272;-0.0562879025936;0.00224806368351;-0.0391693413258;0.0506528295577;-0.0617764681578;-0.010458356142;0.0750529486686;0.098780883709;-0.021087795496;0.0121239173226;0.0539600498974;0.0144150078297;0.0069492995739;-0.00162125714123;-0.000249102246016;-0.02539526131;-0.0977271368727;-0.0580949127674;-0.0990071117878;0.050458593946;-0.0723211944103;-0.0924146920443;-0.049362963438;-0.0115091264248,1,1,shinbrotPaperBisection,0.0865456722676754,3,44,44,43,0,1;1;4;6;8;9;11;12;13;14;15;16;17;17;20;22;24;26;27;27;28;30;31;32;33;35;37;37;38;40;43;45;48;49;51;53;54;56;56;58;58;58;58,1519;3038;4557;6076;7595;9114;10633;12152;13671;15190;16709;18228;19747;21266;22785;24304;25823;27342;28861;30380;31899;33418;34937;36456;37975;39494;41013;42532;44051;45570;47089;48608;50127;51646;53165;54684;56203;57722;59241;60760;62279;63798;65317,1.519;3.038;4.557;6.076;7.595;9.114;10.633;12.152;13.671;15.19;16.709;18.228;19.747;21.266;22.785;24.304;25.823;27.342;28.861;30.38;31.899;33.418;34.937;36.456;37.975;39.494;41.013;42.532;44.051;45.57;47.089;48.608;50.127;51.646;53.165;54.684;56.203;57.722;59.241;60.7599999999;62.2789999999;63.7979999999;65.3169999999,shinbrotPaperBisection;shinbrotPaperBisection;shinbrotPaperBisection;shinbrotPaperBisection;shinbrotPaperBisection;shinbrotPaperBisection;shinbrotPaperBisection;shinbrotPaperBisection;shinbrotPaperBisection;shinbrotPaperBisection;shinbrotPaperBisection;shinbrotPaperBisection;shinbrotPaperBisection;shinbrotPaperBisection;shinbrotPaperBisection;shinbrotPaperBisection;shinbrotPaperBisection;shinbrotPaperBisection;shinbrotPaperBisection;shinbrotPaperBisection;shinbrotPaperBisection;shinbrotPaperBisection;shinbrotPaperBisection;shinbrotPaperBisection;shinbrotPaperBisection;shinbrotPaperBisection;shinbrotPaperBisection;shinbrotPaperBisection;shinbrotPaperBisection;shinbrotPaperBisection;shinbrotPaperBisection;shinbrotPaperBisection;shinbrotPaperBisection;shinbrotPaperBisection;shinbrotPaperBisection;shinbrotPaperBisection;shinbrotPaperBisection;shinbrotPaperBisection;shinbrotPaperBisection;shinbrotPaperBisection;shinbrotPaperBisection;shinbrotPaperBisection;shinbrotPaperBisection,0.0762584935874;-0.0950934737921;-0.0397975504398;0.0621174456086;-0.0406487084925;0.0523465316743;-0.0982479393482;0.0927383244038;-0.0349552109838;0.0574078038335;0.0975015938282;-0.0579592168331;0.0994683444034;-0.0113597452641;-0.0504485918209;0.0346447080374;0.0236591160297;0.0381810218096;-0.0587958276272;-0.0562879025936;0.00224806368351;-0.0391693413258;0.0506528295577;-0.0617764681578;-0.010458356142;0.0750529486686;0.098780883709;-0.021087795496;0.0121239173226;0.0539600498974;0.0144150078297;0.0069492995739;-0.00162125714123;-0.000249102246016;-0.02539526131;-0.0977271368727;-0.0580949127674;-0.0990071117878;0.050458593946;-0.0723211944103;-0.0924146920443;-0.049362963438;-0.0115091264248,1519,meanReturnCycleMatched,1.00026818778561,0.00693294327465566,13.7220670567253,19.6637635187101,26.921,0,0,0,0,,155.2788147
0.01,9,193009,paperCycleCadenceRetargetMode,shinbrotPaperBisection,1,30,30,39,50.0988231806616,50099,0.0865456722676754,0.095752702653408,0.0865456722677;-0.0433129236102;0.0624219089746;-0.0976730048656;0.0474795456976;0.0106733053923;-0.0996202379465;0.0495230257511;-0.0532797753811;-0.0176157057285;-0.097545081377;0.000254523381591;0.051713603735;-0.0861409038305;-0.00104977488518;-0.0468092501163;-0.0165655985475;0.0527799040079;-0.0940569460392;-0.0802026689053;-0.0057821020484;-0.00299448370934;0.0280111614615;0.0660939723253;0.0471311867237;-0.0554088242352;0.0979166414589;-0.0464573800564;0.0819977812469;0.0894884472713;-0.0448408067226;0.023139205575;0.0957527026534,1,1,shinbrotPaperBisection,0.0865456722676754,3,33,33,32,0,1;2;3;3;3;5;5;7;8;9;9;10;12;14;14;14;17;19;20;20;20;20;20;21;22;22;22;23;24;25;26;28,1519;3038;4557;6076;7595;9114;10633;12152;13671;15190;16709;18228;19747;21266;22785;24304;25823;27342;28861;30380;31899;33418;34937;36456;37975;39494;41013;42532;44051;45570;47089;48608,1.519;3.038;4.557;6.076;7.595;9.114;10.633;12.152;13.671;15.19;16.709;18.228;19.747;21.266;22.785;24.304;25.823;27.342;28.861;30.38;31.899;33.418;34.937;36.456;37.975;39.494;41.013;42.532;44.051;45.57;47.089;48.608,shinbrotPaperBisection;shinbrotPaperBisection;shinbrotPaperBisection;shinbrotPaperBisection;shinbrotPaperBisection;shinbrotPaperBisection;shinbrotPaperBisection;shinbrotPaperBisection;shinbrotPaperBisection;shinbrotPaperBisection;shinbrotPaperBisection;shinbrotPaperBisection;shinbrotPaperBisection;shinbrotPaperBisection;shinbrotPaperBisection;shinbrotPaperBisection;shinbrotPaperBisection;shinbrotPaperBisection;shinbrotPaperBisection;shinbrotPaperBisection;shinbrotPaperBisection;shinbrotPaperBisection;shinbrotPaperBisection;shinbrotPaperBisection;shinbrotPaperBisection;shinbrotPaperBisection;shinbrotPaperBisection;shinbrotPaperBisection;shinbrotPaperBisection;shinbrotPaperBisection;shinbrotPaperBisection;shinbrotPaperBisection,-0.0433129236102;0.0624219089746;-0.0976730048656;0.0474795456976;0.0106733053923;-0.0996202379465;0.0495230257511;-0.0532797753811;-0.0176157057285;-0.097545081377;0.000254523381591;0.051713603735;-0.0861409038305;-0.00104977488518;-0.0468092501163;-0.0165655985475;0.0527799040079;-0.0940569460392;-0.0802026689053;-0.0057821020484;-0.00299448370934;0.0280111614615;0.0660939723253;0.0471311867237;-0.0554088242352;0.0979166414589;-0.0464573800564;0.0819977812469;0.0894884472713;-0.0448408067226;0.023139205575;0.0957527026534,1519,meanReturnCycleMatched,1.00026818778561,0.00606475906068482,13.7229352409393,19.5023434463958,26.921,0,0,0,0,,89.2651228
0.01,10,193010,paperCycleCadenceRetargetMode,shinbrotPaperBisection,0,NaN,60,53,NaN,81098,0.0865456722676754,0.0217076271772385,0.0865456722677;-0.00776839852333;0.0500069281086;-0.0370130360126;0.026816948317;-0.0673204630613;-0.00323478579521;-0.0344288170338;0.0674122620374;0.0489109791815;-0.0181951269507;0.0745776321739;0.0151285797358;-0.053307929635;0.0680705994368;-0.0969223797321;0.0801949590445;0.0252203576267;-0.0210786777548;-0.0328954041004;0.050201484561;-0.0153567388654;0.0383323609829;-0.0235512077808;0.0710238547996;-0.046877092123;0.0236759245396;-0.0177154734731;-0.0176842346787;0.0550208032131;0.0271826829761;-0.0792665928602;0.0513053633273;-0.09892529957;0.0897610843182;-0.0987608145922;0.0902157410979;0.012243694067;-0.0761731177568;-0.0219430625439;-0.027740496397;0.0799477905035;-0.00305123478174;-0.0414628461003;0.0595712959766;-0.0779992520809;-0.0736210402101;0.0836970733479;-0.00050370497629;0.0974677786231;0.0973158173263;-0.0574027590454;0.0504666192457;0.0217076271772,1,1,shinbrotPaperBisection,0.0865456722676754,3,54,54,53,0,2;3;3;4;4;8;10;11;11;12;13;14;14;16;16;18;21;22;23;24;27;28;29;29;30;32;32;32;33;34;35;36;36;38;38;39;41;42;44;46;47;49;50;52;53;55;55;55;56;56;57;58;59,1519;3038;4557;6076;7595;9114;10633;12152;13671;15190;16709;18228;19747;21266;22785;24304;25823;27342;28861;30380;31899;33418;34937;36456;37975;39494;41013;42532;44051;45570;47089;48608;50127;51646;53165;54684;56203;57722;59241;60760;62279;63798;65317;66836;68355;69874;71393;72912;74431;75950;77469;78988;80507,1.519;3.038;4.557;6.076;7.595;9.114;10.633;12.152;13.671;15.19;16.709;18.228;19.747;21.266;22.785;24.304;25.823;27.342;28.861;30.38;31.899;33.418;34.937;36.456;37.975;39.494;41.013;42.532;44.051;45.57;47.089;48.608;50.127;51.646;53.165;54.684;56.203;57.722;59.241;60.7599999999;62.2789999999;63.7979999999;65.3169999999;66.836;68.355;69.874;71.393;72.912;74.431;75.95;77.469;78.988;80.507,shinbrotPaperBisection;shinbrotPaperBisection;shinbrotPaperBisection;shinbrotPaperBisection;shinbrotPaperBisection;shinbrotPaperBisection;shinbrotPaperBisection;shinbrotPaperBisection;shinbrotPaperBisection;shinbrotPaperBisection;shinbrotPaperBisection;shinbrotPaperBisection;shinbrotPaperBisection;shinbrotPaperBisection;shinbrotPaperBisection;shinbrotPaperBisection;shinbrotPaperBisection;shinbrotPaperBisection;shinbrotPaperBisection;shinbrotPaperBisection;shinbrotPaperBisection;shinbrotPaperBisection;shinbrotPaperBisection;shinbrotPaperBisection;shinbrotPaperBisection;shinbrotPaperBisection;shinbrotPaperBisection;shinbrotPaperBisection;shinbrotPaperBisection;shinbrotPaperBisection;shinbrotPaperBisection;shinbrotPaperBisection;shinbrotPaperBisection;shinbrotPaperBisection;shinbrotPaperBisection;shinbrotPaperBisection;shinbrotPaperBisection;shinbrotPaperBisection;shinbrotPaperBisection;shinbrotPaperBisection;shinbrotPaperBisection;shinbrotPaperBisection;shinbrotPaperBisection;shinbrotPaperBisection;shinbrotPaperBisection;shinbrotPaperBisection;shinbrotPaperBisection;shinbrotPaperBisection;shinbrotPaperBisection;shinbrotPaperBisection;shinbrotPaperBisection;shinbrotPaperBisection;shinbrotPaperBisection,-0.00776839852333;0.0500069281086;-0.0370130360126;0.026816948317;-0.0673204630613;-0.00323478579521;-0.0344288170338;0.0674122620374;0.0489109791815;-0.0181951269507;0.0745776321739;0.0151285797358;-0.053307929635;0.0680705994368;-0.0969223797321;0.0801949590445;0.0252203576267;-0.0210786777548;-0.0328954041004;0.050201484561;-0.0153567388654;0.0383323609829;-0.0235512077808;0.0710238547996;-0.046877092123;0.0236759245396;-0.0177154734731;-0.0176842346787;0.0550208032131;0.0271826829761;-0.0792665928602;0.0513053633273;-0.09892529957;0.0897610843182;-0.0987608145922;0.0902157410979;0.012243694067;-0.0761731177568;-0.0219430625439;-0.027740496397;0.0799477905035;-0.00305123478174;-0.0414628461003;0.0595712959766;-0.0779992520809;-0.0736210402101;0.0836970733479;-0.00050370497629;0.0974677786231;0.0973158173263;-0.0574027590454;0.0504666192457;0.0217076271772,1519,meanReturnCycleMatched,1.00026818778561,0.632117108885424,13.0968828911146,18.2794824830532,26.921,0,0,1,0,accepted-crossing limit exhausted,174.237032
0.03,1,194001,paperCycleCadenceRetargetMode,shinbrotPaperBisection,1,49,49,56,75.9905487554873,75991,0.0865456722676754,-0.0619231164455414,0.0865456722677;0.0679549187422;0.0696045100689;-0.0277557775378;0.0582274854183;-0.00111510176212;-0.0553500115871;-0.0435508027673;0.0941139777191;-0.00671216696501;-0.0606415688992;0.0937536694109;0.0427058845758;-0.0842474520206;0.0718640118837;-0.0130063161254;-0.0687276303768;0.0986170090735;0.0213818103075;-0.0191703990102;0.0674963191152;-0.0366765201092;-0.0185269296169;-0.0223678782582;-0.0418441951275;-0.0704608619213;0.0576764523983;-0.035566239059;-0.02893525213;0.0752615951933;0.0519260913134;0.0098438590765;-0.0440918788314;-0.0611332505941;0.070124694705;0.0636760145426;-0.0910963743925;-0.0911234609783;0.0656409800053;-0.0796326458454;-0.0153989478946;-0.0428158819675;-0.0888375088573;-0.0216759696603;9.8488247022e-05;-0.0332303106785;0.0410563737154;-0.00834169983864;-0.0158876791596;-0.0598791897297;-0.0619231164455,1,1,shinbrotPaperBisection,0.0865456722676754,3,51,51,50,0,2;2;4;5;5;8;11;12;14;14;14;18;20;20;21;21;22;22;25;26;26;26;26;27;28;28;29;30;31;32;32;33;34;34;35;36;37;38;39;40;41;41;41;42;44;44;45;46;46;48,1519;3038;4557;6076;7595;9114;10633;12152;13671;15190;16709;18228;19747;21266;22785;24304;25823;27342;28861;30380;31899;33418;34937;36456;37975;39494;41013;42532;44051;45570;47089;48608;50127;51646;53165;54684;56203;57722;59241;60760;62279;63798;65317;66836;68355;69874;71393;72912;74431;75950,1.519;3.038;4.557;6.076;7.595;9.114;10.633;12.152;13.671;15.19;16.709;18.228;19.747;21.266;22.785;24.304;25.823;27.342;28.861;30.38;31.899;33.418;34.937;36.456;37.975;39.494;41.013;42.532;44.051;45.57;47.089;48.608;50.127;51.646;53.165;54.684;56.203;57.722;59.241;60.7599999999;62.2789999999;63.7979999999;65.3169999999;66.836;68.355;69.874;71.393;72.912;74.431;75.95,shinbrotPaperBisection;shinbrotPaperBisection;shinbrotPaperBisection;shinbrotPaperBisection;shinbrotPaperBisection;shinbrotPaperBisection;shinbrotPaperBisection;shinbrotPaperBisection;shinbrotPaperBisection;shinbrotPaperBisection;shinbrotPaperBisection;shinbrotPaperBisection;shinbrotPaperBisection;shinbrotPaperBisection;shinbrotPaperBisection;shinbrotPaperBisection;shinbrotPaperBisection;shinbrotPaperBisection;shinbrotPaperBisection;shinbrotPaperBisection;shinbrotPaperBisection;shinbrotPaperBisection;shinbrotPaperBisection;shinbrotPaperBisection;shinbrotPaperBisection;shinbrotPaperBisection;shinbrotPaperBisection;shinbrotPaperBisection;shinbrotPaperBisection;shinbrotPaperBisection;shinbrotPaperBisection;shinbrotPaperBisection;shinbrotPaperBisection;shinbrotPaperBisection;shinbrotPaperBisection;shinbrotPaperBisection;shinbrotPaperBisection;shinbrotPaperBisection;shinbrotPaperBisection;shinbrotPaperBisection;shinbrotPaperBisection;shinbrotPaperBisection;shinbrotPaperBisection;shinbrotPaperBisection;shinbrotPaperBisection;shinbrotPaperBisection;shinbrotPaperBisection;shinbrotPaperBisection;shinbrotPaperBisection;shinbrotPaperBisection,0.0679549187422;0.0696045100689;-0.0277557775378;0.0582274854183;-0.00111510176212;-0.0553500115871;-0.0435508027673;0.0941139777191;-0.00671216696501;-0.0606415688992;0.0937536694109;0.0427058845758;-0.0842474520206;0.0718640118837;-0.0130063161254;-0.0687276303768;0.0986170090735;0.0213818103075;-0.0191703990102;0.0674963191152;-0.0366765201092;-0.0185269296169;-0.0223678782582;-0.0418441951275;-0.0704608619213;0.0576764523983;-0.035566239059;-0.02893525213;0.0752615951933;0.0519260913134;0.0098438590765;-0.0440918788314;-0.0611332505941;0.070124694705;0.0636760145426;-0.0910963743925;-0.0911234609783;0.0656409800053;-0.0796326458454;-0.0153989478946;-0.0428158819675;-0.0888375088573;-0.0216759696603;9.8488247022e-05;-0.0332303106785;0.0410563737154;-0.00834169983864;-0.0158876791596;-0.0598791897297;-0.0619231164455,1519,meanReturnCycleMatched,1.00026818778561,0.0028904129455114,13.7318904129455,18.6889824576357,26.921,0,0,0,0,,155.176282
0.03,2,194002,paperCycleCadenceRetargetMode,shinbrotPaperBisection,0,NaN,60,74,NaN,101877,0.0865456722676754,-0.00622189450077713,0.0865456722677;-0.0169399440289;0.0493434283882;0.0221560567617;-0.0461207091808;0.053658381477;0.030725440383;0.0344506412745;0.0900540180504;0.0321187518537;-0.0504405915737;-0.0377816811204;0.024711149931;0.00759794265032;-0.0926213413477;0.0337004631758;-0.0767152130604;-0.00328065752983;0.0551738120615;-0.049764303118;-0.050053460151;-0.0544690072536;0.0633030951023;0.0503366202116;0.0372250847518;-0.0458387479186;-0.0757908284664;0.0722091699019;0.0980850491673;0.077628070116;-0.00103000588715;0.0867186230607;-0.0505052626133;-0.0548232417554;-0.0605507314205;0.0953546595061;0.0392064474523;0.0880148564465;0.0964061198756;-0.066602101922;-0.0580207884312;-0.000583201646805;-0.0887353599072;0.0782114237547;0.0372364342213;-0.0496611773968;0.045368796587;-0.0975139603019;0.0660588115454;0.0905492216349;-0.0372922837734;0.0141670955345;0.030411106348;-0.0262831255794;-0.0868170678616;0.0349059132859;0.0987775509944;-0.0147124692798;0.0971579393372;0.0257031971589;-0.0822746098042;0.0821638405323;0.0247428069822;-0.0295773878694;-0.055376046896;0.0846678078175;-0.0563812702894;-0.00622189450078,1,1,shinbrotPaperBisection,0.0865456722676754,3,68,68,67,0,2;3;3;3;3;3;4;5;6;6;6;6;7;8;8;10;11;12;12;12;12;13;13;13;16;17;17;20;22;23;24;24;25;26;28;29;32;34;36;36;37;38;38;39;39;41;41;42;42;43;45;45;46;48;49;51;52;52;54;55;57;58;58;59;59;59;59,1519;3038;4557;6076;7595;9114;10633;12152;13671;15190;16709;18228;19747;21266;22785;24304;25823;27342;28861;30380;31899;33418;34937;36456;37975;39494;41013;42532;44051;45570;47089;48608;50127;51646;53165;54684;56203;57722;59241;60760;62279;63798;65317;66836;68355;69874;71393;72912;74431;75950;77469;78988;80507;82026;83545;85064;86583;88102;89621;91140;92659;94178;95697;97216;98735;100254;101773,1.519;3.038;4.557;6.076;7.595;9.114;10.633;12.152;13.671;15.19;16.709;18.228;19.747;21.266;22.785;24.304;25.823;27.342;28.861;30.38;31.899;33.418;34.937;36.456;37.975;39.494;41.013;42.532;44.051;45.57;47.089;48.608;50.127;51.646;53.165;54.684;56.203;57.722;59.241;60.7599999999;62.2789999999;63.7979999999;65.3169999999;66.836;68.355;69.874;71.393;72.912;74.431;75.95;77.469;78.988;80.507;82.026;83.545;85.064;86.583;88.1020000001;89.6210000001;91.1400000001;92.6590000001;94.1780000001;95.6970000001;97.2160000001;98.7350000001;100.254;101.773,shinbrotPaperBisection;shinbrotPaperBisection;shinbrotPaperBisection;shinbrotPaperBisection;shinbrotPaperBisection;shinbrotPaperBisection;shinbrotPaperBisection;shinbrotPaperBisection;shinbrotPaperBisection;shinbrotPaperBisection;shinbrotPaperBisection;shinbrotPaperBisection;shinbrotPaperBisection;shinbrotPaperBisection;shinbrotPaperBisection;shinbrotPaperBisection;shinbrotPaperBisection;shinbrotPaperBisection;shinbrotPaperBisection;shinbrotPaperBisection;shinbrotPaperBisection;shinbrotPaperBisection;shinbrotPaperBisection;shinbrotPaperBisection;shinbrotPaperBisection;shinbrotPaperBisection;shinbrotPaperBisection;shinbrotPaperBisection;shinbrotPaperBisection;shinbrotPaperBisection;shinbrotPaperBisection;shinbrotPaperBisection;shinbrotPaperBisection;shinbrotPaperBisection;shinbrotPaperBisection;shinbrotPaperBisection;shinbrotPaperBisection;shinbrotPaperBisection;shinbrotPaperBisection;shinbrotPaperBisection;shinbrotPaperBisection;shinbrotPaperBisection;shinbrotPaperBisection;shinbrotPaperBisection;shinbrotPaperBisection;shinbrotPaperBisection;shinbrotPaperBisection;shinbrotPaperBisection;shinbrotPaperBisection;shinbrotPaperBisection;shinbrotPaperBisection;shinbrotPaperBisection;shinbrotPaperBisection;shinbrotPaperBisection;shinbrotPaperBisection;shinbrotPaperBisection;shinbrotPaperBisection;shinbrotPaperBisection;shinbrotPaperBisection;shinbrotPaperBisection;shinbrotPaperBisection;shinbrotPaperBisection;shinbrotPaperBisection;shinbrotPaperBisection;shinbrotPaperBisection;shinbrotPaperBisection;shinbrotPaperBisection,-0.0169399440289;0.0493434283882;0.0221560567617;-0.0461207091808;0.053658381477;0.030725440383;0.0344506412745;0.0900540180504;0.0321187518537;-0.0504405915737;-0.0377816811204;0.024711149931;0.00759794265032;-0.0926213413477;0.0337004631758;-0.0767152130604;-0.00328065752983;0.0551738120615;-0.049764303118;-0.050053460151;-0.0544690072536;0.0633030951023;0.0503366202116;0.0372250847518;-0.0458387479186;-0.0757908284664;0.0722091699019;0.0980850491673;0.077628070116;-0.00103000588715;0.0867186230607;-0.0505052626133;-0.0548232417554;-0.0605507314205;0.0953546595061;0.0392064474523;0.0880148564465;0.0964061198756;-0.066602101922;-0.0580207884312;-0.000583201646805;-0.0887353599072;0.0782114237547;0.0372364342213;-0.0496611773968;0.045368796587;-0.0975139603019;0.0660588115454;0.0905492216349;-0.0372922837734;0.0141670955345;0.030411106348;-0.0262831255794;-0.0868170678616;0.0349059132859;0.0987775509944;-0.0147124692798;0.0971579393372;0.0257031971589;-0.0822746098042;0.0821638405323;0.0247428069822;-0.0295773878694;-0.055376046896;0.0846678078175;-0.0563812702894;-0.00622189450078,1519,meanReturnCycleMatched,1.00026818778561,1.02317981016815,14.7521798101682,21.6984624722621,26.921,0,0,1,0,accepted-crossing limit exhausted,244.7134578
0.03,3,194003,paperCycleCadenceRetargetMode,shinbrotPaperBisection,1,60,60,45,76.8411780588568,76842,0.0865456722676754,-0.0676312863826752,0.0865456722677;-0.0783994138241;0.0686416089535;0.0812367975712;-0.0177992761135;-0.0964511096478;0.0988344409503;-0.078056281805;-0.023732463643;-0.0515999652445;-0.0850564345717;-0.0375766583486;-0.0159369632602;-0.0260277315974;-0.0912649095058;-0.0461103618145;0.0336253590882;0.0157297685742;0.0375840244815;0.0240110343322;-0.0905511513352;0.0729657545686;0.0177639109083;0.098700440937;0.0875726419035;-0.0511104013771;0.059118399024;-0.00270201563835;0.00145279336721;-0.0578391641378;0.0876337587833;0.00040422976017;-0.0880530059338;0.0999208307854;0.0980138059705;-0.0330354034901;0.0216823995113;0.0954679448623;-0.0122361823916;0.0276087023318;0.0236006798223;0.0189633578062;0.0206246122718;0.0735999971628;0.0815777848475;0.0965246535838;-0.00637492537498;-0.0563249439001;0.0677887648344;0.0956467486918;-0.0676312863827,1,1,shinbrotPaperBisection,0.0865456722676754,3,51,51,50,0,1;1;2;4;4;4;6;8;10;12;13;13;15;16;18;19;19;20;23;25;26;26;26;28;29;29;30;30;30;31;32;33;33;37;38;39;40;42;43;46;48;48;48;49;51;51;52;54;57;59,1519;3038;4557;6076;7595;9114;10633;12152;13671;15190;16709;18228;19747;21266;22785;24304;25823;27342;28861;30380;31899;33418;34937;36456;37975;39494;41013;42532;44051;45570;47089;48608;50127;51646;53165;54684;56203;57722;59241;60760;62279;63798;65317;66836;68355;69874;71393;72912;74431;75950,1.519;3.038;4.557;6.076;7.595;9.114;10.633;12.152;13.671;15.19;16.709;18.228;19.747;21.266;22.785;24.304;25.823;27.342;28.861;30.38;31.899;33.418;34.937;36.456;37.975;39.494;41.013;42.532;44.051;45.57;47.089;48.608;50.127;51.646;53.165;54.684;56.203;57.722;59.241;60.7599999999;62.2789999999;63.7979999999;65.3169999999;66.836;68.355;69.874;71.393;72.912;74.431;75.95,shinbrotPaperBisection;shinbrotPaperBisection;shinbrotPaperBisection;shinbrotPaperBisection;shinbrotPaperBisection;shinbrotPaperBisection;shinbrotPaperBisection;shinbrotPaperBisection;shinbrotPaperBisection;shinbrotPaperBisection;shinbrotPaperBisection;shinbrotPaperBisection;shinbrotPaperBisection;shinbrotPaperBisection;shinbrotPaperBisection;shinbrotPaperBisection;shinbrotPaperBisection;shinbrotPaperBisection;shinbrotPaperBisection;shinbrotPaperBisection;shinbrotPaperBisection;shinbrotPaperBisection;shinbrotPaperBisection;shinbrotPaperBisection;shinbrotPaperBisection;shinbrotPaperBisection;shinbrotPaperBisection;shinbrotPaperBisection;shinbrotPaperBisection;shinbrotPaperBisection;shinbrotPaperBisection;shinbrotPaperBisection;shinbrotPaperBisection;shinbrotPaperBisection;shinbrotPaperBisection;shinbrotPaperBisection;shinbrotPaperBisection;shinbrotPaperBisection;shinbrotPaperBisection;shinbrotPaperBisection;shinbrotPaperBisection;shinbrotPaperBisection;shinbrotPaperBisection;shinbrotPaperBisection;shinbrotPaperBisection;shinbrotPaperBisection;shinbrotPaperBisection;shinbrotPaperBisection;shinbrotPaperBisection;shinbrotPaperBisection,-0.0783994138241;0.0686416089535;0.0812367975712;-0.0177992761135;-0.0964511096478;0.0988344409503;-0.078056281805;-0.023732463643;-0.0515999652445;-0.0850564345717;-0.0375766583486;-0.0159369632602;-0.0260277315974;-0.0912649095058;-0.0461103618145;0.0336253590882;0.0157297685742;0.0375840244815;0.0240110343322;-0.0905511513352;0.0729657545686;0.0177639109083;0.098700440937;0.0875726419035;-0.0511104013771;0.059118399024;-0.00270201563835;0.00145279336721;-0.0578391641378;0.0876337587833;0.00040422976017;-0.0880530059338;0.0999208307854;0.0980138059705;-0.0330354034901;0.0216823995113;0.0954679448623;-0.0122361823916;0.0276087023318;0.0236006798223;0.0189633578062;0.0206246122718;0.0735999971628;0.0815777848475;0.0965246535838;-0.00637492537498;-0.0563249439001;0.0677887648344;0.0956467486918;-0.0676312863827,1519,meanReturnCycleMatched,1.00026818778561,0.00528175444603818,13.734281754446,19.5103066179886,26.921,0,0,0,0,,204.4004828
0.03,4,194004,paperCycleCadenceRetargetMode,shinbrotPaperBisection,1,19,19,26,31.119682261832,31120,0.0865456722676754,-0.0341178819537163,0.0865456722677;0.0755690857768;-0.0325078070164;0.0275826990604;-0.0933572441339;0.00252157710493;0.00171170830727;0.0816882777028;-0.0515358865261;0.0826278761029;-0.0171276524663;-0.0507808864117;0.0959056675434;-0.0927353151143;-0.0712901454419;0.0667514979839;0.0982994126854;0.071484592557;-0.0679504267871;-0.0347507283092;-0.0341178819537,1,1,shinbrotPaperBisection,0.0865456722676754,3,21,21,20,0,1;1;3;5;7;8;10;11;11;12;12;12;13;14;14;16;17;17;18;18,1519;3038;4557;6076;7595;9114;10633;12152;13671;15190;16709;18228;19747;21266;22785;24304;25823;27342;28861;30380,1.519;3.038;4.557;6.076;7.595;9.114;10.633;12.152;13.671;15.19;16.709;18.228;19.747;21.266;22.785;24.304;25.823;27.342;28.861;30.38,shinbrotPaperBisection;shinbrotPaperBisection;shinbrotPaperBisection;shinbrotPaperBisection;shinbrotPaperBisection;shinbrotPaperBisection;shinbrotPaperBisection;shinbrotPaperBisection;shinbrotPaperBisection;shinbrotPaperBisection;shinbrotPaperBisection;shinbrotPaperBisection;shinbrotPaperBisection;shinbrotPaperBisection;shinbrotPaperBisection;shinbrotPaperBisection;shinbrotPaperBisection;shinbrotPaperBisection;shinbrotPaperBisection;shinbrotPaperBisection,0.0755690857768;-0.0325078070164;0.0275826990604;-0.0933572441339;0.00252157710493;0.00171170830727;0.0816882777028;-0.0515358865261;0.0826278761029;-0.0171276524663;-0.0507808864117;0.0959056675434;-0.0927353151143;-0.0712901454419;0.0667514979839;0.0982994126854;0.071484592557;-0.0679504267871;-0.0347507283092;-0.0341178819537,1519,meanReturnCycleMatched,1.00026818778561,0.00791346499368473,13.7369134649937,20.0880256407592,26.921,0,0,0,0,,71.2889576
0.03,5,194005,paperCycleCadenceRetargetMode,shinbrotPaperBisection,0,NaN,60,48,NaN,77312,0.0865456722676754,0.0351553171873093,0.0865456722677;0.0961885154247;-0.0503443539143;-0.0503109446261;-0.00106273218989;-0.0385268613696;-0.0410742342472;0.0750363860279;0.0984143842012;0.0726063091308;0.0957415044308;-0.0224113568664;-0.0805153742433;-0.0548623122275;0.0243210244924;-0.0974083963782;-0.0741503784433;0.041950944066;-0.0271566256881;0.0321179181337;0.0872230233392;-0.030776065588;0.00909010078758;-0.000208816677332;-0.0489078260958;0.0876020103693;0.0762982800603;0.00425205081701;-0.0636733144522;-5.44226262718e-05;-0.0500825102441;0.0373462850694;0.0614946834743;-0.0750742733479;0.0939224924892;-0.0506206013262;0.0821562707424;0.0885355643928;0.0710298389196;0.0951310891658;-0.0314282953739;-0.0739534169436;0.0724682509899;-0.0994109839201;-0.0134869858623;0.00371171087027;-0.0989175014198;0.0600598871708;0.0241045057774;0.0309232056141;0.0351553171873,1,1,shinbrotPaperBisection,0.0865456722676754,3,51,51,50,0,1;2;2;3;4;4;4;5;5;6;7;9;9;9;9;11;13;14;16;16;16;17;18;22;23;26;28;31;31;33;35;36;37;38;39;40;41;42;44;45;45;47;48;50;53;54;55;57;57;58,1519;3038;4557;6076;7595;9114;10633;12152;13671;15190;16709;18228;19747;21266;22785;24304;25823;27342;28861;30380;31899;33418;34937;36456;37975;39494;41013;42532;44051;45570;47089;48608;50127;51646;53165;54684;56203;57722;59241;60760;62279;63798;65317;66836;68355;69874;71393;72912;74431;75950,1.519;3.038;4.557;6.076;7.595;9.114;10.633;12.152;13.671;15.19;16.709;18.228;19.747;21.266;22.785;24.304;25.823;27.342;28.861;30.38;31.899;33.418;34.937;36.456;37.975;39.494;41.013;42.532;44.051;45.57;47.089;48.608;50.127;51.646;53.165;54.684;56.203;57.722;59.241;60.7599999999;62.2789999999;63.7979999999;65.3169999999;66.836;68.355;69.874;71.393;72.912;74.431;75.95,shinbrotPaperBisection;shinbrotPaperBisection;shinbrotPaperBisection;shinbrotPaperBisection;shinbrotPaperBisection;shinbrotPaperBisection;shinbrotPaperBisection;shinbrotPaperBisection;shinbrotPaperBisection;shinbrotPaperBisection;shinbrotPaperBisection;shinbrotPaperBisection;shinbrotPaperBisection;shinbrotPaperBisection;shinbrotPaperBisection;shinbrotPaperBisection;shinbrotPaperBisection;shinbrotPaperBisection;shinbrotPaperBisection;shinbrotPaperBisection;shinbrotPaperBisection;shinbrotPaperBisection;shinbrotPaperBisection;shinbrotPaperBisection;shinbrotPaperBisection;shinbrotPaperBisection;shinbrotPaperBisection;shinbrotPaperBisection;shinbrotPaperBisection;shinbrotPaperBisection;shinbrotPaperBisection;shinbrotPaperBisection;shinbrotPaperBisection;shinbrotPaperBisection;shinbrotPaperBisection;shinbrotPaperBisection;shinbrotPaperBisection;shinbrotPaperBisection;shinbrotPaperBisection;shinbrotPaperBisection;shinbrotPaperBisection;shinbrotPaperBisection;shinbrotPaperBisection;shinbrotPaperBisection;shinbrotPaperBisection;shinbrotPaperBisection;shinbrotPaperBisection;shinbrotPaperBisection;shinbrotPaperBisection;shinbrotPaperBisection,0.0961885154247;-0.0503443539143;-0.0503109446261;-0.00106273218989;-0.0385268613696;-0.0410742342472;0.0750363860279;0.0984143842012;0.0726063091308;0.0957415044308;-0.0224113568664;-0.0805153742433;-0.0548623122275;0.0243210244924;-0.0974083963782;-0.0741503784433;0.041950944066;-0.0271566256881;0.0321179181337;0.0872230233392;-0.030776065588;0.00909010078758;-0.000208816677332;-0.0489078260958;0.0876020103693;0.0762982800603;0.00425205081701;-0.0636733144522;-5.44226262718e-05;-0.0500825102441;0.0373462850694;0.0614946834743;-0.0750742733479;0.0939224924892;-0.0506206013262;0.0821562707424;0.0885355643928;0.0710298389196;0.0951310891658;-0.0314282953739;-0.0739534169436;0.0724682509899;-0.0994109839201;-0.0134869858623;0.00371171087027;-0.0989175014198;0.0600598871708;0.0241045057774;0.0309232056141;0.0351553171873,1519,meanReturnCycleMatched,1.00026818778561,1.17509528892128,12.5539047110787,16.8886507178237,26.921,0,0,1,0,accepted-crossing limit exhausted,201.1845989
0.03,6,194006,paperCycleCadenceRetargetMode,shinbrotPaperBisection,0,NaN,60,52,NaN,88039,0.0865456722676754,0.0469212085008621,0.0865456722677;0.0102851400152;-0.015891045332;-0.086252862215;-0.0636195209809;0.0472231805325;0.0491401476786;0.0116870671511;0.0267384201288;-0.0210677564144;0.0924417361617;-0.0724126517773;0.0558092965279;-0.0475559476763;0.0314264118671;0.0722916737199;0.075220470503;-0.0975263483822;-0.0929771721363;-0.0424372494221;-0.0295059740543;0.0890079110861;-0.0131585158408;0.0774324260652;0.0905790891498;0.0862904682755;0.0172505110502;-0.0350747406483;-0.0503077515401;-0.00125729367137;-0.0567896187305;0.0887136893347;0.0952432040125;0.0775875717402;0.00252955555916;0.00859737694263;-0.00714662522078;0.089911583066;-0.0202997878194;0.0976719491184;-0.0344724908471;-0.0571512013674;-0.0967114269733;0.0580083459616;-0.0604077875614;-0.0576528854668;0.0989934884012;0.00711863636971;0.0998462774791;0.0135167792439;-0.0803343862295;0.0253052752465;0.0746614605188;-0.0398204162717;0.0860242694616;-0.0120382487774;0.0823151685297;0.0469212085009,1,1,shinbrotPaperBisection,0.0865456722676754,3,58,58,57,0,2;4;4;5;6;7;8;8;9;10;10;11;11;11;13;14;15;15;15;17;18;19;22;23;25;25;27;29;30;32;33;34;34;35;36;36;36;36;37;37;39;39;40;41;42;43;45;47;50;52;54;55;57;57;59;59;59,1519;3038;4557;6076;7595;9114;10633;12152;13671;15190;16709;18228;19747;21266;22785;24304;25823;27342;28861;30380;31899;33418;34937;36456;37975;39494;41013;42532;44051;45570;47089;48608;50127;51646;53165;54684;56203;57722;59241;60760;62279;63798;65317;66836;68355;69874;71393;72912;74431;75950;77469;78988;80507;82026;83545;85064;86583,1.519;3.038;4.557;6.076;7.595;9.114;10.633;12.152;13.671;15.19;16.709;18.228;19.747;21.266;22.785;24.304;25.823;27.342;28.861;30.38;31.899;33.418;34.937;36.456;37.975;39.494;41.013;42.532;44.051;45.57;47.089;48.608;50.127;51.646;53.165;54.684;56.203;57.722;59.241;60.7599999999;62.2789999999;63.7979999999;65.3169999999;66.836;68.355;69.874;71.393;72.912;74.431;75.95;77.469;78.988;80.507;82.026;83.545;85.064;86.583,shinbrotPaperBisection;shinbrotPaperBisection;shinbrotPaperBisection;shinbrotPaperBisection;shinbrotPaperBisection;shinbrotPaperBisection;shinbrotPaperBisection;shinbrotPaperBisection;shinbrotPaperBisection;shinbrotPaperBisection;shinbrotPaperBisection;shinbrotPaperBisection;shinbrotPaperBisection;shinbrotPaperBisection;shinbrotPaperBisection;shinbrotPaperBisection;shinbrotPaperBisection;shinbrotPaperBisection;shinbrotPaperBisection;shinbrotPaperBisection;shinbrotPaperBisection;shinbrotPaperBisection;shinbrotPaperBisection;shinbrotPaperBisection;shinbrotPaperBisection;shinbrotPaperBisection;shinbrotPaperBisection;shinbrotPaperBisection;shinbrotPaperBisection;shinbrotPaperBisection;shinbrotPaperBisection;shinbrotPaperBisection;shinbrotPaperBisection;shinbrotPaperBisection;shinbrotPaperBisection;shinbrotPaperBisection;shinbrotPaperBisection;shinbrotPaperBisection;shinbrotPaperBisection;shinbrotPaperBisection;shinbrotPaperBisection;shinbrotPaperBisection;shinbrotPaperBisection;shinbrotPaperBisection;shinbrotPaperBisection;shinbrotPaperBisection;shinbrotPaperBisection;shinbrotPaperBisection;shinbrotPaperBisection;shinbrotPaperBisection;shinbrotPaperBisection;shinbrotPaperBisection;shinbrotPaperBisection;shinbrotPaperBisection;shinbrotPaperBisection;shinbrotPaperBisection;shinbrotPaperBisection,0.0102851400152;-0.015891045332;-0.086252862215;-0.0636195209809;0.0472231805325;0.0491401476786;0.0116870671511;0.0267384201288;-0.0210677564144;0.0924417361617;-0.0724126517773;0.0558092965279;-0.0475559476763;0.0314264118671;0.0722916737199;0.075220470503;-0.0975263483822;-0.0929771721363;-0.0424372494221;-0.0295059740543;0.0890079110861;-0.0131585158408;0.0774324260652;0.0905790891498;0.0862904682755;0.0172505110502;-0.0350747406483;-0.0503077515401;-0.00125729367137;-0.0567896187305;0.0887136893347;0.0952432040125;0.0775875717402;0.00252955555916;0.00859737694263;-0.00714662522078;0.089911583066;-0.0202997878194;0.0976719491184;-0.0344724908471;-0.0571512013674;-0.0967114269733;0.0580083459616;-0.0604077875614;-0.0576528854668;0.0989934884012;0.00711863636971;0.0998462774791;0.0135167792439;-0.0803343862295;0.0253052752465;0.0746614605188;-0.0398204162717;0.0860242694616;-0.0120382487774;0.0823151685297;0.0469212085009,1519,meanReturnCycleMatched,1.00026818778561,1.96483555893273,11.7641644410673,15.0227310035305,26.921,0,0,1,0,accepted-crossing limit exhausted,186.9449543
0.03,7,194007,paperCycleCadenceRetargetMode,shinbrotPaperBisection,0,NaN,60,61,NaN,91478,0.0865456722676754,-0.0998620569705963,0.0865456722677;-0.0894970871508;0.0450054496527;-0.0901245772839;0.0375556737185;0.0889837689698;0.0928063992411;-0.0830429151654;-0.0742645919323;0.00655529797077;-0.0331419214606;0.0379330933094;0.0483175009489;0.0865720545873;0.0355020821095;0.0728355944157;-0.047230630368;0.0707833858207;-0.094781383872;-0.050037883129;0.0508112609386;-0.0952066600323;-0.016648183763;0.0689075160772;0.0360185056925;-0.0444777190685;-0.0127134367824;0.0873513519298;0.0888621419668;0.0399578154087;0.0226437704638;-0.08778616786;0.0515892449766;-0.0972583644092;-0.0266678586602;0.00959488004446;-0.09021936059;0.0751308232546;0.0493578255177;-0.0249712080695;-0.0153954520822;-0.0992719247006;0.049221849069;-0.0332586586475;-0.0561842113733;-0.0807834476233;0.023202008009;-0.0794565737247;0.0708523571491;-0.0575191795826;0.0106599003077;0.091458055377;0.096794879064;-0.0606445968151;0.0811115443707;0.0061947286129;-0.0197873055935;0.0868027232587;-0.0861467570066;-0.0998620569706,1,1,shinbrotPaperBisection,0.0865456722676754,3,61,61,60,1,1;2;2;3;3;3;3;4;5;6;6;9;11;12;12;14;16;17;18;19;20;21;23;23;24;25;26;27;27;28;31;32;36;37;39;40;40;40;40;41;43;44;46;47;49;51;52;52;52;52;52;52;52;52;52;55;56;57;58;59,1519;3038;4557;6076;7595;9114;10633;12152;13671;15190;16709;18228;19747;21266;22785;24304;25823;27342;28861;30380;31899;33418;34937;36456;37975;39494;41013;42532;44051;45570;47089;48608;50127;51646;53165;54684;56203;57722;59241;60760;62279;63798;65317;66836;68355;69874;71393;72912;74431;75950;77469;78988;80507;82026;83545;85064;86583;88102;89621;91140,1.519;3.038;4.557;6.076;7.595;9.114;10.633;12.152;13.671;15.19;16.709;18.228;19.747;21.266;22.785;24.304;25.823;27.342;28.861;30.38;31.899;33.418;34.937;36.456;37.975;39.494;41.013;42.532;44.051;45.57;47.089;48.608;50.127;51.646;53.165;54.684;56.203;57.722;59.241;60.7599999999;62.2789999999;63.7979999999;65.3169999999;66.836;68.355;69.874;71.393;72.912;74.431;75.95;77.469;78.988;80.507;82.026;83.545;85.064;86.583;88.1020000001;89.6210000001;91.1400000001,shinbrotPaperBisection;shinbrotPaperBisection;shinbrotPaperBisection;shinbrotPaperBisection;shinbrotPaperBisection;shinbrotPaperBisection;shinbrotPaperBisection;shinbrotPaperBisection;shinbrotPaperBisection;shinbrotPaperBisection;shinbrotPaperBisection;shinbrotPaperBisection;shinbrotPaperBisection;shinbrotPaperBisection;shinbrotPaperBisection;shinbrotPaperBisection;shinbrotPaperBisection;shinbrotPaperBisection;shinbrotPaperBisection;shinbrotPaperBisection;shinbrotPaperBisection;shinbrotPaperBisection;shinbrotPaperBisection;shinbrotPaperBisection;shinbrotPaperBisection;shinbrotPaperBisection;shinbrotPaperBisection;shinbrotPaperBisection;shinbrotPaperBisection;shinbrotPaperBisection;shinbrotPaperBisection;shinbrotPaperBisection;shinbrotPaperBisection;shinbrotPaperBisection;shinbrotPaperBisection;shinbrotPaperBisection;shinbrotPaperBisection;shinbrotPaperBisection;shinbrotPaperBisection;shinbrotPaperBisection;shinbrotPaperBisection;shinbrotPaperBisection;shinbrotPaperBisection;shinbrotPaperBisection;shinbrotPaperBisection;shinbrotPaperBisection;shinbrotPaperBisection;shinbrotPaperBisection;shinbrotPaperBisection;shinbrotPaperBisection;shinbrotPaperBisection;shinbrotPaperBisection;shinbrotPaperBisection;shinbrotPaperBisection;shinbrotPaperBisection;shinbrotPaperBisection;shinbrotPaperBisection;shinbrotPaperBisection;shinbrotPaperBisection;shinbrotPaperBisection,-0.0894970871508;0.0450054496527;-0.0901245772839;0.0375556737185;0.0889837689698;0.0928063992411;-0.0830429151654;-0.0742645919323;0.00655529797077;NaN;-0.0331419214606;0.0379330933094;0.0483175009489;0.0865720545873;0.0355020821095;0.0728355944157;-0.047230630368;0.0707833858207;-0.094781383872;-0.050037883129;0.0508112609386;-0.0952066600323;-0.016648183763;0.0689075160772;0.0360185056925;-0.0444777190685;-0.0127134367824;0.0873513519298;0.0888621419668;0.0399578154087;0.0226437704638;-0.08778616786;0.0515892449766;-0.0972583644092;-0.0266678586602;0.00959488004446;-0.09021936059;0.0751308232546;0.0493578255177;-0.0249712080695;-0.0153954520822;-0.0992719247006;0.049221849069;-0.0332586586475;-0.0561842113733;-0.0807834476233;0.023202008009;-0.0794565737247;0.0708523571491;-0.0575191795826;0.0106599003077;0.091458055377;0.096794879064;-0.0606445968151;0.0811115443707;0.0061947286129;-0.0197873055935;0.0868027232587;-0.0861467570066;-0.0998620569706,1519,meanReturnCycleMatched,1.00026818778561,0.924901130686084,12.8040988693139,17.9129658028109,26.921,0,0,1,0,accepted-crossing limit exhausted,198.6604554
0.03,8,194008,paperCycleCadenceRetargetMode,shinbrotPaperBisection,0,NaN,60,57,NaN,86811,0.0865456722676754,-0.0765992134809494,0.0865456722677;-0.0215908549726;0.0836052834988;0.0943981774151;-0.0486338078976;0.0876595435519;-0.000992704741657;0.0997737370431;-0.038415068388;0.0060660764575;0.0915267169476;-0.0137595012784;-0.0873539984226;0.0739571765065;-0.085587567091;0.0270518988371;-0.0492288663983;0.0785387955606;0.0606685301289;0.0832653939724;-0.0849002867937;0.0431333236396;0.0291220575571;0.055930005759;-0.0876029580832;0.0495604902506;0.0309499680996;-0.0903360880911;-0.0708034068346;0.0170795157552;0.0144203796983;-0.0174693778157;-0.0900755941868;0.0937961655669;0.0443565461785;-0.0244831621647;-0.0485188879073;0.0823970645666;-0.0977496340871;0.0767630249262;-0.0147229894996;0.0715706059709;0.0856608778238;-0.0790610164404;0.0716724831611;-0.0121256962419;-0.0963753759861;0.0867746561766;0.0748810414691;0.069272762537;0.0407611072063;0.0483474055305;0.0842130601406;-0.0626862688921;-0.0229202911258;0.0153692752123;0.0525077275932;-0.0765992134809,1,1,shinbrotPaperBisection,0.0865456722676754,3,58,58,57,0,2;3;5;6;6;9;10;11;13;14;15;18;19;22;23;24;26;29;31;32;33;33;33;33;34;36;36;36;37;37;39;40;41;41;42;42;45;45;45;45;45;46;46;48;49;50;51;52;53;54;56;56;56;56;56;58;59,1519;3038;4557;6076;7595;9114;10633;12152;13671;15190;16709;18228;19747;21266;22785;24304;25823;27342;28861;30380;31899;33418;34937;36456;37975;39494;41013;42532;44051;45570;47089;48608;50127;51646;53165;54684;56203;57722;59241;60760;62279;63798;65317;66836;68355;69874;71393;72912;74431;75950;77469;78988;80507;82026;83545;85064;86583,1.519;3.038;4.557;6.076;7.595;9.114;10.633;12.152;13.671;15.19;16.709;18.228;19.747;21.266;22.785;24.304;25.823;27.342;28.861;30.38;31.899;33.418;34.937;36.456;37.975;39.494;41.013;42.532;44.051;45.57;47.089;48.608;50.127;51.646;53.165;54.684;56.203;57.722;59.241;60.7599999999;62.2789999999;63.7979999999;65.3169999999;66.836;68.355;69.874;71.393;72.912;74.431;75.95;77.469;78.988;80.507;82.026;83.545;85.064;86.583,shinbrotPaperBisection;shinbrotPaperBisection;shinbrotPaperBisection;shinbrotPaperBisection;shinbrotPaperBisection;shinbrotPaperBisection;shinbrotPaperBisection;shinbrotPaperBisection;shinbrotPaperBisection;shinbrotPaperBisection;shinbrotPaperBisection;shinbrotPaperBisection;shinbrotPaperBisection;shinbrotPaperBisection;shinbrotPaperBisection;shinbrotPaperBisection;shinbrotPaperBisection;shinbrotPaperBisection;shinbrotPaperBisection;shinbrotPaperBisection;shinbrotPaperBisection;shinbrotPaperBisection;shinbrotPaperBisection;shinbrotPaperBisection;shinbrotPaperBisection;shinbrotPaperBisection;shinbrotPaperBisection;shinbrotPaperBisection;shinbrotPaperBisection;shinbrotPaperBisection;shinbrotPaperBisection;shinbrotPaperBisection;shinbrotPaperBisection;shinbrotPaperBisection;shinbrotPaperBisection;shinbrotPaperBisection;shinbrotPaperBisection;shinbrotPaperBisection;shinbrotPaperBisection;shinbrotPaperBisection;shinbrotPaperBisection;shinbrotPaperBisection;shinbrotPaperBisection;shinbrotPaperBisection;shinbrotPaperBisection;shinbrotPaperBisection;shinbrotPaperBisection;shinbrotPaperBisection;shinbrotPaperBisection;shinbrotPaperBisection;shinbrotPaperBisection;shinbrotPaperBisection;shinbrotPaperBisection;shinbrotPaperBisection;shinbrotPaperBisection;shinbrotPaperBisection;shinbrotPaperBisection,-0.0215908549726;0.0836052834988;0.0943981774151;-0.0486338078976;0.0876595435519;-0.000992704741657;0.0997737370431;-0.038415068388;0.0060660764575;0.0915267169476;-0.0137595012784;-0.0873539984226;0.0739571765065;-0.085587567091;0.0270518988371;-0.0492288663983;0.0785387955606;0.0606685301289;0.0832653939724;-0.0849002867937;0.0431333236396;0.0291220575571;0.055930005759;-0.0876029580832;0.0495604902506;0.0309499680996;-0.0903360880911;-0.0708034068346;0.0170795157552;0.0144203796983;-0.0174693778157;-0.0900755941868;0.0937961655669;0.0443565461785;-0.0244831621647;-0.0485188879073;0.0823970645666;-0.0977496340871;0.0767630249262;-0.0147229894996;0.0715706059709;0.0856608778238;-0.0790610164404;0.0716724831611;-0.0121256962419;-0.0963753759861;0.0867746561766;0.0748810414691;0.069272762537;0.0407611072063;0.0483474055305;0.0842130601406;-0.0626862688921;-0.0229202911258;0.0153692752123;0.0525077275932;-0.0765992134809,1519,meanReturnCycleMatched,1.00026818778561,1.67345841944771,12.0555415805523,16.5784800128182,26.921,0,0,1,0,accepted-crossing limit exhausted,205.7695077
0.03,9,194009,paperCycleCadenceRetargetMode,shinbrotPaperBisection,0,NaN,60,60,NaN,92334,0.0865456722676754,0.0738189050927758,0.0865456722677;-0.0714280068874;-0.0602327406406;0.0998518339125;0.0743728587404;0.0916581295431;0.029611902684;0.0677916914225;-0.0772675380111;0.095322499983;0.0825746685266;-0.0975283682346;0.0827795892954;0.0783638060093;-0.0518640458584;0.0737166103907;-0.0964879453182;-0.0447730436921;-0.00906542465091;-0.0480185348541;-0.0756228268147;-0.0165217578411;0.0722680862993;-0.0915031939745;0.0511756271124;0.0648656234145;-0.00269663706422;-0.0171774439514;0.0290040403605;0.00262737870216;0.099385625124;0.0994517948711;0.0151275247335;0.0102748304605;0.0262314617634;0.0146871298552;0.0884136736393;0.060130096972;0.0322894543409;0.079105836153;-0.000698117166758;-0.0361909806728;0.0223742451519;-0.096605232358;-0.0871686264873;0.0318784959614;-0.0806086242199;-0.0278799250722;0.0174531894736;0.099975893239;0.0815536051989;0.0026247985661;0.0729944095016;-0.0595158867538;0.0961918486748;-0.0682568728924;0.00389999747276;0.0181452479213;0.00478954613209;0.034332087636;0.0738189050928,1,1,shinbrotPaperBisection,0.0865456722676754,3,61,61,60,0,1;1;3;4;4;4;6;8;8;8;9;9;10;11;11;12;13;15;15;18;20;22;23;24;25;26;26;27;27;30;31;32;33;35;35;36;36;36;37;40;40;41;43;46;46;46;48;48;49;50;50;50;50;51;52;53;53;54;55;58,1519;3038;4557;6076;7595;9114;10633;12152;13671;15190;16709;18228;19747;21266;22785;24304;25823;27342;28861;30380;31899;33418;34937;36456;37975;39494;41013;42532;44051;45570;47089;48608;50127;51646;53165;54684;56203;57722;59241;60760;62279;63798;65317;66836;68355;69874;71393;72912;74431;75950;77469;78988;80507;82026;83545;85064;86583;88102;89621;91140,1.519;3.038;4.557;6.076;7.595;9.114;10.633;12.152;13.671;15.19;16.709;18.228;19.747;21.266;22.785;24.304;25.823;27.342;28.861;30.38;31.899;33.418;34.937;36.456;37.975;39.494;41.013;42.532;44.051;45.57;47.089;48.608;50.127;51.646;53.165;54.684;56.203;57.722;59.241;60.7599999999;62.2789999999;63.7979999999;65.3169999999;66.836;68.355;69.874;71.393;72.912;74.431;75.95;77.469;78.988;80.507;82.026;83.545;85.064;86.583;88.1020000001;89.6210000001;91.1400000001,shinbrotPaperBisection;shinbrotPaperBisection;shinbrotPaperBisection;shinbrotPaperBisection;shinbrotPaperBisection;shinbrotPaperBisection;shinbrotPaperBisection;shinbrotPaperBisection;shinbrotPaperBisection;shinbrotPaperBisection;shinbrotPaperBisection;shinbrotPaperBisection;shinbrotPaperBisection;shinbrotPaperBisection;shinbrotPaperBisection;shinbrotPaperBisection;shinbrotPaperBisection;shinbrotPaperBisection;shinbrotPaperBisection;shinbrotPaperBisection;shinbrotPaperBisection;shinbrotPaperBisection;shinbrotPaperBisection;shinbrotPaperBisection;shinbrotPaperBisection;shinbrotPaperBisection;shinbrotPaperBisection;shinbrotPaperBisection;shinbrotPaperBisection;shinbrotPaperBisection;shinbrotPaperBisection;shinbrotPaperBisection;shinbrotPaperBisection;shinbrotPaperBisection;shinbrotPaperBisection;shinbrotPaperBisection;shinbrotPaperBisection;shinbrotPaperBisection;shinbrotPaperBisection;shinbrotPaperBisection;shinbrotPaperBisection;shinbrotPaperBisection;shinbrotPaperBisection;shinbrotPaperBisection;shinbrotPaperBisection;shinbrotPaperBisection;shinbrotPaperBisection;shinbrotPaperBisection;shinbrotPaperBisection;shinbrotPaperBisection;shinbrotPaperBisection;shinbrotPaperBisection;shinbrotPaperBisection;shinbrotPaperBisection;shinbrotPaperBisection;shinbrotPaperBisection;shinbrotPaperBisection;shinbrotPaperBisection;shinbrotPaperBisection;shinbrotPaperBisection,-0.0714280068874;-0.0602327406406;0.0998518339125;0.0743728587404;0.0916581295431;0.029611902684;0.0677916914225;-0.0772675380111;0.095322499983;0.0825746685266;-0.0975283682346;0.0827795892954;0.0783638060093;-0.0518640458584;0.0737166103907;-0.0964879453182;-0.0447730436921;-0.00906542465091;-0.0480185348541;-0.0756228268147;-0.0165217578411;0.0722680862993;-0.0915031939745;0.0511756271124;0.0648656234145;-0.00269663706422;-0.0171774439514;0.0290040403605;0.00262737870216;0.099385625124;0.0994517948711;0.0151275247335;0.0102748304605;0.0262314617634;0.0146871298552;0.0884136736393;0.060130096972;0.0322894543409;0.079105836153;-0.000698117166758;-0.0361909806728;0.0223742451519;-0.096605232358;-0.0871686264873;0.0318784959614;-0.0806086242199;-0.0278799250722;0.0174531894736;0.099975893239;0.0815536051989;0.0026247985661;0.0729944095016;-0.0595158867538;0.0961918486748;-0.0682568728924;0.00389999747276;0.0181452479213;0.00478954613209;0.034332087636;0.0738189050928,1519,meanReturnCycleMatched,1.00026818778561,2.23948724396728,11.4895127560327,14.8962151279624,26.921,0,0,1,0,accepted-crossing limit exhausted,214.5045258
0.03,10,194010,paperCycleCadenceRetargetMode,shinbrotPaperBisection,1,8,8,2,7.41816279601253,7419,0.0865456722676754,0.0212396113201976,0.0865456722677;-0.0917150318623;0.0739357670769;-0.0698982946575;0.0212396113202,1,1,shinbrotPaperBisection,0.0865456722676754,3,5,5,4,0,2;2;5;7,1519;3038;4557;6076,1.519;3.038;4.557;6.076,shinbrotPaperBisection;shinbrotPaperBisection;shinbrotPaperBisection;shinbrotPaperBisection,-0.0917150318623;0.0739357670769;-0.0698982946575;0.0212396113202,1519,meanReturnCycleMatched,1.00026818778561,0.00454797071098412,13.733547970711,19.4334868032092,26.921,0,0,0,0,,19.1040504
0.05,1,195001,paperCycleCadenceRetargetMode,shinbrotPaperBisection,1,50,50,42,64.3355085301351,64336,0.0865456722676754,-0.0197890385985375,0.0865456722677;-0.050572475791;-0.0927378118038;-0.0995466805995;-0.0216297328472;0.0692930970341;0.0908436834812;0.0437405690027;-0.0696899622679;-0.0525499753654;0.063404789567;0.0415802679956;-0.0448458135128;-0.079177442193;0.0881256073713;0.0263317819685;-0.0163757309318;0.0342999279499;-0.076040931046;0.0640871133655;-0.0291399896145;-0.021403773129;-0.0308333098888;-0.0935239255428;-0.0743025839329;0.0748716726899;-0.0437931716442;0.0527293711901;0.00957776159048;0.0336126200855;0.0773731466383;0.0121825977229;-0.0886661300436;0.0544985979795;-0.00204422399402;-0.0116083607078;-0.0915059357882;0.0969694435596;0.0137174785137;0.0979998065159;0.0314345985651;-0.0197890385985,1,1,shinbrotPaperBisection,0.0865456722676754,3,43,43,42,1,3;3;5;7;7;7;8;8;9;10;11;12;12;14;15;17;18;18;19;21;22;22;22;23;23;23;25;27;29;29;31;36;40;40;41;43;43;44;45;47;49;49,1519;3038;4557;6076;7595;9114;10633;12152;13671;15190;16709;18228;19747;21266;22785;24304;25823;27342;28861;30380;31899;33418;34937;36456;37975;39494;41013;42532;44051;45570;47089;48608;50127;51646;53165;54684;56203;57722;59241;60760;62279;63798,1.519;3.038;4.557;6.076;7.595;9.114;10.633;12.152;13.671;15.19;16.709;18.228;19.747;21.266;22.785;24.304;25.823;27.342;28.861;30.38;31.899;33.418;34.937;36.456;37.975;39.494;41.013;42.532;44.051;45.57;47.089;48.608;50.127;51.646;53.165;54.684;56.203;57.722;59.241;60.7599999999;62.2789999999;63.7979999999,shinbrotPaperBisection;shinbrotPaperBisection;shinbrotPaperBisection;shinbrotPaperBisection;shinbrotPaperBisection;shinbrotPaperBisection;shinbrotPaperBisection;shinbrotPaperBisection;shinbrotPaperBisection;shinbrotPaperBisection;shinbrotPaperBisection;shinbrotPaperBisection;shinbrotPaperBisection;shinbrotPaperBisection;shinbrotPaperBisection;shinbrotPaperBisection;shinbrotPaperBisection;shinbrotPaperBisection;shinbrotPaperBisection;shinbrotPaperBisection;shinbrotPaperBisection;shinbrotPaperBisection;shinbrotPaperBisection;shinbrotPaperBisection;shinbrotPaperBisection;shinbrotPaperBisection;shinbrotPaperBisection;shinbrotPaperBisection;shinbrotPaperBisection;shinbrotPaperBisection;shinbrotPaperBisection;shinbrotPaperBisection;shinbrotPaperBisection;shinbrotPaperBisection;shinbrotPaperBisection;shinbrotPaperBisection;shinbrotPaperBisection;shinbrotPaperBisection;shinbrotPaperBisection;shinbrotPaperBisection;shinbrotPaperBisection;shinbrotPaperBisection,-0.050572475791;-0.0927378118038;-0.0995466805995;-0.0216297328472;0.0692930970341;0.0908436834812;0.0437405690027;-0.0696899622679;-0.0525499753654;0.063404789567;0.0415802679956;-0.0448458135128;-0.079177442193;0.0881256073713;0.0263317819685;-0.0163757309318;0.0342999279499;-0.076040931046;0.0640871133655;-0.0291399896145;-0.021403773129;-0.0308333098888;-0.0935239255428;-0.0743025839329;0.0748716726899;-0.0437931716442;0.0527293711901;0.00957776159048;0.0336126200855;NaN;0.0773731466383;0.0121825977229;-0.0886661300436;0.0544985979795;-0.00204422399402;-0.0116083607078;-0.0915059357882;0.0969694435596;0.0137174785137;0.0979998065159;0.0314345985651;-0.0197890385985,1519,meanReturnCycleMatched,1.00026818778561,0.000834988280789872,13.7281650117192,20.6350205737431,26.921,0,0,0,0,,133.7588365
0.05,2,195002,paperCycleCadenceRetargetMode,shinbrotPaperBisection,1,22,22,14,27.2491032051527,27250,0.0865456722676754,-0.0251948034390807,0.0865456722677;-0.0471788033843;0.0248096430674;-0.0808452755213;-0.0380582198501;0.0477662414312;-0.0555908620358;-0.0306956365705;-0.00355799049139;-0.0718250602484;0.086374271661;0.0999715756625;0.0740166515112;-0.0883557409048;0.0904336415231;0.0394107468426;0.00472949445248;-0.0251948034391,1,1,shinbrotPaperBisection,0.0865456722676754,3,18,18,17,0,1;3;4;4;7;9;9;9;10;12;12;12;14;17;19;20;21,1519;3038;4557;6076;7595;9114;10633;12152;13671;15190;16709;18228;19747;21266;22785;24304;25823,1.519;3.038;4.557;6.076;7.595;9.114;10.633;12.152;13.671;15.19;16.709;18.228;19.747;21.266;22.785;24.304;25.823,shinbrotPaperBisection;shinbrotPaperBisection;shinbrotPaperBisection;shinbrotPaperBisection;shinbrotPaperBisection;shinbrotPaperBisection;shinbrotPaperBisection;shinbrotPaperBisection;shinbrotPaperBisection;shinbrotPaperBisection;shinbrotPaperBisection;shinbrotPaperBisection;shinbrotPaperBisection;shinbrotPaperBisection;shinbrotPaperBisection;shinbrotPaperBisection;shinbrotPaperBisection,-0.0471788033843;0.0248096430674;-0.0808452755213;-0.0380582198501;0.0477662414312;-0.0555908620358;-0.0306956365705;-0.00355799049139;-0.0718250602484;0.086374271661;0.0999715756625;0.0740166515112;-0.0883557409048;0.0904336415231;0.0394107468426;0.00472949445248;-0.0251948034391,1519,meanReturnCycleMatched,1.00026818778561,0.00285167898205785,13.7318516789821,18.7991345958416,26.921,0,0,0,0,,68.4671938
0.05,3,195003,paperCycleCadenceRetargetMode,shinbrotPaperBisection,1,35,35,39,59.463049030244,59464,0.0865456722676754,-0.0587560117244721,0.0865456722677;0.0283931434155;0.0462543278933;-0.000251404475421;0.0644269127399;0.0862621337175;-0.0142270281911;-0.0240257695317;0.0350167542696;-0.0912073105574;-0.0911072641611;-0.0513447035104;-0.0794685170054;0.0122754364274;0.0238976299763;0.0937388879946;-0.0136221423745;0.0348012536764;0.0923967398703;0.0320311002433;0.0365348875523;0.0272728264332;0.0956972181797;-0.0611697852612;0.0988851019181;-0.0823600981385;-0.0960939392447;0.0540513187647;-0.0370000138879;-0.0383062607609;-0.0166605725884;0.0742624461651;-0.0113139331341;0.0215610325336;0.076443310082;-0.0982601106167;0.0865899068303;-0.0550001356751;-0.0587560117245,1,1,shinbrotPaperBisection,0.0865456722676754,3,40,40,39,1,1;3;3;3;3;6;7;7;8;9;9;9;9;9;10;12;15;17;20;20;21;21;21;21;22;22;22;22;24;25;26;26;27;27;27;29;30;32;34,1519;3038;4557;6076;7595;9114;10633;12152;13671;15190;16709;18228;19747;21266;22785;24304;25823;27342;28861;30380;31899;33418;34937;36456;37975;39494;41013;42532;44051;45570;47089;48608;50127;51646;53165;54684;56203;57722;59241,1.519;3.038;4.557;6.076;7.595;9.114;10.633;12.152;13.671;15.19;16.709;18.228;19.747;21.266;22.785;24.304;25.823;27.342;28.861;30.38;31.899;33.418;34.937;36.456;37.975;39.494;41.013;42.532;44.051;45.57;47.089;48.608;50.127;51.646;53.165;54.684;56.203;57.722;59.241,shinbrotPaperBisection;shinbrotPaperBisection;shinbrotPaperBisection;shinbrotPaperBisection;shinbrotPaperBisection;shinbrotPaperBisection;shinbrotPaperBisection;shinbrotPaperBisection;shinbrotPaperBisection;shinbrotPaperBisection;shinbrotPaperBisection;shinbrotPaperBisection;shinbrotPaperBisection;shinbrotPaperBisection;shinbrotPaperBisection;shinbrotPaperBisection;shinbrotPaperBisection;shinbrotPaperBisection;shinbrotPaperBisection;shinbrotPaperBisection;shinbrotPaperBisection;shinbrotPaperBisection;shinbrotPaperBisection;shinbrotPaperBisection;shinbrotPaperBisection;shinbrotPaperBisection;shinbrotPaperBisection;shinbrotPaperBisection;shinbrotPaperBisection;shinbrotPaperBisection;shinbrotPaperBisection;shinbrotPaperBisection;shinbrotPaperBisection;shinbrotPaperBisection;shinbrotPaperBisection;shinbrotPaperBisection;shinbrotPaperBisection;shinbrotPaperBisection;shinbrotPaperBisection,0.0283931434155;0.0462543278933;-0.000251404475421;0.0644269127399;0.0862621337175;-0.0142270281911;-0.0240257695317;0.0350167542696;-0.0912073105574;-0.0911072641611;-0.0513447035104;-0.0794685170054;0.0122754364274;0.0238976299763;0.0937388879946;-0.0136221423745;0.0348012536764;0.0923967398703;0.0320311002433;0.0365348875523;0.0272728264332;0.0956972181797;-0.0611697852612;0.0988851019181;-0.0823600981385;-0.0960939392447;0.0540513187647;-0.0370000138879;-0.0383062607609;-0.0166605725884;0.0742624461651;-0.0113139331341;0.0215610325336;0.076443310082;-0.0982601106167;NaN;0.0865899068303;-0.0550001356751;-0.0587560117245,1519,meanReturnCycleMatched,1.00026818778561,0.00114865366968964,13.7301486536697,20.5131328434168,26.921,0,0,0,0,,143.0319693
0.05,4,195004,paperCycleCadenceRetargetMode,shinbrotPaperBisection,0,NaN,60,46,NaN,73095,0.0865456722676754,-0.00610375255346298,0.0865456722677;0.0948168598115;-0.0718887656927;0.0744945099577;0.0642371714115;-0.00251000802964;0.023524004221;0.0211276289076;0.0527608454227;-0.0976011693478;0.00125759001821;-0.0982789576054;0.0349535018206;0.0367923825979;0.0310014277697;0.0645651876926;-0.015243498981;-0.0486422479153;-0.0433836184442;-0.00868886858225;-0.0485394008458;-0.0953100346029;-0.0549967467785;-0.0501625211909;0.060069462657;-0.000761201139539;0.0755096971989;0.0971236392856;0.0652745306492;-0.0146792635322;0.0833544790745;-0.0554981768131;0.0214013129473;-0.0342960298061;0.0568581789732;-0.0403782784939;-0.0771318614483;0.0564525417984;0.0507172632962;-0.0030975535512;-0.0236301735044;-0.030402225256;0.0991724260151;-0.0847235172987;-0.00610375255346,1,1,shinbrotPaperBisection,0.0865456722676754,3,49,49,48,4,1;3;4;5;5;7;9;11;14;16;18;20;23;26;28;28;29;30;30;31;31;32;33;33;33;35;36;38;38;38;44;45;46;46;46;48;50;51;51;52;52;52;53;54;56;57;58;59,1519;3038;4557;6076;7595;9114;10633;12152;13671;15190;16709;18228;19747;21266;22785;24304;25823;27342;28861;30380;31899;33418;34937;36456;37975;39494;41013;42532;44051;45570;47089;48608;50127;51646;53165;54684;56203;57722;59241;60760;62279;63798;65317;66836;68355;69874;71393;72912,1.519;3.038;4.557;6.076;7.595;9.114;10.633;12.152;13.671;15.19;16.709;18.228;19.747;21.266;22.785;24.304;25.823;27.342;28.861;30.38;31.899;33.418;34.937;36.456;37.975;39.494;41.013;42.532;44.051;45.57;47.089;48.608;50.127;51.646;53.165;54.684;56.203;57.722;59.241;60.7599999999;62.2789999999;63.7979999999;65.3169999999;66.836;68.355;69.874;71.393;72.912,shinbrotPaperBisection;shinbrotPaperBisection;shinbrotPaperBisection;shinbrotPaperBisection;shinbrotPaperBisection;shinbrotPaperBisection;shinbrotPaperBisection;shinbrotPaperBisection;shinbrotPaperBisection;shinbrotPaperBisection;shinbrotPaperBisection;shinbrotPaperBisection;shinbrotPaperBisection;shinbrotPaperBisection;shinbrotPaperBisection;shinbrotPaperBisection;shinbrotPaperBisection;shinbrotPaperBisection;shinbrotPaperBisection;shinbrotPaperBisection;shinbrotPaperBisection;shinbrotPaperBisection;shinbrotPaperBisection;shinbrotPaperBisection;shinbrotPaperBisection;shinbrotPaperBisection;shinbrotPaperBisection;shinbrotPaperBisection;shinbrotPaperBisection;shinbrotPaperBisection;shinbrotPaperBisection;shinbrotPaperBisection;shinbrotPaperBisection;shinbrotPaperBisection;shinbrotPaperBisection;shinbrotPaperBisection;shinbrotPaperBisection;shinbrotPaperBisection;shinbrotPaperBisection;shinbrotPaperBisection;shinbrotPaperBisection;shinbrotPaperBisection;shinbrotPaperBisection;shinbrotPaperBisection;shinbrotPaperBisection;shinbrotPaperBisection;shinbrotPaperBisection;shinbrotPaperBisection,0.0948168598115;-0.0718887656927;0.0744945099577;0.0642371714115;-0.00251000802964;0.023524004221;0.0211276289076;NaN;NaN;NaN;NaN;0.0527608454227;-0.0976011693478;0.00125759001821;-0.0982789576054;0.0349535018206;0.0367923825979;0.0310014277697;0.0645651876926;-0.015243498981;-0.0486422479153;-0.0433836184442;-0.00868886858225;-0.0485394008458;-0.0953100346029;-0.0549967467785;-0.0501625211909;0.060069462657;-0.000761201139539;0.0755096971989;0.0971236392856;0.0652745306492;-0.0146792635322;0.0833544790745;-0.0554981768131;0.0214013129473;-0.0342960298061;0.0568581789732;-0.0403782784939;-0.0771318614483;0.0564525417984;0.0507172632962;-0.0030975535512;-0.0236301735044;-0.030402225256;0.0991724260151;-0.0847235172987;-0.00610375255346,1519,meanReturnCycleMatched,1.00026818778561,2.64473733308053,11.0842626669195,13.6732048329092,26.921,0,0,1,0,accepted-crossing limit exhausted,134.7984442
0.05,5,195005,paperCycleCadenceRetargetMode,shinbrotPaperBisection,0,NaN,60,60,NaN,98014,0.0865456722676754,0.0226232677698135,0.0865456722677;0.0983877781779;0.0581464134157;-0.0928429290652;0.0906822837889;0.0729929814115;-0.0325333014131;-0.091750612855;-0.0807083841413;-0.0579941682518;0.0831399155781;-0.0498854406178;0.0206025421619;-0.0134362488054;0.0916483104229;-0.0256461814046;0.0705635279417;0.0614727288485;-0.0226859107614;0.0894540067762;-0.0886813730001;0.0452815383673;-0.0589443027973;0.00626039654016;-0.0145258530974;-0.0725618422031;-0.0324197873473;0.0881290927529;0.0127703726292;-0.0523570120335;-0.046517521143;-0.0302440464497;0.0195021480322;0.044980802387;0.048824519664;0.0176714211702;-0.0499853312969;-0.094693762064;0.0909871075302;0.0914881765842;-0.00518823266029;0.0848289914429;0.0544729024172;-0.0428776585497;0.0940031509846;-0.0357015550137;0.051411870122;-0.024216157198;-0.0999841343553;-0.0771126300097;0.0408828407526;0.0375192970037;0.0127403229475;-0.0762317121029;-0.0106696233153;0.0368013759144;0.0732496779412;0.0762500420213;0.0422652155161;-0.0910244166851;-0.0453342616558;0.0926005065441;-0.0545607149601;-0.0993452738971;0.0226232677698,1,1,shinbrotPaperBisection,0.0865456722676754,3,65,65,64,0,1;1;2;2;2;2;2;3;4;5;6;6;6;6;7;7;8;9;9;11;11;11;13;13;14;15;16;20;23;24;26;26;27;28;29;30;32;35;36;36;36;37;38;38;38;38;39;41;42;42;43;43;43;43;44;44;44;44;47;49;50;52;55;57,1519;3038;4557;6076;7595;9114;10633;12152;13671;15190;16709;18228;19747;21266;22785;24304;25823;27342;28861;30380;31899;33418;34937;36456;37975;39494;41013;42532;44051;45570;47089;48608;50127;51646;53165;54684;56203;57722;59241;60760;62279;63798;65317;66836;68355;69874;71393;72912;74431;75950;77469;78988;80507;82026;83545;85064;86583;88102;89621;91140;92659;94178;95697;97216,1.519;3.038;4.557;6.076;7.595;9.114;10.633;12.152;13.671;15.19;16.709;18.228;19.747;21.266;22.785;24.304;25.823;27.342;28.861;30.38;31.899;33.418;34.937;36.456;37.975;39.494;41.013;42.532;44.051;45.57;47.089;48.608;50.127;51.646;53.165;54.684;56.203;57.722;59.241;60.7599999999;62.2789999999;63.7979999999;65.3169999999;66.836;68.355;69.874;71.393;72.912;74.431;75.95;77.469;78.988;80.507;82.026;83.545;85.064;86.583;88.1020000001;89.6210000001;91.1400000001;92.6590000001;94.1780000001;95.6970000001;97.2160000001,shinbrotPaperBisection;shinbrotPaperBisection;shinbrotPaperBisection;shinbrotPaperBisection;shinbrotPaperBisection;shinbrotPaperBisection;shinbrotPaperBisection;shinbrotPaperBisection;shinbrotPaperBisection;shinbrotPaperBisection;shinbrotPaperBisection;shinbrotPaperBisection;shinbrotPaperBisection;shinbrotPaperBisection;shinbrotPaperBisection;shinbrotPaperBisection;shinbrotPaperBisection;shinbrotPaperBisection;shinbrotPaperBisection;shinbrotPaperBisection;shinbrotPaperBisection;shinbrotPaperBisection;shinbrotPaperBisection;shinbrotPaperBisection;shinbrotPaperBisection;shinbrotPaperBisection;shinbrotPaperBisection;shinbrotPaperBisection;shinbrotPaperBisection;shinbrotPaperBisection;shinbrotPaperBisection;shinbrotPaperBisection;shinbrotPaperBisection;shinbrotPaperBisection;shinbrotPaperBisection;shinbrotPaperBisection;shinbrotPaperBisection;shinbrotPaperBisection;shinbrotPaperBisection;shinbrotPaperBisection;shinbrotPaperBisection;shinbrotPaperBisection;shinbrotPaperBisection;shinbrotPaperBisection;shinbrotPaperBisection;shinbrotPaperBisection;shinbrotPaperBisection;shinbrotPaperBisection;shinbrotPaperBisection;shinbrotPaperBisection;shinbrotPaperBisection;shinbrotPaperBisection;shinbrotPaperBisection;shinbrotPaperBisection;shinbrotPaperBisection;shinbrotPaperBisection;shinbrotPaperBisection;shinbrotPaperBisection;shinbrotPaperBisection;shinbrotPaperBisection;shinbrotPaperBisection;shinbrotPaperBisection;shinbrotPaperBisection;shinbrotPaperBisection,0.0983877781779;0.0581464134157;-0.0928429290652;0.0906822837889;0.0729929814115;-0.0325333014131;-0.091750612855;-0.0807083841413;-0.0579941682518;0.0831399155781;-0.0498854406178;0.0206025421619;-0.0134362488054;0.0916483104229;-0.0256461814046;0.0705635279417;0.0614727288485;-0.0226859107614;0.0894540067762;-0.0886813730001;0.0452815383673;-0.0589443027973;0.00626039654016;-0.0145258530974;-0.0725618422031;-0.0324197873473;0.0881290927529;0.0127703726292;-0.0523570120335;-0.046517521143;-0.0302440464497;0.0195021480322;0.044980802387;0.048824519664;0.0176714211702;-0.0499853312969;-0.094693762064;0.0909871075302;0.0914881765842;-0.00518823266029;0.0848289914429;0.0544729024172;-0.0428776585497;0.0940031509846;-0.0357015550137;0.051411870122;-0.024216157198;-0.0999841343553;-0.0771126300097;0.0408828407526;0.0375192970037;0.0127403229475;-0.0762317121029;-0.0106696233153;0.0368013759144;0.0732496779412;0.0762500420213;0.0422652155161;-0.0910244166851;-0.0453342616558;0.0926005065441;-0.0545607149601;-0.0993452738971;0.0226232677698,1519,meanReturnCycleMatched,1.00026818778561,1.90638509805507,11.8226149019449,14.5311909036741,26.921,0,0,1,0,accepted-crossing limit exhausted,206.531367
0.05,6,195006,paperCycleCadenceRetargetMode,shinbrotPaperBisection,1,28,28,13,31.6485619925041,31649,0.0865456722676754,-0.0541492126882076,0.0865456722677;0.0725637644529;0.0475644934922;-0.0898127019405;-0.0276403650641;-0.0808383017778;-0.0764739958569;0.0746532768011;-0.0378185927868;0.0352294780314;-0.0811586081982;-0.0248441965319;-0.0551672399044;-0.0511455854401;0.087382286787;-0.0541492126882,1,1,shinbrotPaperBisection,0.0865456722676754,3,21,21,20,5,0;1;2;3;3;3;3;4;6;7;8;8;12;17;17;20;21;22;25;26,1519;3038;4557;6076;7595;9114;10633;12152;13671;15190;16709;18228;19747;21266;22785;24304;25823;27342;28861;30380,1.519;3.038;4.557;6.076;7.595;9.114;10.633;12.152;13.671;15.19;16.709;18.228;19.747;21.266;22.785;24.304;25.823;27.342;28.861;30.38,shinbrotPaperBisection;shinbrotPaperBisection;shinbrotPaperBisection;shinbrotPaperBisection;shinbrotPaperBisection;shinbrotPaperBisection;shinbrotPaperBisection;shinbrotPaperBisection;shinbrotPaperBisection;shinbrotPaperBisection;shinbrotPaperBisection;shinbrotPaperBisection;shinbrotPaperBisection;shinbrotPaperBisection;shinbrotPaperBisection;shinbrotPaperBisection;shinbrotPaperBisection;shinbrotPaperBisection;shinbrotPaperBisection;shinbrotPaperBisection,0.0725637644529;0.0475644934922;-0.0898127019405;-0.0276403650641;-0.0808383017778;-0.0764739958569;0.0746532768011;-0.0378185927868;0.0352294780314;-0.0811586081982;-0.0248441965319;NaN;-0.0551672399044;NaN;NaN;NaN;NaN;-0.0511455854401;0.087382286787;-0.0541492126882,1519,meanReturnCycleMatched,1.00026818778561,0.00605713697898835,13.735057136979,18.7918148189231,26.921,0,0,0,0,,56.582235
0.05,7,195007,paperCycleCadenceRetargetMode,shinbrotPaperBisection,0,NaN,60,55,NaN,93875,0.0865456722676754,-0.0545159786939621,0.0865456722677;0.0258845695294;0.0624034616631;0.0444051463157;0.0878283963539;-0.0372399389744;0.0613153636456;-0.0447766527534;0.0340061336756;-0.00785563588142;-0.0961325913668;0.0108492442407;-0.0671131312847;0.0998396784067;-0.0943117305636;0.0120057379827;-0.00947371572256;0.0573158226907;0.0606725871563;0.0957227170467;0.0608954966068;0.0301523000002;0.0969287186861;0.0479816019535;-0.0601625353098;-0.0942896403372;0.0342551082373;-0.0275515139103;-0.00882045477629;-0.0525335751474;0.0463752422482;0.0759838990867;0.00730502903461;-0.0592290751636;-0.0040016926825;-0.0965843379498;0.0206847459078;-0.0133101403713;0.066888949275;0.068793079257;0.0950745858252;-0.0230787590146;0.00906463712454;-0.0942776098847;0.024684166722;-0.0164296910167;-0.0106850035489;-0.0826665133238;-0.0701482981443;-0.017616456002;0.0228943765163;0.0569894936867;0.0888425648212;-0.0929636776447;0.00169954821467;-0.0361887156963;0.0624016463757;-0.0796929687262;0.0156082093716;0.0937945574522;0.00402884930372;-0.054515978694,1,1,shinbrotPaperBisection,0.0865456722676754,3,62,62,61,0,0;2;3;5;6;6;6;7;9;9;11;12;12;13;13;13;15;16;18;20;20;21;22;24;24;25;26;26;27;27;27;27;27;29;31;35;38;39;40;42;43;43;43;43;47;48;49;53;54;54;55;55;55;57;57;57;58;58;59;59;59,1519;3038;4557;6076;7595;9114;10633;12152;13671;15190;16709;18228;19747;21266;22785;24304;25823;27342;28861;30380;31899;33418;34937;36456;37975;39494;41013;42532;44051;45570;47089;48608;50127;51646;53165;54684;56203;57722;59241;60760;62279;63798;65317;66836;68355;69874;71393;72912;74431;75950;77469;78988;80507;82026;83545;85064;86583;88102;89621;91140;92659,1.519;3.038;4.557;6.076;7.595;9.114;10.633;12.152;13.671;15.19;16.709;18.228;19.747;21.266;22.785;24.304;25.823;27.342;28.861;30.38;31.899;33.418;34.937;36.456;37.975;39.494;41.013;42.532;44.051;45.57;47.089;48.608;50.127;51.646;53.165;54.684;56.203;57.722;59.241;60.7599999999;62.2789999999;63.7979999999;65.3169999999;66.836;68.355;69.874;71.393;72.912;74.431;75.95;77.469;78.988;80.507;82.026;83.545;85.064;86.583;88.1020000001;89.6210000001;91.1400000001;92.6590000001,shinbrotPaperBisection;shinbrotPaperBisection;shinbrotPaperBisection;shinbrotPaperBisection;shinbrotPaperBisection;shinbrotPaperBisection;shinbrotPaperBisection;shinbrotPaperBisection;shinbrotPaperBisection;shinbrotPaperBisection;shinbrotPaperBisection;shinbrotPaperBisection;shinbrotPaperBisection;shinbrotPaperBisection;shinbrotPaperBisection;shinbrotPaperBisection;shinbrotPaperBisection;shinbrotPaperBisection;shinbrotPaperBisection;shinbrotPaperBisection;shinbrotPaperBisection;shinbrotPaperBisection;shinbrotPaperBisection;shinbrotPaperBisection;shinbrotPaperBisection;shinbrotPaperBisection;shinbrotPaperBisection;shinbrotPaperBisection;shinbrotPaperBisection;shinbrotPaperBisection;shinbrotPaperBisection;shinbrotPaperBisection;shinbrotPaperBisection;shinbrotPaperBisection;shinbrotPaperBisection;shinbrotPaperBisection;shinbrotPaperBisection;shinbrotPaperBisection;shinbrotPaperBisection;shinbrotPaperBisection;shinbrotPaperBisection;shinbrotPaperBisection;shinbrotPaperBisection;shinbrotPaperBisection;shinbrotPaperBisection;shinbrotPaperBisection;shinbrotPaperBisection;shinbrotPaperBisection;shinbrotPaperBisection;shinbrotPaperBisection;shinbrotPaperBisection;shinbrotPaperBisection;shinbrotPaperBisection;shinbrotPaperBisection;shinbrotPaperBisection;shinbrotPaperBisection;shinbrotPaperBisection;shinbrotPaperBisection;shinbrotPaperBisection;shinbrotPaperBisection;shinbrotPaperBisection,0.0258845695294;0.0624034616631;0.0444051463157;0.0878283963539;-0.0372399389744;0.0613153636456;-0.0447766527534;0.0340061336756;-0.00785563588142;-0.0961325913668;0.0108492442407;-0.0671131312847;0.0998396784067;-0.0943117305636;0.0120057379827;-0.00947371572256;0.0573158226907;0.0606725871563;0.0957227170467;0.0608954966068;0.0301523000002;0.0969287186861;0.0479816019535;-0.0601625353098;-0.0942896403372;0.0342551082373;-0.0275515139103;-0.00882045477629;-0.0525335751474;0.0463752422482;0.0759838990867;0.00730502903461;-0.0592290751636;-0.0040016926825;-0.0965843379498;0.0206847459078;-0.0133101403713;0.066888949275;0.068793079257;0.0950745858252;-0.0230787590146;0.00906463712454;-0.0942776098847;0.024684166722;-0.0164296910167;-0.0106850035489;-0.0826665133238;-0.0701482981443;-0.017616456002;0.0228943765163;0.0569894936867;0.0888425648212;-0.0929636776447;0.00169954821467;-0.0361887156963;0.0624016463757;-0.0796929687262;0.0156082093716;0.0937945574522;0.00402884930372;-0.054515978694,1519,meanReturnCycleMatched,1.00026818778561,0.318227018685585,14.0472270186856,21.2319964332617,26.921,0,0,1,0,accepted-crossing limit exhausted,196.7467608
0.05,8,195008,paperCycleCadenceRetargetMode,shinbrotPaperBisection,0,NaN,60,52,NaN,81215,0.0865456722676754,-0.0947918593883514,0.0865456722677;0.0273282896727;-0.0374392971396;-0.0499641797855;-0.0690121151507;0.0683317188174;0.0798187226057;-0.0375896632671;-0.0471622765064;0.0751958600245;-0.0900038510561;0.0241882145405;0.0386214315891;-0.00177116319537;-0.0958758376539;-0.0443575927056;-0.0939035221934;-0.000168850412592;0.094070834294;0.093525807932;0.0752698378637;-0.0924972355366;0.0926793038845;-0.0768351107836;0.0952258616686;-0.0469077765942;0.0387043505907;0.0891844609752;-0.0192732512951;0.0445045858622;0.0943094007671;0.0640931941569;0.0150358006358;0.0812686376274;-0.090277582407;0.0598067002371;0.0208359247074;-0.00878948569298;-0.0480014644563;0.098071359098;0.0869085565209;0.0656051278347;0.0170697152615;-0.0271660342813;0.0835840135813;0.0886150151491;-0.0166975200176;-0.0183481439948;-0.0943776190281;-0.043518692255;-0.0734013408422;-0.0947918593884,1,1,shinbrotPaperBisection,0.0865456722676754,3,54,54,53,2,1;2;6;7;8;9;9;10;10;10;11;13;15;16;16;17;19;20;21;22;24;24;24;24;25;27;27;27;30;33;35;35;35;35;35;36;36;37;38;40;41;43;45;46;46;48;51;52;52;52;53;55;58,1519;3038;4557;6076;7595;9114;10633;12152;13671;15190;16709;18228;19747;21266;22785;24304;25823;27342;28861;30380;31899;33418;34937;36456;37975;39494;41013;42532;44051;45570;47089;48608;50127;51646;53165;54684;56203;57722;59241;60760;62279;63798;65317;66836;68355;69874;71393;72912;74431;75950;77469;78988;80507,1.519;3.038;4.557;6.076;7.595;9.114;10.633;12.152;13.671;15.19;16.709;18.228;19.747;21.266;22.785;24.304;25.823;27.342;28.861;30.38;31.899;33.418;34.937;36.456;37.975;39.494;41.013;42.532;44.051;45.57;47.089;48.608;50.127;51.646;53.165;54.684;56.203;57.722;59.241;60.7599999999;62.2789999999;63.7979999999;65.3169999999;66.836;68.355;69.874;71.393;72.912;74.431;75.95;77.469;78.988;80.507,shinbrotPaperBisection;shinbrotPaperBisection;shinbrotPaperBisection;shinbrotPaperBisection;shinbrotPaperBisection;shinbrotPaperBisection;shinbrotPaperBisection;shinbrotPaperBisection;shinbrotPaperBisection;shinbrotPaperBisection;shinbrotPaperBisection;shinbrotPaperBisection;shinbrotPaperBisection;shinbrotPaperBisection;shinbrotPaperBisection;shinbrotPaperBisection;shinbrotPaperBisection;shinbrotPaperBisection;shinbrotPaperBisection;shinbrotPaperBisection;shinbrotPaperBisection;shinbrotPaperBisection;shinbrotPaperBisection;shinbrotPaperBisection;shinbrotPaperBisection;shinbrotPaperBisection;shinbrotPaperBisection;shinbrotPaperBisection;shinbrotPaperBisection;shinbrotPaperBisection;shinbrotPaperBisection;shinbrotPaperBisection;shinbrotPaperBisection;shinbrotPaperBisection;shinbrotPaperBisection;shinbrotPaperBisection;shinbrotPaperBisection;shinbrotPaperBisection;shinbrotPaperBisection;shinbrotPaperBisection;shinbrotPaperBisection;shinbrotPaperBisection;shinbrotPaperBisection;shinbrotPaperBisection;shinbrotPaperBisection;shinbrotPaperBisection;shinbrotPaperBisection;shinbrotPaperBisection;shinbrotPaperBisection;shinbrotPaperBisection;shinbrotPaperBisection;shinbrotPaperBisection;shinbrotPaperBisection,0.0273282896727;-0.0374392971396;-0.0499641797855;-0.0690121151507;0.0683317188174;0.0798187226057;-0.0375896632671;-0.0471622765064;0.0751958600245;-0.0900038510561;0.0241882145405;0.0386214315891;-0.00177116319537;-0.0958758376539;-0.0443575927056;-0.0939035221934;-0.000168850412592;0.094070834294;0.093525807932;0.0752698378637;-0.0924972355366;0.0926793038845;-0.0768351107836;0.0952258616686;-0.0469077765942;0.0387043505907;0.0891844609752;NaN;-0.0192732512951;0.0445045858622;0.0943094007671;0.0640931941569;0.0150358006358;0.0812686376274;-0.090277582407;0.0598067002371;0.0208359247074;-0.00878948569298;-0.0480014644563;0.098071359098;0.0869085565209;0.0656051278347;0.0170697152615;-0.0271660342813;NaN;0.0835840135813;0.0886150151491;-0.0166975200176;-0.0183481439948;-0.0943776190281;-0.043518692255;-0.0734013408422;-0.0947918593884,1519,meanReturnCycleMatched,1.00026818778561,3.5643752533417,10.1646247466583,12.5232826492762,26.921,0,0,1,0,accepted-crossing limit exhausted,180.7713219
0.05,9,195009,paperCycleCadenceRetargetMode,shinbrotPaperBisection,0,NaN,60,54,NaN,92701,0.0865456722676754,-0.0468681320548058,0.0865456722677;0.0557886213064;-0.0478937573731;-0.0939061313868;0.0523967090994;0.0181683275849;-0.0257172122598;-0.09672088027;0.0230065083131;-0.0698561608791;0.0117566406727;-0.0378007948399;0.0523329705;-0.0502852226142;0.000969105958939;0.0040579020977;-0.0314308479428;0.0413006007671;0.00538998246193;-0.0121346607804;0.0871510601602;0.0293209414929;-0.0581093728542;0.0916034162045;0.0598631232977;0.0320989049971;-0.0913418710232;-0.0419454291463;-0.0320136532187;-0.0590023852885;0.0485689133406;-0.0104289114475;0.0022289454937;-0.00860201716423;0.05569871068;-0.0070026576519;0.0312083423138;0.0970351759344;0.000222241785377;0.00143254697323;-0.0235671937466;-0.0182345226407;0.0622168930247;0.0880188843235;0.0519892185926;-0.0193425104022;-0.0368982787244;-0.0246055185795;-0.0687275230885;0.0790965348482;0.0129204496741;0.0667276863009;-0.0808617532253;0.0358750164509;0.0523660261184;-0.0987429842353;0.0764506563544;-0.0477567970753;0.000139685720205;0.0584045499563;-0.0468681320548,1,1,shinbrotPaperBisection,0.0865456722676754,3,62,62,61,1,1;2;3;3;7;8;8;10;11;13;13;13;15;17;18;20;21;23;23;24;24;24;25;26;27;27;28;29;30;30;30;30;30;30;30;30;30;30;30;30;32;32;34;36;37;37;38;38;39;41;43;44;44;45;47;51;53;55;58;59;59,1519;3038;4557;6076;7595;9114;10633;12152;13671;15190;16709;18228;19747;21266;22785;24304;25823;27342;28861;30380;31899;33418;34937;36456;37975;39494;41013;42532;44051;45570;47089;48608;50127;51646;53165;54684;56203;57722;59241;60760;62279;63798;65317;66836;68355;69874;71393;72912;74431;75950;77469;78988;80507;82026;83545;85064;86583;88102;89621;91140;92659,1.519;3.038;4.557;6.076;7.595;9.114;10.633;12.152;13.671;15.19;16.709;18.228;19.747;21.266;22.785;24.304;25.823;27.342;28.861;30.38;31.899;33.418;34.937;36.456;37.975;39.494;41.013;42.532;44.051;45.57;47.089;48.608;50.127;51.646;53.165;54.684;56.203;57.722;59.241;60.7599999999;62.2789999999;63.7979999999;65.3169999999;66.836;68.355;69.874;71.393;72.912;74.431;75.95;77.469;78.988;80.507;82.026;83.545;85.064;86.583;88.1020000001;89.6210000001;91.1400000001;92.6590000001,shinbrotPaperBisection;shinbrotPaperBisection;shinbrotPaperBisection;shinbrotPaperBisection;shinbrotPaperBisection;shinbrotPaperBisection;shinbrotPaperBisection;shinbrotPaperBisection;shinbrotPaperBisection;shinbrotPaperBisection;shinbrotPaperBisection;shinbrotPaperBisection;shinbrotPaperBisection;shinbrotPaperBisection;shinbrotPaperBisection;shinbrotPaperBisection;shinbrotPaperBisection;shinbrotPaperBisection;shinbrotPaperBisection;shinbrotPaperBisection;shinbrotPaperBisection;shinbrotPaperBisection;shinbrotPaperBisection;shinbrotPaperBisection;shinbrotPaperBisection;shinbrotPaperBisection;shinbrotPaperBisection;shinbrotPaperBisection;shinbrotPaperBisection;shinbrotPaperBisection;shinbrotPaperBisection;shinbrotPaperBisection;shinbrotPaperBisection;shinbrotPaperBisection;shinbrotPaperBisection;shinbrotPaperBisection;shinbrotPaperBisection;shinbrotPaperBisection;shinbrotPaperBisection;shinbrotPaperBisection;shinbrotPaperBisection;shinbrotPaperBisection;shinbrotPaperBisection;shinbrotPaperBisection;shinbrotPaperBisection;shinbrotPaperBisection;shinbrotPaperBisection;shinbrotPaperBisection;shinbrotPaperBisection;shinbrotPaperBisection;shinbrotPaperBisection;shinbrotPaperBisection;shinbrotPaperBisection;shinbrotPaperBisection;shinbrotPaperBisection;shinbrotPaperBisection;shinbrotPaperBisection;shinbrotPaperBisection;shinbrotPaperBisection;shinbrotPaperBisection;shinbrotPaperBisection,0.0557886213064;-0.0478937573731;-0.0939061313868;0.0523967090994;0.0181683275849;-0.0257172122598;-0.09672088027;0.0230065083131;-0.0698561608791;0.0117566406727;-0.0378007948399;0.0523329705;-0.0502852226142;0.000969105958939;0.0040579020977;-0.0314308479428;0.0413006007671;0.00538998246193;-0.0121346607804;0.0871510601602;0.0293209414929;-0.0581093728542;0.0916034162045;0.0598631232977;0.0320989049971;-0.0913418710232;-0.0419454291463;-0.0320136532187;-0.0590023852885;0.0485689133406;-0.0104289114475;0.0022289454937;-0.00860201716423;0.05569871068;-0.0070026576519;0.0312083423138;0.0970351759344;0.000222241785377;0.00143254697323;-0.0235671937466;-0.0182345226407;0.0622168930247;0.0880188843235;0.0519892185926;-0.0193425104022;-0.0368982787244;-0.0246055185795;NaN;-0.0687275230885;0.0790965348482;0.0129204496741;0.0667276863009;-0.0808617532253;0.0358750164509;0.0523660261184;-0.0987429842353;0.0764506563544;-0.0477567970753;0.000139685720205;0.0584045499563;-0.0468681320548,1519,meanReturnCycleMatched,1.00026818778561,1.15317699784583,14.8821769978458,22.696187798526,26.921,0,0,1,0,accepted-crossing limit exhausted,195.9958714
0.05,10,195010,paperCycleCadenceRetargetMode,shinbrotPaperBisection,0,NaN,60,64,NaN,95634,0.0865456722676754,-0.0499198019504547,0.0865456722677;0.0552309021354;0.0108582094312;-0.00973779112101;0.0497478098609;-0.000394919607788;-0.0528753817081;-0.0365504518151;-0.066679379344;0.0558799415827;-0.0519611269236;-0.023759752512;0.0637751746923;0.0575136825442;-0.0144448459148;-0.056105479598;0.0535590716638;0.0252047400922;0.00587102249265;-0.0298969566822;-0.0607088267803;0.0388448417187;0.0817360298708;0.0211362421513;-1.10084423795e-05;-0.019977837801;0.049717733264;0.0405311960727;0.0997067816555;0.0155725091696;-0.0513050973415;-0.0991751773283;0.0386331737041;0.0406576138281;0.00607650876045;0.0499779256061;-0.0340667068958;-0.00866881012917;-0.0172210991383;0.0508961230516;-0.031944745779;-0.0617463409901;0.017085391283;-0.0429161950946;0.0480877667665;0.023473688442;-0.0852724969387;-0.0798733770847;-0.0883861839771;0.0775181695819;-0.0114645302296;0.090039684251;0.0773372858763;-0.0257449282333;-0.0292485550046;0.0205577146262;0.0927038013935;0.0119000971317;0.0191418856382;-0.0432226717472;0.0216213524342;0.0594660133123;-0.0499198019505,1,1,shinbrotPaperBisection,0.0865456722676754,3,63,63,62,0,1;2;3;4;5;6;8;8;8;10;11;12;12;14;16;16;16;16;18;19;19;20;20;23;25;27;27;29;30;30;30;31;34;37;40;41;42;44;44;44;46;46;47;47;48;48;48;48;48;49;49;50;51;51;52;53;54;55;55;57;57;57,1519;3038;4557;6076;7595;9114;10633;12152;13671;15190;16709;18228;19747;21266;22785;24304;25823;27342;28861;30380;31899;33418;34937;36456;37975;39494;41013;42532;44051;45570;47089;48608;50127;51646;53165;54684;56203;57722;59241;60760;62279;63798;65317;66836;68355;69874;71393;72912;74431;75950;77469;78988;80507;82026;83545;85064;86583;88102;89621;91140;92659;94178,1.519;3.038;4.557;6.076;7.595;9.114;10.633;12.152;13.671;15.19;16.709;18.228;19.747;21.266;22.785;24.304;25.823;27.342;28.861;30.38;31.899;33.418;34.937;36.456;37.975;39.494;41.013;42.532;44.051;45.57;47.089;48.608;50.127;51.646;53.165;54.684;56.203;57.722;59.241;60.7599999999;62.2789999999;63.7979999999;65.3169999999;66.836;68.355;69.874;71.393;72.912;74.431;75.95;77.469;78.988;80.507;82.026;83.545;85.064;86.583;88.1020000001;89.6210000001;91.1400000001;92.6590000001;94.1780000001,shinbrotPaperBisection;shinbrotPaperBisection;shinbrotPaperBisection;shinbrotPaperBisection;shinbrotPaperBisection;shinbrotPaperBisection;shinbrotPaperBisection;shinbrotPaperBisection;shinbrotPaperBisection;shinbrotPaperBisection;shinbrotPaperBisection;shinbrotPaperBisection;shinbrotPaperBisection;shinbrotPaperBisection;shinbrotPaperBisection;shinbrotPaperBisection;shinbrotPaperBisection;shinbrotPaperBisection;shinbrotPaperBisection;shinbrotPaperBisection;shinbrotPaperBisection;shinbrotPaperBisection;shinbrotPaperBisection;shinbrotPaperBisection;shinbrotPaperBisection;shinbrotPaperBisection;shinbrotPaperBisection;shinbrotPaperBisection;shinbrotPaperBisection;shinbrotPaperBisection;shinbrotPaperBisection;shinbrotPaperBisection;shinbrotPaperBisection;shinbrotPaperBisection;shinbrotPaperBisection;shinbrotPaperBisection;shinbrotPaperBisection;shinbrotPaperBisection;shinbrotPaperBisection;shinbrotPaperBisection;shinbrotPaperBisection;shinbrotPaperBisection;shinbrotPaperBisection;shinbrotPaperBisection;shinbrotPaperBisection;shinbrotPaperBisection;shinbrotPaperBisection;shinbrotPaperBisection;shinbrotPaperBisection;shinbrotPaperBisection;shinbrotPaperBisection;shinbrotPaperBisection;shinbrotPaperBisection;shinbrotPaperBisection;shinbrotPaperBisection;shinbrotPaperBisection;shinbrotPaperBisection;shinbrotPaperBisection;shinbrotPaperBisection;shinbrotPaperBisection;shinbrotPaperBisection;shinbrotPaperBisection,0.0552309021354;0.0108582094312;-0.00973779112101;0.0497478098609;-0.000394919607788;-0.0528753817081;-0.0365504518151;-0.066679379344;0.0558799415827;-0.0519611269236;-0.023759752512;0.0637751746923;0.0575136825442;-0.0144448459148;-0.056105479598;0.0535590716638;0.0252047400922;0.00587102249265;-0.0298969566822;-0.0607088267803;0.0388448417187;0.0817360298708;0.0211362421513;-1.10084423795e-05;-0.019977837801;0.049717733264;0.0405311960727;0.0997067816555;0.0155725091696;-0.0513050973415;-0.0991751773283;0.0386331737041;0.0406576138281;0.00607650876045;0.0499779256061;-0.0340667068958;-0.00866881012917;-0.0172210991383;0.0508961230516;-0.031944745779;-0.0617463409901;0.017085391283;-0.0429161950946;0.0480877667665;0.023473688442;-0.0852724969387;-0.0798733770847;-0.0883861839771;0.0775181695819;-0.0114645302296;0.090039684251;0.0773372858763;-0.0257449282333;-0.0292485550046;0.0205577146262;0.0927038013935;0.0119000971317;0.0191418856382;-0.0432226717472;0.0216213524342;0.0594660133123;-0.0499198019505,1519,meanReturnCycleMatched,1.00026818778561,2.16712920372646,11.5618707962735,14.7315607767357,26.921,0,0,1,0,accepted-crossing limit exhausted,200.5100738
0.075,1,196001,paperCycleCadenceRetargetMode,shinbrotPaperBisection,0,NaN,60,75,NaN,101162,0.0865456722676754,-0.0372720658779144,0.0865456722677;0.0997906967998;-0.0998476997018;-0.0560875952244;-0.0022211715579;-0.094957420975;0.0523570276797;0.00789339244366;-0.0382430970669;0.0778692901134;-0.052946588397;0.0977456189692;0.0981525279582;0.063598638773;0.0769428789616;0.0726262390614;0.0883399550803;0.0801484078169;0.0463114727288;0.0149949848652;-0.0518672280014;0.0322304882109;0.0116882026196;0.001300111413;-0.0893055634573;0.0381578266621;-0.0782067120075;-0.00434771254659;-0.0110608890653;0.0971731007099;-0.0949994146824;0.0615983064286;0.055022996664;-0.00436269640923;-0.0877396017313;-0.0897877305746;-0.0725795734674;0.0108193844557;-0.0831305444241;0.0843600332737;-0.0469308167696;0.00155523362337;-0.0975249439478;-0.0590679906309;-0.0485056981444;0.0491618484259;-0.01165484339;0.0950713977218;0.0980755990371;-0.098763436079;-0.064006537199;0.0988564927131;-0.0490208409727;0.038008621335;0.0314688652754;-0.0961952917278;0.0529207870364;0.00669479072094;0.011099499464;-0.0510754138231;-0.0342788174748;-0.0772765010595;-0.0954613439739;-0.00105932354927;-0.0517379712313;-0.0372720658779,1,1,shinbrotPaperBisection,0.0865456722676754,3,67,67,66,1,1;2;2;2;2;2;3;5;5;7;8;8;9;11;14;14;15;16;16;17;19;20;20;20;20;20;21;22;22;22;22;22;23;25;27;30;31;31;31;32;33;35;36;36;36;37;41;41;41;44;46;47;50;51;53;55;55;55;55;56;57;58;59;59;59;59,1519;3038;4557;6076;7595;9114;10633;12152;13671;15190;16709;18228;19747;21266;22785;24304;25823;27342;28861;30380;31899;33418;34937;36456;37975;39494;41013;42532;44051;45570;47089;48608;50127;51646;53165;54684;56203;57722;59241;60760;62279;63798;65317;66836;68355;69874;71393;72912;74431;75950;77469;78988;80507;82026;83545;85064;86583;88102;89621;91140;92659;94178;95697;97216;98735;100254,1.519;3.038;4.557;6.076;7.595;9.114;10.633;12.152;13.671;15.19;16.709;18.228;19.747;21.266;22.785;24.304;25.823;27.342;28.861;30.38;31.899;33.418;34.937;36.456;37.975;39.494;41.013;42.532;44.051;45.57;47.089;48.608;50.127;51.646;53.165;54.684;56.203;57.722;59.241;60.7599999999;62.2789999999;63.7979999999;65.3169999999;66.836;68.355;69.874;71.393;72.912;74.431;75.95;77.469;78.988;80.507;82.026;83.545;85.064;86.583;88.1020000001;89.6210000001;91.1400000001;92.6590000001;94.1780000001;95.6970000001;97.2160000001;98.7350000001;100.254,shinbrotPaperBisection;shinbrotPaperBisection;shinbrotPaperBisection;shinbrotPaperBisection;shinbrotPaperBisection;shinbrotPaperBisection;shinbrotPaperBisection;shinbrotPaperBisection;shinbrotPaperBisection;shinbrotPaperBisection;shinbrotPaperBisection;shinbrotPaperBisection;shinbrotPaperBisection;shinbrotPaperBisection;shinbrotPaperBisection;shinbrotPaperBisection;shinbrotPaperBisection;shinbrotPaperBisection;shinbrotPaperBisection;shinbrotPaperBisection;shinbrotPaperBisection;shinbrotPaperBisection;shinbrotPaperBisection;shinbrotPaperBisection;shinbrotPaperBisection;shinbrotPaperBisection;shinbrotPaperBisection;shinbrotPaperBisection;shinbrotPaperBisection;shinbrotPaperBisection;shinbrotPaperBisection;shinbrotPaperBisection;shinbrotPaperBisection;shinbrotPaperBisection;shinbrotPaperBisection;shinbrotPaperBisection;shinbrotPaperBisection;shinbrotPaperBisection;shinbrotPaperBisection;shinbrotPaperBisection;shinbrotPaperBisection;shinbrotPaperBisection;shinbrotPaperBisection;shinbrotPaperBisection;shinbrotPaperBisection;shinbrotPaperBisection;shinbrotPaperBisection;shinbrotPaperBisection;shinbrotPaperBisection;shinbrotPaperBisection;shinbrotPaperBisection;shinbrotPaperBisection;shinbrotPaperBisection;shinbrotPaperBisection;shinbrotPaperBisection;shinbrotPaperBisection;shinbrotPaperBisection;shinbrotPaperBisection;shinbrotPaperBisection;shinbrotPaperBisection;shinbrotPaperBisection;shinbrotPaperBisection;shinbrotPaperBisection;shinbrotPaperBisection;shinbrotPaperBisection;shinbrotPaperBisection,0.0997906967998;-0.0998476997018;-0.0560875952244;-0.0022211715579;-0.094957420975;0.0523570276797;0.00789339244366;-0.0382430970669;0.0778692901134;-0.052946588397;0.0977456189692;0.0981525279582;0.063598638773;0.0769428789616;0.0726262390614;0.0883399550803;0.0801484078169;0.0463114727288;0.0149949848652;-0.0518672280014;0.0322304882109;0.0116882026196;0.001300111413;-0.0893055634573;0.0381578266621;-0.0782067120075;-0.00434771254659;-0.0110608890653;0.0971731007099;-0.0949994146824;0.0615983064286;0.055022996664;-0.00436269640923;-0.0877396017313;-0.0897877305746;-0.0725795734674;0.0108193844557;-0.0831305444241;0.0843600332737;-0.0469308167696;0.00155523362337;-0.0975249439478;-0.0590679906309;-0.0485056981444;0.0491618484259;-0.01165484339;0.0950713977218;0.0980755990371;-0.098763436079;-0.064006537199;0.0988564927131;NaN;-0.0490208409727;0.038008621335;0.0314688652754;-0.0961952917278;0.0529207870364;0.00669479072094;0.011099499464;-0.0510754138231;-0.0342788174748;-0.0772765010595;-0.0954613439739;-0.00105932354927;-0.0517379712313;-0.0372720658779,1519,meanReturnCycleMatched,1.00026818778561,1.57355760437097,15.302557604371,21.6278409054084,26.921,0,0,1,0,accepted-crossing limit exhausted,217.8571193
0.075,2,196002,paperCycleCadenceRetargetMode,shinbrotPaperBisection,0,NaN,60,65,NaN,95848,0.0865456722676754,0.090012925863266,0.0865456722677;-0.0111076891422;-0.0522884786129;0.0540487207472;-0.0503511369228;-0.0730178177357;0.0591423213482;0.0805213004351;-0.0994073513895;0.0402613192797;0.00784424245358;0.0983482387965;0.0586350023746;0.0437576860189;-0.088732996583;0.000224070576951;-0.095958122611;-0.0756881535053;0.0111983150244;-0.0709364116192;0.0648814409971;0.0322213470936;0.00534805357456;-0.0493896454573;0.0587567344308;0.00610817372799;0.0829652935266;-0.0494734704494;-5.02490438521e-05;0.0525775849819;0.00530793070793;-0.0392288982868;-0.0825612604618;-0.0122899189591;0.0123828255571;0.0747368639801;-0.0409691631794;0.0275954034179;0.0905308678746;0.00175394415855;0.0625810950994;0.021945437789;0.0517005467787;0.0030043583829;-0.0543679654598;0.0104041367769;-0.0323975026608;0.0630361825228;0.0479196488857;-0.0529396802187;0.0747079402208;-0.0339868605137;0.0528245940804;-0.0239779412746;-0.00760911190882;-0.070803385973;0.0150261491537;-0.0322750747204;-0.0986024320126;0.0971517376602;-0.0564279735088;-0.0968838207424;0.0900129258633,1,1,shinbrotPaperBisection,0.0865456722676754,3,64,64,63,1,1;1;1;1;2;3;3;4;6;6;7;7;9;10;10;10;10;11;11;11;11;11;13;15;16;16;18;19;20;22;22;24;29;30;30;31;35;35;35;35;36;36;36;39;39;39;42;43;44;44;44;46;46;47;48;51;51;52;53;54;56;56;59,1519;3038;4557;6076;7595;9114;10633;12152;13671;15190;16709;18228;19747;21266;22785;24304;25823;27342;28861;30380;31899;33418;34937;36456;37975;39494;41013;42532;44051;45570;47089;48608;50127;51646;53165;54684;56203;57722;59241;60760;62279;63798;65317;66836;68355;69874;71393;72912;74431;75950;77469;78988;80507;82026;83545;85064;86583;88102;89621;91140;92659;94178;95697,1.519;3.038;4.557;6.076;7.595;9.114;10.633;12.152;13.671;15.19;16.709;18.228;19.747;21.266;22.785;24.304;25.823;27.342;28.861;30.38;31.899;33.418;34.937;36.456;37.975;39.494;41.013;42.532;44.051;45.57;47.089;48.608;50.127;51.646;53.165;54.684;56.203;57.722;59.241;60.7599999999;62.2789999999;63.7979999999;65.3169999999;66.836;68.355;69.874;71.393;72.912;74.431;75.95;77.469;78.988;80.507;82.026;83.545;85.064;86.583;88.1020000001;89.6210000001;91.1400000001;92.6590000001;94.1780000001;95.6970000001,shinbrotPaperBisection;shinbrotPaperBisection;shinbrotPaperBisection;shinbrotPaperBisection;shinbrotPaperBisection;shinbrotPaperBisection;shinbrotPaperBisection;shinbrotPaperBisection;shinbrotPaperBisection;shinbrotPaperBisection;shinbrotPaperBisection;shinbrotPaperBisection;shinbrotPaperBisection;shinbrotPaperBisection;shinbrotPaperBisection;shinbrotPaperBisection;shinbrotPaperBisection;shinbrotPaperBisection;shinbrotPaperBisection;shinbrotPaperBisection;shinbrotPaperBisection;shinbrotPaperBisection;shinbrotPaperBisection;shinbrotPaperBisection;shinbrotPaperBisection;shinbrotPaperBisection;shinbrotPaperBisection;shinbrotPaperBisection;shinbrotPaperBisection;shinbrotPaperBisection;shinbrotPaperBisection;shinbrotPaperBisection;shinbrotPaperBisection;shinbrotPaperBisection;shinbrotPaperBisection;shinbrotPaperBisection;shinbrotPaperBisection;shinbrotPaperBisection;shinbrotPaperBisection;shinbrotPaperBisection;shinbrotPaperBisection;shinbrotPaperBisection;shinbrotPaperBisection;shinbrotPaperBisection;shinbrotPaperBisection;shinbrotPaperBisection;shinbrotPaperBisection;shinbrotPaperBisection;shinbrotPaperBisection;shinbrotPaperBisection;shinbrotPaperBisection;shinbrotPaperBisection;shinbrotPaperBisection;shinbrotPaperBisection;shinbrotPaperBisection;shinbrotPaperBisection;shinbrotPaperBisection;shinbrotPaperBisection;shinbrotPaperBisection;shinbrotPaperBisection;shinbrotPaperBisection;shinbrotPaperBisection;shinbrotPaperBisection,-0.0111076891422;-0.0522884786129;0.0540487207472;-0.0503511369228;-0.0730178177357;0.0591423213482;0.0805213004351;-0.0994073513895;0.0402613192797;0.00784424245358;0.0983482387965;0.0586350023746;0.0437576860189;-0.088732996583;0.000224070576951;-0.095958122611;-0.0756881535053;0.0111983150244;-0.0709364116192;0.0648814409971;0.0322213470936;0.00534805357456;NaN;-0.0493896454573;0.0587567344308;0.00610817372799;0.0829652935266;-0.0494734704494;-5.02490438521e-05;0.0525775849819;0.00530793070793;-0.0392288982868;-0.0825612604618;-0.0122899189591;0.0123828255571;0.0747368639801;-0.0409691631794;0.0275954034179;0.0905308678746;0.00175394415855;0.0625810950994;0.021945437789;0.0517005467787;0.0030043583829;-0.0543679654598;0.0104041367769;-0.0323975026608;0.0630361825228;0.0479196488857;-0.0529396802187;0.0747079402208;-0.0339868605137;0.0528245940804;-0.0239779412746;-0.00760911190882;-0.070803385973;0.0150261491537;-0.0322750747204;-0.0986024320126;0.0971517376602;-0.0564279735088;-0.0968838207424;0.0900129258633,1519,meanReturnCycleMatched,1.00026818778561,2.58233560407713,11.1466643959229,14.4895693969424,26.921,0,0,1,0,accepted-crossing limit exhausted,192.8255058
0.075,3,196003,paperCycleCadenceRetargetMode,shinbrotPaperBisection,1,32,32,14,32.5653560604384,32566,0.0865456722676754,0.00792562067508698,0.0865456722677;0.00506008267403;0.049645928666;0.0560187138617;-0.0983055412769;-0.0166249647737;0.0932122528553;-0.0484659150243;-0.0204513862729;-0.0906491801143;-0.0472202599049;0.0251839868724;0.026831876114;-0.0863322559744;0.0590217374265;-0.0910386621952;-0.00563987549394;-0.0769210403785;0.0239586558193;0.0770284291357;0.00792562067509,1,1,shinbrotPaperBisection,0.0865456722676754,3,22,22,21,1,1;2;6;8;9;10;12;12;13;14;15;17;19;19;23;26;28;28;29;30;31,1519;3038;4557;6076;7595;9114;10633;12152;13671;15190;16709;18228;19747;21266;22785;24304;25823;27342;28861;30380;31899,1.519;3.038;4.557;6.076;7.595;9.114;10.633;12.152;13.671;15.19;16.709;18.228;19.747;21.266;22.785;24.304;25.823;27.342;28.861;30.38;31.899,shinbrotPaperBisection;shinbrotPaperBisection;shinbrotPaperBisection;shinbrotPaperBisection;shinbrotPaperBisection;shinbrotPaperBisection;shinbrotPaperBisection;shinbrotPaperBisection;shinbrotPaperBisection;shinbrotPaperBisection;shinbrotPaperBisection;shinbrotPaperBisection;shinbrotPaperBisection;shinbrotPaperBisection;shinbrotPaperBisection;shinbrotPaperBisection;shinbrotPaperBisection;shinbrotPaperBisection;shinbrotPaperBisection;shinbrotPaperBisection;shinbrotPaperBisection,0.00506008267403;0.049645928666;0.0560187138617;-0.0983055412769;-0.0166249647737;0.0932122528553;-0.0484659150243;-0.0204513862729;-0.0906491801143;-0.0472202599049;0.0251839868724;0.026831876114;-0.0863322559744;NaN;0.0590217374265;-0.0910386621952;-0.00563987549394;-0.0769210403785;0.0239586558193;0.0770284291357;0.00792562067509,1519,meanReturnCycleMatched,1.00026818778561,0.00239738883233365,13.7266026111677,20.5856615176308,26.921,0,0,0,0,,80.3608945
0.075,4,196004,paperCycleCadenceRetargetMode,shinbrotPaperBisection,1,53,53,60,71.2686550342928,71269,0.0865456722676754,0.0457949548959732,0.0865456722677;-0.0897094786167;0.0107471644878;0.0739594612271;-0.018187789619;0.0856556981802;0.0185750812292;-0.00158757828176;-0.0935596317053;-0.0811090871692;0.0979467584752;0.0162742435932;0.0991692991927;0.0626429054653;-0.0490762993693;0.0191579759121;0.0695030987263;-0.00634513646364;0.0341088682413;-0.0744419395924;-0.0163176074624;0.0531279757619;-0.099386443384;0.0970496889204;-0.0104995980859;-0.0856727868319;-0.0795835316181;-0.0764998286963;-0.0155835449696;-0.000395458936691;-0.0706087075174;0.0595416128635;0.0393231064081;-0.0458240017295;-0.0868996709585;0.0552910260856;0.0265477526933;0.0249847966479;0.0195089757442;-0.0913861557841;-0.0264440238476;-0.0602146208286;-0.0554671704769;0.0408080212772;0.0404259622097;0.045794954896,1,1,shinbrotPaperBisection,0.0865456722676754,3,47,47,46,1,2;2;3;3;3;4;6;8;9;10;11;12;12;14;14;15;16;17;18;18;18;18;18;18;18;20;20;22;25;26;26;29;29;30;34;35;37;38;38;42;45;46;47;47;47;50,1519;3038;4557;6076;7595;9114;10633;12152;13671;15190;16709;18228;19747;21266;22785;24304;25823;27342;28861;30380;31899;33418;34937;36456;37975;39494;41013;42532;44051;45570;47089;48608;50127;51646;53165;54684;56203;57722;59241;60760;62279;63798;65317;66836;68355;69874,1.519;3.038;4.557;6.076;7.595;9.114;10.633;12.152;13.671;15.19;16.709;18.228;19.747;21.266;22.785;24.304;25.823;27.342;28.861;30.38;31.899;33.418;34.937;36.456;37.975;39.494;41.013;42.532;44.051;45.57;47.089;48.608;50.127;51.646;53.165;54.684;56.203;57.722;59.241;60.7599999999;62.2789999999;63.7979999999;65.3169999999;66.836;68.355;69.874,shinbrotPaperBisection;shinbrotPaperBisection;shinbrotPaperBisection;shinbrotPaperBisection;shinbrotPaperBisection;shinbrotPaperBisection;shinbrotPaperBisection;shinbrotPaperBisection;shinbrotPaperBisection;shinbrotPaperBisection;shinbrotPaperBisection;shinbrotPaperBisection;shinbrotPaperBisection;shinbrotPaperBisection;shinbrotPaperBisection;shinbrotPaperBisection;shinbrotPaperBisection;shinbrotPaperBisection;shinbrotPaperBisection;shinbrotPaperBisection;shinbrotPaperBisection;shinbrotPaperBisection;shinbrotPaperBisection;shinbrotPaperBisection;shinbrotPaperBisection;shinbrotPaperBisection;shinbrotPaperBisection;shinbrotPaperBisection;shinbrotPaperBisection;shinbrotPaperBisection;shinbrotPaperBisection;shinbrotPaperBisection;shinbrotPaperBisection;shinbrotPaperBisection;shinbrotPaperBisection;shinbrotPaperBisection;shinbrotPaperBisection;shinbrotPaperBisection;shinbrotPaperBisection;shinbrotPaperBisection;shinbrotPaperBisection;shinbrotPaperBisection;shinbrotPaperBisection;shinbrotPaperBisection;shinbrotPaperBisection;shinbrotPaperBisection,-0.0897094786167;0.0107471644878;0.0739594612271;-0.018187789619;0.0856556981802;0.0185750812292;-0.00158757828176;-0.0935596317053;-0.0811090871692;0.0979467584752;0.0162742435932;0.0991692991927;0.0626429054653;-0.0490762993693;0.0191579759121;0.0695030987263;-0.00634513646364;0.0341088682413;-0.0744419395924;-0.0163176074624;0.0531279757619;-0.099386443384;0.0970496889204;-0.0104995980859;-0.0856727868319;-0.0795835316181;-0.0764998286963;-0.0155835449696;-0.000395458936691;-0.0706087075174;0.0595416128635;0.0393231064081;-0.0458240017295;-0.0868996709585;0.0552910260856;0.0265477526933;0.0249847966479;0.0195089757442;-0.0913861557841;-0.0264440238476;-0.0602146208286;-0.0554671704769;0.0408080212772;0.0404259622097;NaN;0.045794954896,1519,meanReturnCycleMatched,1.00026818778561,0.00597138745102299,13.723028612549,18.7747778677454,26.921,0,0,0,0,,159.6354781
0.075,5,196005,paperCycleCadenceRetargetMode,shinbrotPaperBisection,0,NaN,60,28,NaN,55933,0.0865456722676754,-0.0960563719272614,0.0865456722677;0.0614111930132;0.00581268370152;-0.0311806961894;-0.011661285162;0.0448547422886;-0.0130575239658;0.0101477906108;0.0206765264273;0.0218260705471;0.0998636052012;0.00037630200386;0.0982428346339;0.0346788138151;0.0562254088931;-0.0373209267855;-0.00110085755587;-0.056344538182;0.0575618207455;0.0953244486824;0.00137675851583;-0.053282982111;-0.00920483022928;-0.096910142526;0.0988236322999;0.0640370637178;-0.0223182961345;0.00147673487663;-0.095282754302;-0.00158507227898;-0.0571975886822;-0.0960563719273,1,1,shinbrotPaperBisection,0.0865456722676754,3,37,37,36,5,2;3;4;5;6;6;6;7;8;8;8;10;10;12;13;15;18;21;23;24;24;26;29;31;34;42;44;46;48;49;51;53;54;57;58;59,1519;3038;4557;6076;7595;9114;10633;12152;13671;15190;16709;18228;19747;21266;22785;24304;25823;27342;28861;30380;31899;33418;34937;36456;37975;39494;41013;42532;44051;45570;47089;48608;50127;51646;53165;54684,1.519;3.038;4.557;6.076;7.595;9.114;10.633;12.152;13.671;15.19;16.709;18.228;19.747;21.266;22.785;24.304;25.823;27.342;28.861;30.38;31.899;33.418;34.937;36.456;37.975;39.494;41.013;42.532;44.051;45.57;47.089;48.608;50.127;51.646;53.165;54.684,shinbrotPaperBisection;shinbrotPaperBisection;shinbrotPaperBisection;shinbrotPaperBisection;shinbrotPaperBisection;shinbrotPaperBisection;shinbrotPaperBisection;shinbrotPaperBisection;shinbrotPaperBisection;shinbrotPaperBisection;shinbrotPaperBisection;shinbrotPaperBisection;shinbrotPaperBisection;shinbrotPaperBisection;shinbrotPaperBisection;shinbrotPaperBisection;shinbrotPaperBisection;shinbrotPaperBisection;shinbrotPaperBisection;shinbrotPaperBisection;shinbrotPaperBisection;shinbrotPaperBisection;shinbrotPaperBisection;shinbrotPaperBisection;shinbrotPaperBisection;shinbrotPaperBisection;shinbrotPaperBisection;shinbrotPaperBisection;shinbrotPaperBisection;shinbrotPaperBisection;shinbrotPaperBisection;shinbrotPaperBisection;shinbrotPaperBisection;shinbrotPaperBisection;shinbrotPaperBisection;shinbrotPaperBisection,0.0614111930132;0.00581268370152;-0.0311806961894;-0.011661285162;0.0448547422886;-0.0130575239658;0.0101477906108;0.0206765264273;0.0218260705471;0.0998636052012;0.00037630200386;0.0982428346339;0.0346788138151;0.0562254088931;-0.0373209267855;-0.00110085755587;-0.056344538182;NaN;0.0575618207455;0.0953244486824;0.00137675851583;-0.053282982111;-0.00920483022928;-0.096910142526;0.0988236322999;NaN;NaN;NaN;NaN;0.0640370637178;-0.0223182961345;0.00147673487663;-0.095282754302;-0.00158507227898;-0.0571975886822;-0.0960563719273,1519,meanReturnCycleMatched,1.00026818778561,0.835570716016621,14.5645707160166,21.9832733753969,26.921,0,0,1,0,accepted-crossing limit exhausted,99.4997732
0.075,6,196006,paperCycleCadenceRetargetMode,shinbrotPaperBisection,0,NaN,60,59,NaN,79738,0.0865456722676754,0.050139469653368,0.0865456722677;-0.0855615675449;0.0840145856142;0.087472938688;0.0326282113791;-0.0259492456913;-0.0998400471173;-0.0788156230003;-0.0233936294913;0.0935458287597;-0.0626228272915;0.0974393425509;-0.0100899040699;-0.00711015015841;0.0913669096306;0.0612796247005;-0.0755684196949;0.061607465148;-0.0553284794092;0.0633018553257;0.0274291366339;0.0276546537876;-0.0726876556873;0.0354039400816;0.0639890611172;-0.0373959258199;-0.0960711225867;-0.0894598305225;0.0900637403131;0.0585731238127;-0.0843130677938;-0.0296271365136;-0.0851346075535;0.0937905579805;0.0388882488012;-0.0840646445751;0.0039898827672;0.0913240164518;0.0672671020031;0.0878480359912;0.0721765113529;0.0225193113089;-0.0928945735097;0.0260409213603;0.0313686102629;0.0767775846645;-0.0331328287721;0.00657214820385;-0.0942857123911;-0.0856882512569;0.00590015053749;0.0501394696534,1,1,shinbrotPaperBisection,0.0865456722676754,3,53,53,52,1,2;2;3;4;5;5;6;6;6;8;10;12;13;14;17;17;18;19;20;21;21;21;21;21;21;21;21;23;30;32;34;36;39;41;44;45;49;50;50;50;53;54;55;56;57;57;57;57;57;57;57;58,1519;3038;4557;6076;7595;9114;10633;12152;13671;15190;16709;18228;19747;21266;22785;24304;25823;27342;28861;30380;31899;33418;34937;36456;37975;39494;41013;42532;44051;45570;47089;48608;50127;51646;53165;54684;56203;57722;59241;60760;62279;63798;65317;66836;68355;69874;71393;72912;74431;75950;77469;78988,1.519;3.038;4.557;6.076;7.595;9.114;10.633;12.152;13.671;15.19;16.709;18.228;19.747;21.266;22.785;24.304;25.823;27.342;28.861;30.38;31.899;33.418;34.937;36.456;37.975;39.494;41.013;42.532;44.051;45.57;47.089;48.608;50.127;51.646;53.165;54.684;56.203;57.722;59.241;60.7599999999;62.2789999999;63.7979999999;65.3169999999;66.836;68.355;69.874;71.393;72.912;74.431;75.95;77.469;78.988,shinbrotPaperBisection;shinbrotPaperBisection;shinbrotPaperBisection;shinbrotPaperBisection;shinbrotPaperBisection;shinbrotPaperBisection;shinbrotPaperBisection;shinbrotPaperBisection;shinbrotPaperBisection;shinbrotPaperBisection;shinbrotPaperBisection;shinbrotPaperBisection;shinbrotPaperBisection;shinbrotPaperBisection;shinbrotPaperBisection;shinbrotPaperBisection;shinbrotPaperBisection;shinbrotPaperBisection;shinbrotPaperBisection;shinbrotPaperBisection;shinbrotPaperBisection;shinbrotPaperBisection;shinbrotPaperBisection;shinbrotPaperBisection;shinbrotPaperBisection;shinbrotPaperBisection;shinbrotPaperBisection;shinbrotPaperBisection;shinbrotPaperBisection;shinbrotPaperBisection;shinbrotPaperBisection;shinbrotPaperBisection;shinbrotPaperBisection;shinbrotPaperBisection;shinbrotPaperBisection;shinbrotPaperBisection;shinbrotPaperBisection;shinbrotPaperBisection;shinbrotPaperBisection;shinbrotPaperBisection;shinbrotPaperBisection;shinbrotPaperBisection;shinbrotPaperBisection;shinbrotPaperBisection;shinbrotPaperBisection;shinbrotPaperBisection;shinbrotPaperBisection;shinbrotPaperBisection;shinbrotPaperBisection;shinbrotPaperBisection;shinbrotPaperBisection;shinbrotPaperBisection,-0.0855615675449;0.0840145856142;0.087472938688;0.0326282113791;-0.0259492456913;-0.0998400471173;-0.0788156230003;-0.0233936294913;0.0935458287597;-0.0626228272915;0.0974393425509;-0.0100899040699;-0.00711015015841;0.0913669096306;0.0612796247005;-0.0755684196949;0.061607465148;-0.0553284794092;0.0633018553257;0.0274291366339;0.0276546537876;-0.0726876556873;0.0354039400816;0.0639890611172;-0.0373959258199;-0.0960711225867;-0.0894598305225;0.0900637403131;0.0585731238127;NaN;-0.0843130677938;-0.0296271365136;-0.0851346075535;0.0937905579805;0.0388882488012;-0.0840646445751;0.0039898827672;0.0913240164518;0.0672671020031;0.0878480359912;0.0721765113529;0.0225193113089;-0.0928945735097;0.0260409213603;0.0313686102629;0.0767775846645;-0.0331328287721;0.00657214820385;-0.0942857123911;-0.0856882512569;0.00590015053749;0.0501394696534,1519,meanReturnCycleMatched,1.00026818778561,0.824893603149164,12.9041063968508,16.8962884169519,26.921,0,0,1,0,accepted-crossing limit exhausted,162.6433231
0.075,7,196007,paperCycleCadenceRetargetMode,shinbrotPaperBisection,1,56,56,47,64.9228434210722,64923,0.0865456722676754,-0.0608779244124889,0.0865456722677;-0.0862635791302;0.0157954871655;-0.0555953532457;0.0270891964436;0.033549015969;0.0407093465328;-0.0791096299887;-0.0291556820273;0.00921561419964;0.0939090296626;0.0847968891263;0.0553136646748;-0.0195052325726;0.0254966311157;0.0768145188689;-0.0301258742809;-0.0571893133223;0.0581658035517;-0.0680177420378;-0.0518528401852;-0.0167144551873;0.00136665087193;-0.0596182592213;-0.0304491713643;-0.00126838525757;0.00951090157032;0.0329056590796;0.0373161643744;-0.0260835842229;-0.0189318045974;0.0983031205833;-0.00297455862164;-0.0777524769306;0.0196835950017;0.040228754282;-0.0661975681782;0.0177049905062;0.0922512948513;0.0988501976186;0.099121517688;-0.0849378317595;-0.0608779244125,1,1,shinbrotPaperBisection,0.0865456722676754,3,43,43,42,0,2;3;4;6;7;11;12;15;15;17;18;19;20;21;23;25;29;31;33;33;33;33;34;34;34;34;35;35;37;38;38;41;42;43;44;46;46;46;46;49;51;53,1519;3038;4557;6076;7595;9114;10633;12152;13671;15190;16709;18228;19747;21266;22785;24304;25823;27342;28861;30380;31899;33418;34937;36456;37975;39494;41013;42532;44051;45570;47089;48608;50127;51646;53165;54684;56203;57722;59241;60760;62279;63798,1.519;3.038;4.557;6.076;7.595;9.114;10.633;12.152;13.671;15.19;16.709;18.228;19.747;21.266;22.785;24.304;25.823;27.342;28.861;30.38;31.899;33.418;34.937;36.456;37.975;39.494;41.013;42.532;44.051;45.57;47.089;48.608;50.127;51.646;53.165;54.684;56.203;57.722;59.241;60.7599999999;62.2789999999;63.7979999999,shinbrotPaperBisection;shinbrotPaperBisection;shinbrotPaperBisection;shinbrotPaperBisection;shinbrotPaperBisection;shinbrotPaperBisection;shinbrotPaperBisection;shinbrotPaperBisection;shinbrotPaperBisection;shinbrotPaperBisection;shinbrotPaperBisection;shinbrotPaperBisection;shinbrotPaperBisection;shinbrotPaperBisection;shinbrotPaperBisection;shinbrotPaperBisection;shinbrotPaperBisection;shinbrotPaperBisection;shinbrotPaperBisection;shinbrotPaperBisection;shinbrotPaperBisection;shinbrotPaperBisection;shinbrotPaperBisection;shinbrotPaperBisection;shinbrotPaperBisection;shinbrotPaperBisection;shinbrotPaperBisection;shinbrotPaperBisection;shinbrotPaperBisection;shinbrotPaperBisection;shinbrotPaperBisection;shinbrotPaperBisection;shinbrotPaperBisection;shinbrotPaperBisection;shinbrotPaperBisection;shinbrotPaperBisection;shinbrotPaperBisection;shinbrotPaperBisection;shinbrotPaperBisection;shinbrotPaperBisection;shinbrotPaperBisection;shinbrotPaperBisection,-0.0862635791302;0.0157954871655;-0.0555953532457;0.0270891964436;0.033549015969;0.0407093465328;-0.0791096299887;-0.0291556820273;0.00921561419964;0.0939090296626;0.0847968891263;0.0553136646748;-0.0195052325726;0.0254966311157;0.0768145188689;-0.0301258742809;-0.0571893133223;0.0581658035517;-0.0680177420378;-0.0518528401852;-0.0167144551873;0.00136665087193;-0.0596182592213;-0.0304491713643;-0.00126838525757;0.00951090157032;0.0329056590796;0.0373161643744;-0.0260835842229;-0.0189318045974;0.0983031205833;-0.00297455862164;-0.0777524769306;0.0196835950017;0.040228754282;-0.0661975681782;0.0177049905062;0.0922512948513;0.0988501976186;0.099121517688;-0.0849378317595;-0.0608779244125,1519,meanReturnCycleMatched,1.00026818778561,0.00379259055472936,13.7327925905547,17.6989762133798,26.921,0,0,0,0,,131.2905759
0.075,8,196008,paperCycleCadenceRetargetMode,shinbrotPaperBisection,0,NaN,60,70,NaN,104112,0.0865456722676754,0.00498641133308411,0.0865456722677;0.0135681927204;0.0151301652193;-0.0388472869992;0.000310522317886;0.088525917381;-0.0764832483605;-0.0640352785587;-0.0907154783607;0.089400523901;-0.0999270698987;0.0823439545929;0.0493953261524;0.074417286925;0.0840698748827;0.0161263614893;-0.0705533921719;-0.0583064377308;0.0341058194637;0.0302250951529;0.0609689176083;-0.0525815315545;-0.0429382145405;-0.0180024087429;0.0357312060893;-0.0599471628666;-0.067007702589;-0.070538392663;0.0927187979221;0.0887718567625;-0.00573350340128;0.0012502014637;-0.0162255108356;-0.0123784720898;0.0760478869081;0.058857268095;0.0896917048842;-0.0604654818773;0.0667893826962;-0.023992472887;-0.021551926434;0.0889280373231;-0.0552435457706;-0.0349772155285;-0.0181938588619;0.0866165809333;-0.00317590087652;-0.0969478458166;-0.046381932497;0.0135059326887;-0.0214088499546;-0.0864257156849;-0.0363944336772;0.0996834009886;-0.0252696835436;-0.0192326083779;-0.0337171256542;0.0503985375166;0.0644372880459;-0.036037093401;0.0734919721261;-0.0718901842833;0.0439627617598;-0.020002156496;-0.0187246248126;-0.0141731157899;-0.0258598148823;-0.0840181190521;0.00498641133308,1,1,shinbrotPaperBisection,0.0865456722676754,3,69,69,68,0,1;2;3;3;3;5;6;7;8;8;8;8;8;9;11;14;14;17;17;18;20;20;20;21;22;23;23;24;24;26;27;28;28;28;28;28;28;28;28;31;34;35;36;39;42;43;43;43;43;44;45;45;45;48;48;49;49;50;51;53;54;56;56;57;58;58;58;58,1519;3038;4557;6076;7595;9114;10633;12152;13671;15190;16709;18228;19747;21266;22785;24304;25823;27342;28861;30380;31899;33418;34937;36456;37975;39494;41013;42532;44051;45570;47089;48608;50127;51646;53165;54684;56203;57722;59241;60760;62279;63798;65317;66836;68355;69874;71393;72912;74431;75950;77469;78988;80507;82026;83545;85064;86583;88102;89621;91140;92659;94178;95697;97216;98735;100254;101773;103292,1.519;3.038;4.557;6.076;7.595;9.114;10.633;12.152;13.671;15.19;16.709;18.228;19.747;21.266;22.785;24.304;25.823;27.342;28.861;30.38;31.899;33.418;34.937;36.456;37.975;39.494;41.013;42.532;44.051;45.57;47.089;48.608;50.127;51.646;53.165;54.684;56.203;57.722;59.241;60.7599999999;62.2789999999;63.7979999999;65.3169999999;66.836;68.355;69.874;71.393;72.912;74.431;75.95;77.469;78.988;80.507;82.026;83.545;85.064;86.583;88.1020000001;89.6210000001;91.1400000001;92.6590000001;94.1780000001;95.6970000001;97.2160000001;98.7350000001;100.254;101.773;103.292,shinbrotPaperBisection;shinbrotPaperBisection;shinbrotPaperBisection;shinbrotPaperBisection;shinbrotPaperBisection;shinbrotPaperBisection;shinbrotPaperBisection;shinbrotPaperBisection;shinbrotPaperBisection;shinbrotPaperBisection;shinbrotPaperBisection;shinbrotPaperBisection;shinbrotPaperBisection;shinbrotPaperBisection;shinbrotPaperBisection;shinbrotPaperBisection;shinbrotPaperBisection;shinbrotPaperBisection;shinbrotPaperBisection;shinbrotPaperBisection;shinbrotPaperBisection;shinbrotPaperBisection;shinbrotPaperBisection;shinbrotPaperBisection;shinbrotPaperBisection;shinbrotPaperBisection;shinbrotPaperBisection;shinbrotPaperBisection;shinbrotPaperBisection;shinbrotPaperBisection;shinbrotPaperBisection;shinbrotPaperBisection;shinbrotPaperBisection;shinbrotPaperBisection;shinbrotPaperBisection;shinbrotPaperBisection;shinbrotPaperBisection;shinbrotPaperBisection;shinbrotPaperBisection;shinbrotPaperBisection;shinbrotPaperBisection;shinbrotPaperBisection;shinbrotPaperBisection;shinbrotPaperBisection;shinbrotPaperBisection;shinbrotPaperBisection;shinbrotPaperBisection;shinbrotPaperBisection;shinbrotPaperBisection;shinbrotPaperBisection;shinbrotPaperBisection;shinbrotPaperBisection;shinbrotPaperBisection;shinbrotPaperBisection;shinbrotPaperBisection;shinbrotPaperBisection;shinbrotPaperBisection;shinbrotPaperBisection;shinbrotPaperBisection;shinbrotPaperBisection;shinbrotPaperBisection;shinbrotPaperBisection;shinbrotPaperBisection;shinbrotPaperBisection;shinbrotPaperBisection;shinbrotPaperBisection;shinbrotPaperBisection;shinbrotPaperBisection,0.0135681927204;0.0151301652193;-0.0388472869992;0.000310522317886;0.088525917381;-0.0764832483605;-0.0640352785587;-0.0907154783607;0.089400523901;-0.0999270698987;0.0823439545929;0.0493953261524;0.074417286925;0.0840698748827;0.0161263614893;-0.0705533921719;-0.0583064377308;0.0341058194637;0.0302250951529;0.0609689176083;-0.0525815315545;-0.0429382145405;-0.0180024087429;0.0357312060893;-0.0599471628666;-0.067007702589;-0.070538392663;0.0927187979221;0.0887718567625;-0.00573350340128;0.0012502014637;-0.0162255108356;-0.0123784720898;0.0760478869081;0.058857268095;0.0896917048842;-0.0604654818773;0.0667893826962;-0.023992472887;-0.021551926434;0.0889280373231;-0.0552435457706;-0.0349772155285;-0.0181938588619;0.0866165809333;-0.00317590087652;-0.0969478458166;-0.046381932497;0.0135059326887;-0.0214088499546;-0.0864257156849;-0.0363944336772;0.0996834009886;-0.0252696835436;-0.0192326083779;-0.0337171256542;0.0503985375166;0.0644372880459;-0.036037093401;0.0734919721261;-0.0718901842833;0.0439627617598;-0.020002156496;-0.0187246248126;-0.0141731157899;-0.0258598148823;-0.0840181190521;0.00498641133308,1519,meanReturnCycleMatched,1.00026818778561,0.420906731147056,13.3080932688529,16.0676851528714,26.921,0,0,1,0,accepted-crossing limit exhausted,208.9143496
0.075,9,196009,paperCycleCadenceRetargetMode,shinbrotPaperBisection,0,NaN,60,38,NaN,72148,0.0865456722676754,0.0891883380711079,0.0865456722677;0.0784969624132;0.010228317976;0.0382547557354;0.000592496991158;0.0418108314276;-0.0539746485651;-0.0980171099305;-0.0792936176062;-0.0192448183894;-0.0946537196636;-0.0498085381463;0.0959156237543;0.00779474079609;-0.039521497488;-0.0242240250111;0.0432534247637;0.054820483923;-0.016119517386;0.0224541593343;-0.0747586905956;-0.0167419612408;-0.0230050384998;-0.0534529298544;0.00541703253984;0.0578790470958;0.0940788702108;-0.0924359112978;0.0500161724165;-0.0192453458905;-0.037626606226;0.0500587902963;0.0850928008556;0.0973230328411;0.0967555729672;-0.007163387537;0.0748536101542;0.0330331504345;0.0881977118552;-0.0708722412586;-0.0819115936756;-0.0203246280551;-0.0300077140331;-0.0229360453784;0.0891883380711,1,1,shinbrotPaperBisection,0.0865456722676754,3,48,48,47,3,0;2;2;4;6;8;10;11;11;11;12;12;12;12;13;14;15;15;15;16;17;17;17;19;20;22;23;23;23;25;26;26;26;28;30;33;35;37;37;40;40;47;49;52;53;56;58,1519;3038;4557;6076;7595;9114;10633;12152;13671;15190;16709;18228;19747;21266;22785;24304;25823;27342;28861;30380;31899;33418;34937;36456;37975;39494;41013;42532;44051;45570;47089;48608;50127;51646;53165;54684;56203;57722;59241;60760;62279;63798;65317;66836;68355;69874;71393,1.519;3.038;4.557;6.076;7.595;9.114;10.633;12.152;13.671;15.19;16.709;18.228;19.747;21.266;22.785;24.304;25.823;27.342;28.861;30.38;31.899;33.418;34.937;36.456;37.975;39.494;41.013;42.532;44.051;45.57;47.089;48.608;50.127;51.646;53.165;54.684;56.203;57.722;59.241;60.7599999999;62.2789999999;63.7979999999;65.3169999999;66.836;68.355;69.874;71.393,shinbrotPaperBisection;shinbrotPaperBisection;shinbrotPaperBisection;shinbrotPaperBisection;shinbrotPaperBisection;shinbrotPaperBisection;shinbrotPaperBisection;shinbrotPaperBisection;shinbrotPaperBisection;shinbrotPaperBisection;shinbrotPaperBisection;shinbrotPaperBisection;shinbrotPaperBisection;shinbrotPaperBisection;shinbrotPaperBisection;shinbrotPaperBisection;shinbrotPaperBisection;shinbrotPaperBisection;shinbrotPaperBisection;shinbrotPaperBisection;shinbrotPaperBisection;shinbrotPaperBisection;shinbrotPaperBisection;shinbrotPaperBisection;shinbrotPaperBisection;shinbrotPaperBisection;shinbrotPaperBisection;shinbrotPaperBisection;shinbrotPaperBisection;shinbrotPaperBisection;shinbrotPaperBisection;shinbrotPaperBisection;shinbrotPaperBisection;shinbrotPaperBisection;shinbrotPaperBisection;shinbrotPaperBisection;shinbrotPaperBisection;shinbrotPaperBisection;shinbrotPaperBisection;shinbrotPaperBisection;shinbrotPaperBisection;shinbrotPaperBisection;shinbrotPaperBisection;shinbrotPaperBisection;shinbrotPaperBisection;shinbrotPaperBisection;shinbrotPaperBisection,0.0784969624132;0.010228317976;0.0382547557354;0.000592496991158;0.0418108314276;-0.0539746485651;-0.0980171099305;-0.0792936176062;-0.0192448183894;-0.0946537196636;-0.0498085381463;0.0959156237543;0.00779474079609;-0.039521497488;-0.0242240250111;0.0432534247637;0.054820483923;-0.016119517386;0.0224541593343;-0.0747586905956;-0.0167419612408;-0.0230050384998;-0.0534529298544;0.00541703253984;0.0578790470958;0.0940788702108;-0.0924359112978;0.0500161724165;-0.0192453458905;-0.037626606226;0.0500587902963;0.0850928008556;0.0973230328411;0.0967555729672;-0.007163387537;0.0748536101542;0.0330331504345;NaN;0.0881977118552;-0.0708722412586;NaN;-0.0819115936756;-0.0203246280551;-0.0300077140331;-0.0229360453784;NaN;0.0891883380711,1519,meanReturnCycleMatched,1.00026818778561,2.65322353479844,11.0757764652016,12.7305649953487,26.921,0,0,1,0,accepted-crossing limit exhausted,153.7090586
0.075,10,196010,paperCycleCadenceRetargetMode,shinbrotPaperBisection,0,NaN,60,52,NaN,92476,0.0865456722676754,0.0922852716641501,0.0865456722677;0.0379815233871;0.0547844819725;0.0728161722422;-0.0520868480206;0.0817224666476;-0.00420327782631;0.00435544848442;0.0874093832914;-0.0164556205273;0.096180292964;-0.0483641520143;0.0968739241362;0.0434365488589;-0.0972968041897;0.032717731595;-0.0249284446239;0.0771311137825;0.0743782013655;0.0306299030781;0.0544775307178;0.0452433884144;-0.0189139261842;-0.0113925792277;0.098518031463;0.0159355342388;0.0861272260547;-0.076726526022;-0.00995912998915;0.0985227033496;0.0266128391027;-0.0907347530127;-0.0466239526868;-0.0491834104061;0.0759138476104;-0.0271309975535;-0.0980619497597;0.0534989729524;-0.064286121726;0.0959185410291;-0.0628683626652;0.0268883138895;0.0940014030784;-0.000769707094878;0.0271053642035;0.0857528962195;0.0851243888959;-0.0258433654904;0.0598972886801;-0.0111955583096;-0.0239276215434;-0.0911493867636;-0.00607590228319;-0.0573643267155;0.050796559453;-0.0879816576838;0.0922852716642,1,1,shinbrotPaperBisection,0.0865456722676754,3,61,61,60,4,0;0;1;2;3;3;3;4;4;5;6;8;10;12;13;14;15;18;19;19;20;22;24;25;25;26;27;27;27;28;28;28;29;29;29;29;30;30;30;32;32;32;33;34;38;38;41;43;46;50;51;51;52;53;54;54;55;56;58;59,1519;3038;4557;6076;7595;9114;10633;12152;13671;15190;16709;18228;19747;21266;22785;24304;25823;27342;28861;30380;31899;33418;34937;36456;37975;39494;41013;42532;44051;45570;47089;48608;50127;51646;53165;54684;56203;57722;59241;60760;62279;63798;65317;66836;68355;69874;71393;72912;74431;75950;77469;78988;80507;82026;83545;85064;86583;88102;89621;91140,1.519;3.038;4.557;6.076;7.595;9.114;10.633;12.152;13.671;15.19;16.709;18.228;19.747;21.266;22.785;24.304;25.823;27.342;28.861;30.38;31.899;33.418;34.937;36.456;37.975;39.494;41.013;42.532;44.051;45.57;47.089;48.608;50.127;51.646;53.165;54.684;56.203;57.722;59.241;60.7599999999;62.2789999999;63.7979999999;65.3169999999;66.836;68.355;69.874;71.393;72.912;74.431;75.95;77.469;78.988;80.507;82.026;83.545;85.064;86.583;88.1020000001;89.6210000001;91.1400000001,shinbrotPaperBisection;shinbrotPaperBisection;shinbrotPaperBisection;shinbrotPaperBisection;shinbrotPaperBisection;shinbrotPaperBisection;shinbrotPaperBisection;shinbrotPaperBisection;shinbrotPaperBisection;shinbrotPaperBisection;shinbrotPaperBisection;shinbrotPaperBisection;shinbrotPaperBisection;shinbrotPaperBisection;shinbrotPaperBisection;shinbrotPaperBisection;shinbrotPaperBisection;shinbrotPaperBisection;shinbrotPaperBisection;shinbrotPaperBisection;shinbrotPaperBisection;shinbrotPaperBisection;shinbrotPaperBisection;shinbrotPaperBisection;shinbrotPaperBisection;shinbrotPaperBisection;shinbrotPaperBisection;shinbrotPaperBisection;shinbrotPaperBisection;shinbrotPaperBisection;shinbrotPaperBisection;shinbrotPaperBisection;shinbrotPaperBisection;shinbrotPaperBisection;shinbrotPaperBisection;shinbrotPaperBisection;shinbrotPaperBisection;shinbrotPaperBisection;shinbrotPaperBisection;shinbrotPaperBisection;shinbrotPaperBisection;shinbrotPaperBisection;shinbrotPaperBisection;shinbrotPaperBisection;shinbrotPaperBisection;shinbrotPaperBisection;shinbrotPaperBisection;shinbrotPaperBisection;shinbrotPaperBisection;shinbrotPaperBisection;shinbrotPaperBisection;shinbrotPaperBisection;shinbrotPaperBisection;shinbrotPaperBisection;shinbrotPaperBisection;shinbrotPaperBisection;shinbrotPaperBisection;shinbrotPaperBisection;shinbrotPaperBisection;shinbrotPaperBisection,0.0379815233871;0.0547844819725;0.0728161722422;-0.0520868480206;0.0817224666476;-0.00420327782631;0.00435544848442;0.0874093832914;-0.0164556205273;0.096180292964;-0.0483641520143;NaN;0.0968739241362;0.0434365488589;-0.0972968041897;0.032717731595;-0.0249284446239;0.0771311137825;0.0743782013655;0.0306299030781;0.0544775307178;0.0452433884144;-0.0189139261842;-0.0113925792277;0.098518031463;0.0159355342388;0.0861272260547;-0.076726526022;-0.00995912998915;0.0985227033496;0.0266128391027;-0.0907347530127;-0.0466239526868;-0.0491834104061;0.0759138476104;-0.0271309975535;-0.0980619497597;0.0534989729524;-0.064286121726;NaN;NaN;NaN;0.0959185410291;-0.0628683626652;0.0268883138895;0.0940014030784;-0.000769707094878;0.0271053642035;0.0857528962195;0.0851243888959;-0.0258433654904;0.0598972886801;-0.0111955583096;-0.0239276215434;-0.0911493867636;-0.00607590228319;-0.0573643267155;0.050796559453;-0.0879816576838;0.0922852716642,1519,meanReturnCycleMatched,1.00026818778561,0.804696076406259,12.9243039235937,17.4031309698792,26.921,0,0,1,0,accepted-crossing limit exhausted,196.7130346
0.1,1,197001,paperCycleCadenceRetargetMode,shinbrotPaperBisection,0,NaN,60,42,NaN,73070,0.0865456722676754,-0.0171185195446014,0.0865456722677;-0.0737040549517;0.00664460062981;-0.0190872164909;-0.0469377011061;-0.0594088636339;0.0497795093805;-0.0782241094857;0.0774646013975;-0.0327422320843;0.0166196763515;0.0989959918894;0.00202688276768;0.0347667366266;-0.0803950112313;0.0871658252086;0.0109979957342;0.091887789499;0.0933216009289;-0.0512163847685;0.0227531045675;0.0723979055882;-0.0835906326771;0.0949379503727;0.00793494880199;0.016024556756;0.0701613873243;-0.0506952464581;0.0529817071278;-0.00900198817253;-0.094584749639;-0.0261801540852;0.0344040520489;-0.0243036806583;0.0131724655628;0.00991289913654;0.0953351706266;-0.0471225440502;0.0992382314987;0.0274075686932;0.087634216994;-0.0568967521191;-0.0527966789901;-0.0171185195446,1,1,shinbrotPaperBisection,0.0865456722676754,3,49,49,48,5,0;2;2;4;6;9;9;12;14;14;16;17;18;18;19;19;19;19;19;19;19;19;21;23;25;26;27;28;30;31;32;32;32;33;33;35;37;41;45;46;51;53;55;56;56;58;59;59,1519;3038;4557;6076;7595;9114;10633;12152;13671;15190;16709;18228;19747;21266;22785;24304;25823;27342;28861;30380;31899;33418;34937;36456;37975;39494;41013;42532;44051;45570;47089;48608;50127;51646;53165;54684;56203;57722;59241;60760;62279;63798;65317;66836;68355;69874;71393;72912,1.519;3.038;4.557;6.076;7.595;9.114;10.633;12.152;13.671;15.19;16.709;18.228;19.747;21.266;22.785;24.304;25.823;27.342;28.861;30.38;31.899;33.418;34.937;36.456;37.975;39.494;41.013;42.532;44.051;45.57;47.089;48.608;50.127;51.646;53.165;54.684;56.203;57.722;59.241;60.7599999999;62.2789999999;63.7979999999;65.3169999999;66.836;68.355;69.874;71.393;72.912,shinbrotPaperBisection;shinbrotPaperBisection;shinbrotPaperBisection;shinbrotPaperBisection;shinbrotPaperBisection;shinbrotPaperBisection;shinbrotPaperBisection;shinbrotPaperBisection;shinbrotPaperBisection;shinbrotPaperBisection;shinbrotPaperBisection;shinbrotPaperBisection;shinbrotPaperBisection;shinbrotPaperBisection;shinbrotPaperBisection;shinbrotPaperBisection;shinbrotPaperBisection;shinbrotPaperBisection;shinbrotPaperBisection;shinbrotPaperBisection;shinbrotPaperBisection;shinbrotPaperBisection;shinbrotPaperBisection;shinbrotPaperBisection;shinbrotPaperBisection;shinbrotPaperBisection;shinbrotPaperBisection;shinbrotPaperBisection;shinbrotPaperBisection;shinbrotPaperBisection;shinbrotPaperBisection;shinbrotPaperBisection;shinbrotPaperBisection;shinbrotPaperBisection;shinbrotPaperBisection;shinbrotPaperBisection;shinbrotPaperBisection;shinbrotPaperBisection;shinbrotPaperBisection;shinbrotPaperBisection;shinbrotPaperBisection;shinbrotPaperBisection;shinbrotPaperBisection;shinbrotPaperBisection;shinbrotPaperBisection;shinbrotPaperBisection;shinbrotPaperBisection;shinbrotPaperBisection,-0.0737040549517;0.00664460062981;-0.0190872164909;NaN;NaN;NaN;-0.0469377011061;-0.0594088636339;0.0497795093805;-0.0782241094857;0.0774646013975;-0.0327422320843;0.0166196763515;0.0989959918894;0.00202688276768;0.0347667366266;-0.0803950112313;0.0871658252086;0.0109979957342;0.091887789499;0.0933216009289;-0.0512163847685;0.0227531045675;0.0723979055882;-0.0835906326771;NaN;0.0949379503727;0.00793494880199;0.016024556756;0.0701613873243;-0.0506952464581;0.0529817071278;-0.00900198817253;-0.094584749639;-0.0261801540852;0.0344040520489;-0.0243036806583;0.0131724655628;0.00991289913654;NaN;0.0953351706266;-0.0471225440502;0.0992382314987;0.0274075686932;0.087634216994;-0.0568967521191;-0.0527966789901;-0.0171185195446,1519,meanReturnCycleMatched,1.00026818778561,0.148096525310052,13.5809034746899,20.0399787019968,26.921,0,0,1,0,accepted-crossing limit exhausted,145.7886268
0.1,2,197002,paperCycleCadenceRetargetMode,shinbrotPaperBisection,0,NaN,60,59,NaN,88657,0.0865456722676754,0.0889721773564816,0.0865456722677;0.0617447629571;-0.00346603470389;0.0810891360044;-0.0278647199273;-0.0061226144433;-0.0503076147288;-0.0997359274887;0.0141717016697;-0.0874055445194;0.00367942750454;-0.0434723585844;-0.0968813426793;0.0084351837635;-0.00320729613304;0.0938545912504;-0.0408111318946;0.0070071041584;0.00539453923702;-0.0265283882618;0.0959766447544;-0.0998200327158;-0.0945120707154;0.00150014087558;0.0122442441992;-0.0384855851531;-0.0982269585133;-0.0941945016384;0.0121160328388;-0.0747926384211;-0.0304343163967;0.0353817015886;0.0922354402952;0.0564062774181;-0.00820517987013;-0.0621467627585;-0.0535594522953;0.0744469297118;-0.0542134705931;-0.025177782774;-0.0481272518635;-0.0821441590786;-0.0541038572788;-0.0970758259296;0.0306540906429;-0.0177306756377;-0.0214139044285;-0.0872127298266;-0.0272772744298;-0.0954598724842;0.0389629513025;0.0983287379146;0.0686490412336;0.082472448051;-0.0138697460294;0.053552827239;0.0889721773565,1,1,shinbrotPaperBisection,0.0865456722676754,3,59,59,58,2,5;5;6;7;10;14;16;17;19;20;20;20;20;20;20;20;20;21;23;23;25;28;28;28;28;28;28;28;30;30;33;37;38;39;40;42;43;44;45;46;46;46;49;51;51;51;52;52;52;52;52;52;54;54;55;57;58;59,1519;3038;4557;6076;7595;9114;10633;12152;13671;15190;16709;18228;19747;21266;22785;24304;25823;27342;28861;30380;31899;33418;34937;36456;37975;39494;41013;42532;44051;45570;47089;48608;50127;51646;53165;54684;56203;57722;59241;60760;62279;63798;65317;66836;68355;69874;71393;72912;74431;75950;77469;78988;80507;82026;83545;85064;86583;88102,1.519;3.038;4.557;6.076;7.595;9.114;10.633;12.152;13.671;15.19;16.709;18.228;19.747;21.266;22.785;24.304;25.823;27.342;28.861;30.38;31.899;33.418;34.937;36.456;37.975;39.494;41.013;42.532;44.051;45.57;47.089;48.608;50.127;51.646;53.165;54.684;56.203;57.722;59.241;60.7599999999;62.2789999999;63.7979999999;65.3169999999;66.836;68.355;69.874;71.393;72.912;74.431;75.95;77.469;78.988;80.507;82.026;83.545;85.064;86.583;88.1020000001,shinbrotPaperBisection;shinbrotPaperBisection;shinbrotPaperBisection;shinbrotPaperBisection;shinbrotPaperBisection;shinbrotPaperBisection;shinbrotPaperBisection;shinbrotPaperBisection;shinbrotPaperBisection;shinbrotPaperBisection;shinbrotPaperBisection;shinbrotPaperBisection;shinbrotPaperBisection;shinbrotPaperBisection;shinbrotPaperBisection;shinbrotPaperBisection;shinbrotPaperBisection;shinbrotPaperBisection;shinbrotPaperBisection;shinbrotPaperBisection;shinbrotPaperBisection;shinbrotPaperBisection;shinbrotPaperBisection;shinbrotPaperBisection;shinbrotPaperBisection;shinbrotPaperBisection;shinbrotPaperBisection;shinbrotPaperBisection;shinbrotPaperBisection;shinbrotPaperBisection;shinbrotPaperBisection;shinbrotPaperBisection;shinbrotPaperBisection;shinbrotPaperBisection;shinbrotPaperBisection;shinbrotPaperBisection;shinbrotPaperBisection;shinbrotPaperBisection;shinbrotPaperBisection;shinbrotPaperBisection;shinbrotPaperBisection;shinbrotPaperBisection;shinbrotPaperBisection;shinbrotPaperBisection;shinbrotPaperBisection;shinbrotPaperBisection;shinbrotPaperBisection;shinbrotPaperBisection;shinbrotPaperBisection;shinbrotPaperBisection;shinbrotPaperBisection;shinbrotPaperBisection;shinbrotPaperBisection;shinbrotPaperBisection;shinbrotPaperBisection;shinbrotPaperBisection;shinbrotPaperBisection;shinbrotPaperBisection,0.0617447629571;-0.00346603470389;0.0810891360044;-0.0278647199273;-0.0061226144433;-0.0503076147288;-0.0997359274887;0.0141717016697;-0.0874055445194;0.00367942750454;-0.0434723585844;-0.0968813426793;0.0084351837635;-0.00320729613304;0.0938545912504;-0.0408111318946;0.0070071041584;0.00539453923702;-0.0265283882618;0.0959766447544;-0.0998200327158;-0.0945120707154;0.00150014087558;0.0122442441992;-0.0384855851531;-0.0982269585133;-0.0941945016384;0.0121160328388;-0.0747926384211;NaN;NaN;-0.0304343163967;0.0353817015886;0.0922354402952;0.0564062774181;-0.00820517987013;-0.0621467627585;-0.0535594522953;0.0744469297118;-0.0542134705931;-0.025177782774;-0.0481272518635;-0.0821441590786;-0.0541038572788;-0.0970758259296;0.0306540906429;-0.0177306756377;-0.0214139044285;-0.0872127298266;-0.0272772744298;-0.0954598724842;0.0389629513025;0.0983287379146;0.0686490412336;0.082472448051;-0.0138697460294;0.053552827239;0.0889721773565,1519,meanReturnCycleMatched,1.00026818778561,2.70799290090133,11.0210070990987,12.9095749849467,26.921,0,0,1,0,accepted-crossing limit exhausted,190.3587353
0.1,3,197003,paperCycleCadenceRetargetMode,shinbrotPaperBisection,0,NaN,60,53,NaN,85573,0.0865456722676754,-0.0901124626398087,0.0865456722677;-0.075583418645;0.0930998384953;0.0162360221148;0.074895507656;0.0807207852602;-0.0743897110224;-0.0207887277007;-0.0980855643749;-0.0386196807027;0.0933958590031;0.00621978524141;0.0806227960624;0.0897088862956;-0.0580227047205;0.0652176450938;-0.0941898047924;-0.0555529177189;-0.084228605032;-0.00344587638974;0.0621709406376;0.0292820036411;-0.0195336446166;0.0969513544347;-0.0309384644032;-0.0492402374744;-0.0172384560108;-0.096191495657;0.0825012110174;-0.0405803740025;-0.0328092753887;-0.0595042616129;-0.0553514420986;0.0823940828443;0.0763670083135;-0.091019231081;0.00747285485268;-0.0294343009591;-0.00276471991092;0.0401045262814;0.0372882306576;-0.0827081531286;0.0185009628534;-0.0751856984571;0.0478376328945;0.0324599482119;-0.0433121621609;-0.0271515741944;0.095692974329;0.0428038898855;0.0975865751505;0.0910109054297;0.0507893767208;-0.0993057884276;-0.0901124626398,1,1,shinbrotPaperBisection,0.0865456722676754,3,57,57,56,2,3;5;6;6;6;7;9;11;13;15;16;16;17;20;20;21;21;22;23;24;24;24;24;24;24;24;24;24;24;26;26;26;29;29;30;30;30;31;31;32;33;35;36;40;41;42;43;45;48;49;50;51;51;51;56;58,1519;3038;4557;6076;7595;9114;10633;12152;13671;15190;16709;18228;19747;21266;22785;24304;25823;27342;28861;30380;31899;33418;34937;36456;37975;39494;41013;42532;44051;45570;47089;48608;50127;51646;53165;54684;56203;57722;59241;60760;62279;63798;65317;66836;68355;69874;71393;72912;74431;75950;77469;78988;80507;82026;83545;85064,1.519;3.038;4.557;6.076;7.595;9.114;10.633;12.152;13.671;15.19;16.709;18.228;19.747;21.266;22.785;24.304;25.823;27.342;28.861;30.38;31.899;33.418;34.937;36.456;37.975;39.494;41.013;42.532;44.051;45.57;47.089;48.608;50.127;51.646;53.165;54.684;56.203;57.722;59.241;60.7599999999;62.2789999999;63.7979999999;65.3169999999;66.836;68.355;69.874;71.393;72.912;74.431;75.95;77.469;78.988;80.507;82.026;83.545;85.064,shinbrotPaperBisection;shinbrotPaperBisection;shinbrotPaperBisection;shinbrotPaperBisection;shinbrotPaperBisection;shinbrotPaperBisection;shinbrotPaperBisection;shinbrotPaperBisection;shinbrotPaperBisection;shinbrotPaperBisection;shinbrotPaperBisection;shinbrotPaperBisection;shinbrotPaperBisection;shinbrotPaperBisection;shinbrotPaperBisection;shinbrotPaperBisection;shinbrotPaperBisection;shinbrotPaperBisection;shinbrotPaperBisection;shinbrotPaperBisection;shinbrotPaperBisection;shinbrotPaperBisection;shinbrotPaperBisection;shinbrotPaperBisection;shinbrotPaperBisection;shinbrotPaperBisection;shinbrotPaperBisection;shinbrotPaperBisection;shinbrotPaperBisection;shinbrotPaperBisection;shinbrotPaperBisection;shinbrotPaperBisection;shinbrotPaperBisection;shinbrotPaperBisection;shinbrotPaperBisection;shinbrotPaperBisection;shinbrotPaperBisection;shinbrotPaperBisection;shinbrotPaperBisection;shinbrotPaperBisection;shinbrotPaperBisection;shinbrotPaperBisection;shinbrotPaperBisection;shinbrotPaperBisection;shinbrotPaperBisection;shinbrotPaperBisection;shinbrotPaperBisection;shinbrotPaperBisection;shinbrotPaperBisection;shinbrotPaperBisection;shinbrotPaperBisection;shinbrotPaperBisection;shinbrotPaperBisection;shinbrotPaperBisection;shinbrotPaperBisection;shinbrotPaperBisection,-0.075583418645;0.0930998384953;0.0162360221148;0.074895507656;0.0807207852602;-0.0743897110224;-0.0207887277007;-0.0980855643749;-0.0386196807027;0.0933958590031;0.00621978524141;0.0806227960624;0.0897088862956;-0.0580227047205;0.0652176450938;-0.0941898047924;-0.0555529177189;-0.084228605032;-0.00344587638974;0.0621709406376;0.0292820036411;-0.0195336446166;0.0969513544347;-0.0309384644032;-0.0492402374744;-0.0172384560108;-0.096191495657;0.0825012110174;-0.0405803740025;-0.0328092753887;-0.0595042616129;-0.0553514420986;0.0823940828443;0.0763670083135;-0.091019231081;0.00747285485268;-0.0294343009591;-0.00276471991092;0.0401045262814;0.0372882306576;-0.0827081531286;0.0185009628534;-0.0751856984571;0.0478376328945;0.0324599482119;NaN;-0.0433121621609;NaN;-0.0271515741944;0.095692974329;0.0428038898855;0.0975865751505;0.0910109054297;0.0507893767208;-0.0993057884276;-0.0901124626398,1519,meanReturnCycleMatched,1.00026818778561,2.44415991576002,11.28484008424,12.9138190448288,26.921,0,0,1,0,accepted-crossing limit exhausted,187.3563608
0.1,4,197004,paperCycleCadenceRetargetMode,shinbrotPaperBisection,0,NaN,60,41,NaN,71279,0.0865456722676754,0.0611142218112945,0.0865456722677;0.0998713999987;-0.090810161829;0.050848993659;-0.0917019300163;-0.0947901517153;-0.0415980398655;-0.0455523073673;0.096752949059;-0.0323404490948;-0.000238414760679;-0.0536207616329;-0.058904248476;0.0533438891172;0.0197638720274;0.0232696682215;0.00283166915178;-0.00069552604109;-0.0947614610195;0.055027192831;0.025229890272;-0.0224686443806;0.0954398341477;0.0442957133055;-0.0281158991507;0.0765311539173;-0.070195120573;0.0405162751675;-0.0386119186878;-0.000347417593002;0.059456807375;-0.0861466228962;0.0302448689938;0.0445569604635;0.0153045028448;0.097969837673;0.0462233699858;-0.0539637420326;0.0579278618097;0.0822204038501;-0.0714513212442;0.0999928416626;0.0563422116451;-0.0826741874218;-0.0353475391865;0.0611142218113,1,1,shinbrotPaperBisection,0.0865456722676754,3,47,47,46,1,3;4;6;8;9;9;12;16;16;17;18;19;19;21;24;24;26;27;27;27;30;31;32;34;35;37;38;38;38;39;39;40;41;43;46;47;47;47;49;49;50;51;53;54;55;55,1519;3038;4557;6076;7595;9114;10633;12152;13671;15190;16709;18228;19747;21266;22785;24304;25823;27342;28861;30380;31899;33418;34937;36456;37975;39494;41013;42532;44051;45570;47089;48608;50127;51646;53165;54684;56203;57722;59241;60760;62279;63798;65317;66836;68355;69874,1.519;3.038;4.557;6.076;7.595;9.114;10.633;12.152;13.671;15.19;16.709;18.228;19.747;21.266;22.785;24.304;25.823;27.342;28.861;30.38;31.899;33.418;34.937;36.456;37.975;39.494;41.013;42.532;44.051;45.57;47.089;48.608;50.127;51.646;53.165;54.684;56.203;57.722;59.241;60.7599999999;62.2789999999;63.7979999999;65.3169999999;66.836;68.355;69.874,shinbrotPaperBisection;shinbrotPaperBisection;shinbrotPaperBisection;shinbrotPaperBisection;shinbrotPaperBisection;shinbrotPaperBisection;shinbrotPaperBisection;shinbrotPaperBisection;shinbrotPaperBisection;shinbrotPaperBisection;shinbrotPaperBisection;shinbrotPaperBisection;shinbrotPaperBisection;shinbrotPaperBisection;shinbrotPaperBisection;shinbrotPaperBisection;shinbrotPaperBisection;shinbrotPaperBisection;shinbrotPaperBisection;shinbrotPaperBisection;shinbrotPaperBisection;shinbrotPaperBisection;shinbrotPaperBisection;shinbrotPaperBisection;shinbrotPaperBisection;shinbrotPaperBisection;shinbrotPaperBisection;shinbrotPaperBisection;shinbrotPaperBisection;shinbrotPaperBisection;shinbrotPaperBisection;shinbrotPaperBisection;shinbrotPaperBisection;shinbrotPaperBisection;shinbrotPaperBisection;shinbrotPaperBisection;shinbrotPaperBisection;shinbrotPaperBisection;shinbrotPaperBisection;shinbrotPaperBisection;shinbrotPaperBisection;shinbrotPaperBisection;shinbrotPaperBisection;shinbrotPaperBisection;shinbrotPaperBisection;shinbrotPaperBisection,0.0998713999987;NaN;-0.090810161829;0.050848993659;-0.0917019300163;-0.0947901517153;-0.0415980398655;-0.0455523073673;0.096752949059;-0.0323404490948;-0.000238414760679;-0.0536207616329;-0.058904248476;0.0533438891172;0.0197638720274;0.0232696682215;0.00283166915178;-0.00069552604109;-0.0947614610195;0.055027192831;0.025229890272;-0.0224686443806;0.0954398341477;0.0442957133055;-0.0281158991507;0.0765311539173;-0.070195120573;0.0405162751675;-0.0386119186878;-0.000347417593002;0.059456807375;-0.0861466228962;0.0302448689938;0.0445569604635;0.0153045028448;0.097969837673;0.0462233699858;-0.0539637420326;0.0579278618097;0.0822204038501;-0.0714513212442;0.0999928416626;0.0563422116451;-0.0826741874218;-0.0353475391865;0.0611142218113,1519,meanReturnCycleMatched,1.00026818778561,4.33518250809929,9.39381749190071,11.6663030768058,26.921,0,0,1,0,accepted-crossing limit exhausted,148.5448056
0.1,5,197005,paperCycleCadenceRetargetMode,shinbrotPaperBisection,0,NaN,60,11,NaN,39748,0.0865456722676754,-0.0790945082902908,0.0865456722677;-0.0790564447641;0.0226972728968;0.0732745930552;0.0955294549465;0.0595868235454;0.00699083954096;-0.087486821413;0.0488379079849;0.0778851300478;0.0652684658766;-0.0529127083719;0.0971477605402;-0.0713803082705;0.0142288710922;0.0802120298147;0.00844792425632;-0.0365582764149;-0.00524392053485;0.0847229897976;-0.0277531802654;0.0923387911171;-0.0790945082903,1,1,shinbrotPaperBisection,0.0865456722676754,3,27,27,26,4,1;1;3;5;9;11;15;15;16;16;20;24;28;29;35;38;39;44;46;47;52;54;54;56;58;58,1519;3038;4557;6076;7595;9114;10633;12152;13671;15190;16709;18228;19747;21266;22785;24304;25823;27342;28861;30380;31899;33418;34937;36456;37975;39494,1.519;3.038;4.557;6.076;7.595;9.114;10.633;12.152;13.671;15.19;16.709;18.228;19.747;21.266;22.785;24.304;25.823;27.342;28.861;30.38;31.899;33.418;34.937;36.456;37.975;39.494,shinbrotPaperBisection;shinbrotPaperBisection;shinbrotPaperBisection;shinbrotPaperBisection;shinbrotPaperBisection;shinbrotPaperBisection;shinbrotPaperBisection;shinbrotPaperBisection;shinbrotPaperBisection;shinbrotPaperBisection;shinbrotPaperBisection;shinbrotPaperBisection;shinbrotPaperBisection;shinbrotPaperBisection;shinbrotPaperBisection;shinbrotPaperBisection;shinbrotPaperBisection;shinbrotPaperBisection;shinbrotPaperBisection;shinbrotPaperBisection;shinbrotPaperBisection;shinbrotPaperBisection;shinbrotPaperBisection;shinbrotPaperBisection;shinbrotPaperBisection;shinbrotPaperBisection,-0.0790564447641;0.0226972728968;0.0732745930552;0.0955294549465;0.0595868235454;0.00699083954096;-0.087486821413;0.0488379079849;0.0778851300478;0.0652684658766;-0.0529127083719;0.0971477605402;-0.0713803082705;NaN;NaN;0.0142288710922;0.0802120298147;NaN;NaN;0.00844792425632;-0.0365582764149;-0.00524392053485;0.0847229897976;-0.0277531802654;0.0923387911171;-0.0790945082903,1519,meanReturnCycleMatched,1.00026818778561,3.94179316784987,9.78720683215013,12.585017469679,26.921,0,0,1,0,accepted-crossing limit exhausted,87.2685287
0.1,6,197006,paperCycleCadenceRetargetMode,shinbrotPaperBisection,1,7,7,4,8.58958357450938,8590,0.0865456722676754,0.0938350182026624,0.0865456722677;0.028900751844;-0.00384059548378;0.0998866678216;-0.0226829960942;0.0938350182027,1,1,shinbrotPaperBisection,0.0865456722676754,3,6,6,5,0,1;2;4;5;6,1519;3038;4557;6076;7595,1.519;3.038;4.557;6.076;7.595,shinbrotPaperBisection;shinbrotPaperBisection;shinbrotPaperBisection;shinbrotPaperBisection;shinbrotPaperBisection,0.028900751844;-0.00384059548378;0.0998866678216;-0.0226829960942;0.0938350182027,1519,meanReturnCycleMatched,1.00026818778561,0.00787796001602281,13.736877960016,19.2382128206214,26.921,0,0,0,0,,20.1264342
0.1,7,197007,paperCycleCadenceRetargetMode,shinbrotPaperBisection,0,NaN,60,76,NaN,95042,0.0865456722676754,-0.0682203948497772,0.0865456722677;-0.0947795420885;0.0645436704159;0.0915486395359;-0.0799802839756;0.0253681749105;-0.0244455717504;-0.0998932221904;-0.0446606099606;0.0101412804797;0.0900842435658;0.0117878707126;-0.0725080102682;0.0731565045193;-0.0162496030331;-0.0686398178339;-0.072811421752;-0.000633780658245;0.0940039105713;0.0895219244063;-0.0902930438519;0.0961326958612;0.0615289419889;-0.0231417790055;0.081264998368;0.028955796361;0.0060964435339;0.0648167535663;-0.0304614201188;-0.0802125394344;-0.0750325709581;-0.0303669080138;0.0566309131682;-0.0875676095486;-0.00159327536821;0.00309055447578;0.0103995651007;-0.0443694770336;0.0981943465769;-0.0207883939147;-0.0736697383225;0.0415665537119;-0.0454542871565;0.0845633357763;0.0721438320354;-0.0645718514919;-0.0919101387262;-0.0487700935453;-0.0226062163711;-0.0184099853039;0.0957676094025;-0.0645443975925;0.0689857810736;0.0530117146671;0.0997041200171;-0.00778091549873;-0.0815516725183;-0.0466218292713;0.0580106563866;0.0158661454916;0.0774363310753;-0.0682203948498,1,1,shinbrotPaperBisection,0.0865456722676754,3,63,63,62,1,0;3;3;3;3;6;6;6;6;9;11;14;15;17;17;17;17;18;18;20;20;20;22;24;27;27;28;28;30;32;33;33;34;35;35;35;36;36;36;38;40;40;40;40;41;44;44;47;51;53;53;54;55;55;55;55;56;56;56;56;56;57,1519;3038;4557;6076;7595;9114;10633;12152;13671;15190;16709;18228;19747;21266;22785;24304;25823;27342;28861;30380;31899;33418;34937;36456;37975;39494;41013;42532;44051;45570;47089;48608;50127;51646;53165;54684;56203;57722;59241;60760;62279;63798;65317;66836;68355;69874;71393;72912;74431;75950;77469;78988;80507;82026;83545;85064;86583;88102;89621;91140;92659;94178,1.519;3.038;4.557;6.076;7.595;9.114;10.633;12.152;13.671;15.19;16.709;18.228;19.747;21.266;22.785;24.304;25.823;27.342;28.861;30.38;31.899;33.418;34.937;36.456;37.975;39.494;41.013;42.532;44.051;45.57;47.089;48.608;50.127;51.646;53.165;54.684;56.203;57.722;59.241;60.7599999999;62.2789999999;63.7979999999;65.3169999999;66.836;68.355;69.874;71.393;72.912;74.431;75.95;77.469;78.988;80.507;82.026;83.545;85.064;86.583;88.1020000001;89.6210000001;91.1400000001;92.6590000001;94.1780000001,shinbrotPaperBisection;shinbrotPaperBisection;shinbrotPaperBisection;shinbrotPaperBisection;shinbrotPaperBisection;shinbrotPaperBisection;shinbrotPaperBisection;shinbrotPaperBisection;shinbrotPaperBisection;shinbrotPaperBisection;shinbrotPaperBisection;shinbrotPaperBisection;shinbrotPaperBisection;shinbrotPaperBisection;shinbrotPaperBisection;shinbrotPaperBisection;shinbrotPaperBisection;shinbrotPaperBisection;shinbrotPaperBisection;shinbrotPaperBisection;shinbrotPaperBisection;shinbrotPaperBisection;shinbrotPaperBisection;shinbrotPaperBisection;shinbrotPaperBisection;shinbrotPaperBisection;shinbrotPaperBisection;shinbrotPaperBisection;shinbrotPaperBisection;shinbrotPaperBisection;shinbrotPaperBisection;shinbrotPaperBisection;shinbrotPaperBisection;shinbrotPaperBisection;shinbrotPaperBisection;shinbrotPaperBisection;shinbrotPaperBisection;shinbrotPaperBisection;shinbrotPaperBisection;shinbrotPaperBisection;shinbrotPaperBisection;shinbrotPaperBisection;shinbrotPaperBisection;shinbrotPaperBisection;shinbrotPaperBisection;shinbrotPaperBisection;shinbrotPaperBisection;shinbrotPaperBisection;shinbrotPaperBisection;shinbrotPaperBisection;shinbrotPaperBisection;shinbrotPaperBisection;shinbrotPaperBisection;shinbrotPaperBisection;shinbrotPaperBisection;shinbrotPaperBisection;shinbrotPaperBisection;shinbrotPaperBisection;shinbrotPaperBisection;shinbrotPaperBisection;shinbrotPaperBisection;shinbrotPaperBisection,-0.0947795420885;0.0645436704159;0.0915486395359;-0.0799802839756;0.0253681749105;-0.0244455717504;-0.0998932221904;-0.0446606099606;0.0101412804797;0.0900842435658;0.0117878707126;-0.0725080102682;0.0731565045193;-0.0162496030331;-0.0686398178339;-0.072811421752;-0.000633780658245;0.0940039105713;0.0895219244063;-0.0902930438519;0.0961326958612;0.0615289419889;-0.0231417790055;0.081264998368;0.028955796361;0.0060964435339;0.0648167535663;-0.0304614201188;-0.0802125394344;-0.0750325709581;-0.0303669080138;0.0566309131682;-0.0875676095486;-0.00159327536821;0.00309055447578;0.0103995651007;-0.0443694770336;0.0981943465769;-0.0207883939147;-0.0736697383225;0.0415665537119;-0.0454542871565;0.0845633357763;0.0721438320354;-0.0645718514919;NaN;-0.0919101387262;-0.0487700935453;-0.0226062163711;-0.0184099853039;0.0957676094025;-0.0645443975925;0.0689857810736;0.0530117146671;0.0997041200171;-0.00778091549873;-0.0815516725183;-0.0466218292713;0.0580106563866;0.0158661454916;0.0774363310753;-0.0682203948498,1519,meanReturnCycleMatched,1.00026818778561,1.25844320148968,12.4705567985103,14.2857923073252,26.921,0,0,1,0,accepted-crossing limit exhausted,217.0619733
0.1,8,197008,paperCycleCadenceRetargetMode,shinbrotPaperBisection,1,55,55,50,84.2848640329057,84285,0.0865456722676754,8.44215275719762e-05,0.0865456722677;-0.0511038124561;0.0603486478329;0.077497588098;-0.0518775075674;0.0240479052067;0.0944046769291;-0.085952860117;0.099932076782;-0.0156118571758;0.0591585099697;0.0256720673293;-0.0751181354746;0.0554515182972;-0.00606493353844;-0.0488212527707;0.0719759081956;-0.0921638824046;0.0296378262341;0.0974927912466;0.00135133117437;0.00391006916761;-0.0165333107114;0.0344533532858;-0.049386641942;0.00670948326588;0.0482972890139;-0.0877610594034;0.0677056342363;0.011671641469;-0.00548334345222;-0.0246769323945;-0.0157780215144;-0.0803824484348;-0.0902888715267;0.0975969961379;0.0445419572294;0.0750367686152;-0.0382154613733;0.0334063358605;0.051313637197;-0.032499140501;0.0457315567881;-0.0840515345335;-0.0721959531307;-0.088793951273;0.00777947306633;0.074713941291;0.0704054176807;-0.0186424434185;8.4421527572e-05,1,1,shinbrotPaperBisection,0.0865456722676754,3,56,56,55,5,2;2;3;3;6;8;9;10;10;11;12;13;13;13;13;13;15;16;17;17;17;17;18;18;20;21;22;22;23;23;26;26;28;30;31;31;32;32;34;35;36;36;38;38;40;43;44;44;46;47;48;48;50;51;51,1519;3038;4557;6076;7595;9114;10633;12152;13671;15190;16709;18228;19747;21266;22785;24304;25823;27342;28861;30380;31899;33418;34937;36456;37975;39494;41013;42532;44051;45570;47089;48608;50127;51646;53165;54684;56203;57722;59241;60760;62279;63798;65317;66836;68355;69874;71393;72912;74431;75950;77469;78988;80507;82026;83545,1.519;3.038;4.557;6.076;7.595;9.114;10.633;12.152;13.671;15.19;16.709;18.228;19.747;21.266;22.785;24.304;25.823;27.342;28.861;30.38;31.899;33.418;34.937;36.456;37.975;39.494;41.013;42.532;44.051;45.57;47.089;48.608;50.127;51.646;53.165;54.684;56.203;57.722;59.241;60.7599999999;62.2789999999;63.7979999999;65.3169999999;66.836;68.355;69.874;71.393;72.912;74.431;75.95;77.469;78.988;80.507;82.026;83.545,shinbrotPaperBisection;shinbrotPaperBisection;shinbrotPaperBisection;shinbrotPaperBisection;shinbrotPaperBisection;shinbrotPaperBisection;shinbrotPaperBisection;shinbrotPaperBisection;shinbrotPaperBisection;shinbrotPaperBisection;shinbrotPaperBisection;shinbrotPaperBisection;shinbrotPaperBisection;shinbrotPaperBisection;shinbrotPaperBisection;shinbrotPaperBisection;shinbrotPaperBisection;shinbrotPaperBisection;shinbrotPaperBisection;shinbrotPaperBisection;shinbrotPaperBisection;shinbrotPaperBisection;shinbrotPaperBisection;shinbrotPaperBisection;shinbrotPaperBisection;shinbrotPaperBisection;shinbrotPaperBisection;shinbrotPaperBisection;shinbrotPaperBisection;shinbrotPaperBisection;shinbrotPaperBisection;shinbrotPaperBisection;shinbrotPaperBisection;shinbrotPaperBisection;shinbrotPaperBisection;shinbrotPaperBisection;shinbrotPaperBisection;shinbrotPaperBisection;shinbrotPaperBisection;shinbrotPaperBisection;shinbrotPaperBisection;shinbrotPaperBisection;shinbrotPaperBisection;shinbrotPaperBisection;shinbrotPaperBisection;shinbrotPaperBisection;shinbrotPaperBisection;shinbrotPaperBisection;shinbrotPaperBisection;shinbrotPaperBisection;shinbrotPaperBisection;shinbrotPaperBisection;shinbrotPaperBisection;shinbrotPaperBisection;shinbrotPaperBisection,-0.0511038124561;0.0603486478329;0.077497588098;-0.0518775075674;0.0240479052067;0.0944046769291;-0.085952860117;0.099932076782;-0.0156118571758;0.0591585099697;0.0256720673293;-0.0751181354746;0.0554515182972;-0.00606493353844;-0.0488212527707;0.0719759081956;-0.0921638824046;0.0296378262341;0.0974927912466;0.00135133117437;0.00391006916761;-0.0165333107114;0.0344533532858;-0.049386641942;0.00670948326588;0.0482972890139;-0.0877610594034;NaN;NaN;NaN;0.0677056342363;0.011671641469;-0.00548334345222;-0.0246769323945;-0.0157780215144;-0.0803824484348;-0.0902888715267;0.0975969961379;0.0445419572294;0.0750367686152;-0.0382154613733;0.0334063358605;0.051313637197;-0.032499140501;0.0457315567881;-0.0840515345335;-0.0721959531307;-0.088793951273;0.00777947306633;0.074713941291;0.0704054176807;NaN;-0.0186424434185;8.4421527572e-05;NaN,1519,meanReturnCycleMatched,1.00026818778561,0.00713652152574973,13.7361365215257,17.8085198869019,26.921,0,0,0,0,,183.6585348
0.1,9,197009,paperCycleCadenceRetargetMode,shinbrotPaperBisection,1,12,12,24,19.7890835930125,19790,0.0865456722676754,-0.00283320546150208,0.0865456722677;0.0953142336941;-0.0997381908819;-0.0802884280682;-0.00865665078163;0.0311994500458;0.00435964167118;-0.0419691845775;-0.0629520207644;-0.0356369152665;-0.050607329607;0.0520835235715;-0.00449494719505;-0.0028332054615,1,1,shinbrotPaperBisection,0.0865456722676754,3,14,14,13,0,3;6;7;8;8;8;8;9;9;9;9;9;11,1519;3038;4557;6076;7595;9114;10633;12152;13671;15190;16709;18228;19747,1.519;3.038;4.557;6.076;7.595;9.114;10.633;12.152;13.671;15.19;16.709;18.228;19.747,shinbrotPaperBisection;shinbrotPaperBisection;shinbrotPaperBisection;shinbrotPaperBisection;shinbrotPaperBisection;shinbrotPaperBisection;shinbrotPaperBisection;shinbrotPaperBisection;shinbrotPaperBisection;shinbrotPaperBisection;shinbrotPaperBisection;shinbrotPaperBisection;shinbrotPaperBisection,0.0953142336941;-0.0997381908819;-0.0802884280682;-0.00865665078163;0.0311994500458;0.00435964167118;-0.0419691845775;-0.0629520207644;-0.0356369152665;-0.050607329607;0.0520835235715;-0.00449494719505;-0.0028332054615,1519,meanReturnCycleMatched,1.00026818778561,0.00455085152609769,13.7244491484739,19.7572950397602,26.921,0,0,0,0,,52.10863
0.1,10,197010,paperCycleCadenceRetargetMode,shinbrotPaperBisection,0,NaN,60,57,NaN,86750,0.0865456722676754,0.0279865443706512,0.0865456722677;-0.0624956249041;0.0175782650709;0.0468178107694;-0.00594156384468;0.0983617497608;-0.0330942943692;0.0751378069166;-0.0985170474276;0.0947169408202;-0.0221445903182;-0.0813823074102;-0.00270145535469;0.0958318144083;0.0519277654588;-0.0997542152181;-0.0338269665837;-0.0605814874172;0.0470225896686;0.0167077749968;0.0924976035953;0.0348336428404;0.0749815197429;-0.0874332875013;-0.0845067083836;-0.0157478526235;-0.00490991733968;0.0330371052027;-0.0746591866016;0.0923232704401;-0.0329687297344;0.0122152119875;0.0783253813628;-0.0243333756924;-0.0455227673054;0.0429192960262;0.0134526878595;0.0858426272869;0.0236671669409;0.0756566327065;-0.0539362095296;0.0251188218594;-0.0234773203731;0.0397433362901;-0.0874501764774;-0.055559104681;0.0973173721926;-0.0767951786518;0.0698361724615;0.0467772811651;0.0830467283726;-0.0240106523037;-0.0806106373668;-0.0102984726429;0.0459003776312;0.0279865443707,1,1,shinbrotPaperBisection,0.0865456722676754,3,58,58,57,2,3;3;4;4;4;4;5;6;6;7;10;10;10;11;14;14;17;17;19;20;22;22;24;26;29;30;34;35;39;41;42;42;42;42;42;42;42;43;44;45;45;46;46;49;49;50;50;53;55;56;57;57;57;57;58;59;59,1519;3038;4557;6076;7595;9114;10633;12152;13671;15190;16709;18228;19747;21266;22785;24304;25823;27342;28861;30380;31899;33418;34937;36456;37975;39494;41013;42532;44051;45570;47089;48608;50127;51646;53165;54684;56203;57722;59241;60760;62279;63798;65317;66836;68355;69874;71393;72912;74431;75950;77469;78988;80507;82026;83545;85064;86583,1.519;3.038;4.557;6.076;7.595;9.114;10.633;12.152;13.671;15.19;16.709;18.228;19.747;21.266;22.785;24.304;25.823;27.342;28.861;30.38;31.899;33.418;34.937;36.456;37.975;39.494;41.013;42.532;44.051;45.57;47.089;48.608;50.127;51.646;53.165;54.684;56.203;57.722;59.241;60.7599999999;62.2789999999;63.7979999999;65.3169999999;66.836;68.355;69.874;71.393;72.912;74.431;75.95;77.469;78.988;80.507;82.026;83.545;85.064;86.583,shinbrotPaperBisection;shinbrotPaperBisection;shinbrotPaperBisection;shinbrotPaperBisection;shinbrotPaperBisection;shinbrotPaperBisection;shinbrotPaperBisection;shinbrotPaperBisection;shinbrotPaperBisection;shinbrotPaperBisection;shinbrotPaperBisection;shinbrotPaperBisection;shinbrotPaperBisection;shinbrotPaperBisection;shinbrotPaperBisection;shinbrotPaperBisection;shinbrotPaperBisection;shinbrotPaperBisection;shinbrotPaperBisection;shinbrotPaperBisection;shinbrotPaperBisection;shinbrotPaperBisection;shinbrotPaperBisection;shinbrotPaperBisection;shinbrotPaperBisection;shinbrotPaperBisection;shinbrotPaperBisection;shinbrotPaperBisection;shinbrotPaperBisection;shinbrotPaperBisection;shinbrotPaperBisection;shinbrotPaperBisection;shinbrotPaperBisection;shinbrotPaperBisection;shinbrotPaperBisection;shinbrotPaperBisection;shinbrotPaperBisection;shinbrotPaperBisection;shinbrotPaperBisection;shinbrotPaperBisection;shinbrotPaperBisection;shinbrotPaperBisection;shinbrotPaperBisection;shinbrotPaperBisection;shinbrotPaperBisection;shinbrotPaperBisection;shinbrotPaperBisection;shinbrotPaperBisection;shinbrotPaperBisection;shinbrotPaperBisection;shinbrotPaperBisection;shinbrotPaperBisection;shinbrotPaperBisection;shinbrotPaperBisection;shinbrotPaperBisection;shinbrotPaperBisection;shinbrotPaperBisection,-0.0624956249041;0.0175782650709;0.0468178107694;-0.00594156384468;0.0983617497608;-0.0330942943692;0.0751378069166;-0.0985170474276;0.0947169408202;-0.0221445903182;-0.0813823074102;-0.00270145535469;0.0958318144083;0.0519277654588;-0.0997542152181;-0.0338269665837;-0.0605814874172;0.0470225896686;0.0167077749968;0.0924976035953;0.0348336428404;0.0749815197429;-0.0874332875013;-0.0845067083836;NaN;-0.0157478526235;-0.00490991733968;0.0330371052027;-0.0746591866016;0.0923232704401;-0.0329687297344;0.0122152119875;0.0783253813628;-0.0243333756924;-0.0455227673054;0.0429192960262;0.0134526878595;0.0858426272869;0.0236671669409;0.0756566327065;-0.0539362095296;0.0251188218594;-0.0234773203731;0.0397433362901;-0.0874501764774;-0.055559104681;0.0973173721926;-0.0767951786518;0.0698361724615;0.0467772811651;0.0830467283726;-0.0240106523037;NaN;-0.0806106373668;-0.0102984726429;0.0459003776312;0.0279865443707,1519,meanReturnCycleMatched,1.00026818778561,2.62127412923243,11.1077258707676,15.2592909759272,26.921,0,0,1,0,accepted-crossing limit exhausted,170.856716
0.15,1,198001,paperCycleCadenceRetargetMode,shinbrotPaperBisection,0,NaN,60,45,NaN,74136,0.0865456722676754,0.0269574336707592,0.0865456722677;0.0959000334144;-0.0778541978449;0.0372932493687;-0.00239230766892;-0.0950011193752;0.090140286088;0.0991411717609;0.050346352905;0.0960659841076;-0.0271092578769;-0.0450227729976;0.000286036729813;-0.00654785037041;-0.0215202391148;0.0847447663546;0.00194564536214;-0.0586303293705;-0.0628686010838;0.071434200136;-0.0581902801991;0.0121616435237;0.0996857957914;0.0796071261168;0.0666340276599;-0.0661672443151;-0.0849692191929;-0.0919027507305;-0.043213352561;0.0769353223965;-0.0767781568691;-0.00582126923837;-0.0741895467043;0.0380073362961;0.0469029743224;-0.0249331891537;0.0308197073638;-0.0929769270122;-0.0968242757022;0.00314651019871;-0.0746036678553;-0.000554782431573;0.0681156605482;-0.0380479037762;-0.0602509312332;0.0533339075744;0.0991916697472;0.0269574336708,1,1,shinbrotPaperBisection,0.0865456722676754,3,49,49,48,1,2;2;3;6;6;11;12;12;14;14;15;15;17;18;18;19;19;19;22;22;23;24;25;26;27;27;30;30;30;30;30;30;30;33;35;36;37;37;37;40;41;45;45;47;48;52;52;54,1519;3038;4557;6076;7595;9114;10633;12152;13671;15190;16709;18228;19747;21266;22785;24304;25823;27342;28861;30380;31899;33418;34937;36456;37975;39494;41013;42532;44051;45570;47089;48608;50127;51646;53165;54684;56203;57722;59241;60760;62279;63798;65317;66836;68355;69874;71393;72912,1.519;3.038;4.557;6.076;7.595;9.114;10.633;12.152;13.671;15.19;16.709;18.228;19.747;21.266;22.785;24.304;25.823;27.342;28.861;30.38;31.899;33.418;34.937;36.456;37.975;39.494;41.013;42.532;44.051;45.57;47.089;48.608;50.127;51.646;53.165;54.684;56.203;57.722;59.241;60.7599999999;62.2789999999;63.7979999999;65.3169999999;66.836;68.355;69.874;71.393;72.912,shinbrotPaperBisection;shinbrotPaperBisection;shinbrotPaperBisection;shinbrotPaperBisection;shinbrotPaperBisection;shinbrotPaperBisection;shinbrotPaperBisection;shinbrotPaperBisection;shinbrotPaperBisection;shinbrotPaperBisection;shinbrotPaperBisection;shinbrotPaperBisection;shinbrotPaperBisection;shinbrotPaperBisection;shinbrotPaperBisection;shinbrotPaperBisection;shinbrotPaperBisection;shinbrotPaperBisection;shinbrotPaperBisection;shinbrotPaperBisection;shinbrotPaperBisection;shinbrotPaperBisection;shinbrotPaperBisection;shinbrotPaperBisection;shinbrotPaperBisection;shinbrotPaperBisection;shinbrotPaperBisection;shinbrotPaperBisection;shinbrotPaperBisection;shinbrotPaperBisection;shinbrotPaperBisection;shinbrotPaperBisection;shinbrotPaperBisection;shinbrotPaperBisection;shinbrotPaperBisection;shinbrotPaperBisection;shinbrotPaperBisection;shinbrotPaperBisection;shinbrotPaperBisection;shinbrotPaperBisection;shinbrotPaperBisection;shinbrotPaperBisection;shinbrotPaperBisection;shinbrotPaperBisection;shinbrotPaperBisection;shinbrotPaperBisection;shinbrotPaperBisection;shinbrotPaperBisection,0.0959000334144;-0.0778541978449;0.0372932493687;-0.00239230766892;-0.0950011193752;0.090140286088;0.0991411717609;0.050346352905;0.0960659841076;-0.0271092578769;-0.0450227729976;0.000286036729813;-0.00654785037041;-0.0215202391148;0.0847447663546;0.00194564536214;-0.0586303293705;-0.0628686010838;0.071434200136;-0.0581902801991;0.0121616435237;0.0996857957914;0.0796071261168;0.0666340276599;-0.0661672443151;-0.0849692191929;-0.0919027507305;-0.043213352561;0.0769353223965;-0.0767781568691;-0.00582126923837;-0.0741895467043;0.0380073362961;0.0469029743224;-0.0249331891537;0.0308197073638;-0.0929769270122;-0.0968242757022;0.00314651019871;-0.0746036678553;-0.000554782431573;0.0681156605482;-0.0380479037762;NaN;-0.0602509312332;0.0533339075744;0.0991916697472;0.0269574336708,1519,meanReturnCycleMatched,1.00026818778561,1.23769495687438,12.4913050431256,14.7978611785679,26.921,0,0,1,0,accepted-crossing limit exhausted,170.9777292
0.15,2,198002,paperCycleCadenceRetargetMode,shinbrotPaperBisection,0,NaN,60,99,NaN,102474,0.0865456722676754,0.0862982779741287,0.0865456722677;-0.0418673574924;-0.0373421013355;-0.0750491559505;-0.0893653765321;-0.0648960053921;-0.0983725249767;-0.0985414817929;0.0798693105578;-0.0518618881702;-0.0491316616535;-0.078356602788;-0.0501385374926;0.0332309752703;0.0488372076303;-0.0965668186545;0.0549850650132;0.0735880276188;0.0843215286732;-0.049472373724;-0.0587774090469;-0.0948868215084;-0.0380549564958;0.0867024242878;-0.0390287339687;0.0108198612928;-0.0840461194515;-0.0365102827549;-0.033185261488;0.0114764302969;-0.0762287911028;-0.033179910481;-0.0980309143662;0.00844468474388;-0.00428045466542;-0.0250868022442;0.0334807127714;-0.0579541362822;0.0463624361902;-0.0914597190917;0.0477392325178;-0.0597761571407;0.0691462099552;-0.0430130422115;-0.0777662694454;0.093006959185;0.0627137005329;0.0985578870634;0.0927552264184;-0.0163991108537;0.0275723036379;0.0229425758123;-0.0380526959896;0.0931791175157;0.0250836070627;0.086135135591;-0.0841926604509;0.0699612796307;-0.0313332483172;-0.0862861007452;-0.0747426688671;-0.0571840368211;0.0991581626236;0.092735253647;-0.0468630373478;0.0862982779741,1,1,shinbrotPaperBisection,0.0865456722676754,3,68,68,67,2,2;2;5;9;9;10;11;12;13;16;23;24;24;26;26;27;27;28;31;32;32;32;32;34;34;34;34;34;34;35;36;36;37;39;41;43;43;44;44;44;46;46;48;48;48;48;48;48;49;52;52;52;52;52;53;53;54;55;55;56;56;57;57;58;58;59;59,1519;3038;4557;6076;7595;9114;10633;12152;13671;15190;16709;18228;19747;21266;22785;24304;25823;27342;28861;30380;31899;33418;34937;36456;37975;39494;41013;42532;44051;45570;47089;48608;50127;51646;53165;54684;56203;57722;59241;60760;62279;63798;65317;66836;68355;69874;71393;72912;74431;75950;77469;78988;80507;82026;83545;85064;86583;88102;89621;91140;92659;94178;95697;97216;98735;100254;101773,1.519;3.038;4.557;6.076;7.595;9.114;10.633;12.152;13.671;15.19;16.709;18.228;19.747;21.266;22.785;24.304;25.823;27.342;28.861;30.38;31.899;33.418;34.937;36.456;37.975;39.494;41.013;42.532;44.051;45.57;47.089;48.608;50.127;51.646;53.165;54.684;56.203;57.722;59.241;60.7599999999;62.2789999999;63.7979999999;65.3169999999;66.836;68.355;69.874;71.393;72.912;74.431;75.95;77.469;78.988;80.507;82.026;83.545;85.064;86.583;88.1020000001;89.6210000001;91.1400000001;92.6590000001;94.1780000001;95.6970000001;97.2160000001;98.7350000001;100.254;101.773,shinbrotPaperBisection;shinbrotPaperBisection;shinbrotPaperBisection;shinbrotPaperBisection;shinbrotPaperBisection;shinbrotPaperBisection;shinbrotPaperBisection;shinbrotPaperBisection;shinbrotPaperBisection;shinbrotPaperBisection;shinbrotPaperBisection;shinbrotPaperBisection;shinbrotPaperBisection;shinbrotPaperBisection;shinbrotPaperBisection;shinbrotPaperBisection;shinbrotPaperBisection;shinbrotPaperBisection;shinbrotPaperBisection;shinbrotPaperBisection;shinbrotPaperBisection;shinbrotPaperBisection;shinbrotPaperBisection;shinbrotPaperBisection;shinbrotPaperBisection;shinbrotPaperBisection;shinbrotPaperBisection;shinbrotPaperBisection;shinbrotPaperBisection;shinbrotPaperBisection;shinbrotPaperBisection;shinbrotPaperBisection;shinbrotPaperBisection;shinbrotPaperBisection;shinbrotPaperBisection;shinbrotPaperBisection;shinbrotPaperBisection;shinbrotPaperBisection;shinbrotPaperBisection;shinbrotPaperBisection;shinbrotPaperBisection;shinbrotPaperBisection;shinbrotPaperBisection;shinbrotPaperBisection;shinbrotPaperBisection;shinbrotPaperBisection;shinbrotPaperBisection;shinbrotPaperBisection;shinbrotPaperBisection;shinbrotPaperBisection;shinbrotPaperBisection;shinbrotPaperBisection;shinbrotPaperBisection;shinbrotPaperBisection;shinbrotPaperBisection;shinbrotPaperBisection;shinbrotPaperBisection;shinbrotPaperBisection;shinbrotPaperBisection;shinbrotPaperBisection;shinbrotPaperBisection;shinbrotPaperBisection;shinbrotPaperBisection;shinbrotPaperBisection;shinbrotPaperBisection;shinbrotPaperBisection;shinbrotPaperBisection,-0.0418673574924;-0.0373421013355;NaN;-0.0750491559505;-0.0893653765321;-0.0648960053921;-0.0983725249767;-0.0985414817929;0.0798693105578;-0.0518618881702;-0.0491316616535;-0.078356602788;-0.0501385374926;0.0332309752703;0.0488372076303;-0.0965668186545;0.0549850650132;0.0735880276188;0.0843215286732;-0.049472373724;-0.0587774090469;-0.0948868215084;-0.0380549564958;0.0867024242878;-0.0390287339687;0.0108198612928;-0.0840461194515;-0.0365102827549;-0.033185261488;0.0114764302969;-0.0762287911028;-0.033179910481;-0.0980309143662;0.00844468474388;-0.00428045466542;-0.0250868022442;0.0334807127714;-0.0579541362822;0.0463624361902;NaN;-0.0914597190917;0.0477392325178;-0.0597761571407;0.0691462099552;-0.0430130422115;-0.0777662694454;0.093006959185;0.0627137005329;0.0985578870634;0.0927552264184;-0.0163991108537;0.0275723036379;0.0229425758123;-0.0380526959896;0.0931791175157;0.0250836070627;0.086135135591;-0.0841926604509;0.0699612796307;-0.0313332483172;-0.0862861007452;-0.0747426688671;-0.0571840368211;0.0991581626236;0.092735253647;-0.0468630373478;0.0862982779741,1519,meanReturnCycleMatched,1.00026818778561,0.352967533278138,13.3760324667219,16.9423302568304,26.921,0,0,1,0,accepted-crossing limit exhausted,222.4818106
0.15,3,198003,paperCycleCadenceRetargetMode,shinbrotPaperBisection,1,38,38,32,54.5100241842675,54511,0.0865456722676754,-0.047251495718956,0.0865456722677;0.0598389526829;0.069340544939;-0.070761090517;0.0310600064695;-0.00833862870932;-0.0965474188328;-0.0828872352839;0.0957268128172;-0.0486796215177;0.0933925937861;0.00145229250193;-0.0517683804035;-0.041514390707;-0.0727374341339;-0.0152688667178;-0.00594283491373;0.075385133177;0.0520757354796;0.0984269056469;0.0966011818498;0.0969041496515;-0.0783050905913;-0.090487664938;0.0605291545391;0.00609849095345;-0.0589168347418;-0.0506045304239;-0.0143124043941;-0.0898287951946;-0.037209443748;0.0178522974253;0.0126756279729;-0.0999665668933;-0.0697968423367;-0.047251495719,1,1,shinbrotPaperBisection,0.0865456722676754,3,36,36,35,0,1;3;5;5;6;6;6;6;7;10;11;11;14;14;16;17;18;19;20;21;21;22;24;24;24;24;24;25;26;27;27;29;31;33;36,1519;3038;4557;6076;7595;9114;10633;12152;13671;15190;16709;18228;19747;21266;22785;24304;25823;27342;28861;30380;31899;33418;34937;36456;37975;39494;41013;42532;44051;45570;47089;48608;50127;51646;53165,1.519;3.038;4.557;6.076;7.595;9.114;10.633;12.152;13.671;15.19;16.709;18.228;19.747;21.266;22.785;24.304;25.823;27.342;28.861;30.38;31.899;33.418;34.937;36.456;37.975;39.494;41.013;42.532;44.051;45.57;47.089;48.608;50.127;51.646;53.165,shinbrotPaperBisection;shinbrotPaperBisection;shinbrotPaperBisection;shinbrotPaperBisection;shinbrotPaperBisection;shinbrotPaperBisection;shinbrotPaperBisection;shinbrotPaperBisection;shinbrotPaperBisection;shinbrotPaperBisection;shinbrotPaperBisection;shinbrotPaperBisection;shinbrotPaperBisection;shinbrotPaperBisection;shinbrotPaperBisection;shinbrotPaperBisection;shinbrotPaperBisection;shinbrotPaperBisection;shinbrotPaperBisection;shinbrotPaperBisection;shinbrotPaperBisection;shinbrotPaperBisection;shinbrotPaperBisection;shinbrotPaperBisection;shinbrotPaperBisection;shinbrotPaperBisection;shinbrotPaperBisection;shinbrotPaperBisection;shinbrotPaperBisection;shinbrotPaperBisection;shinbrotPaperBisection;shinbrotPaperBisection;shinbrotPaperBisection;shinbrotPaperBisection;shinbrotPaperBisection,0.0598389526829;0.069340544939;-0.070761090517;0.0310600064695;-0.00833862870932;-0.0965474188328;-0.0828872352839;0.0957268128172;-0.0486796215177;0.0933925937861;0.00145229250193;-0.0517683804035;-0.041514390707;-0.0727374341339;-0.0152688667178;-0.00594283491373;0.075385133177;0.0520757354796;0.0984269056469;0.0966011818498;0.0969041496515;-0.0783050905913;-0.090487664938;0.0605291545391;0.00609849095345;-0.0589168347418;-0.0506045304239;-0.0143124043941;-0.0898287951946;-0.037209443748;0.0178522974253;0.0126756279729;-0.0999665668933;-0.0697968423367;-0.047251495719,1519,meanReturnCycleMatched,1.00026818778561,0.00547016364210506,13.7344701636421,17.8806362688322,26.921,0,0,0,0,,113.2730455
0.15,4,198004,paperCycleCadenceRetargetMode,shinbrotPaperBisection,0,NaN,60,66,NaN,82977,0.0865456722676754,0.0766062524169684,0.0865456722677;-0.0637260138988;-0.0106074154377;-0.0281395842234;0.0496524794959;-0.0389399945736;0.0159914284945;0.0953495349968;-0.0148982465267;-0.0868479311466;0.0953270119498;-0.0998921875143;-0.0458881631494;0.000682860612869;-0.0187758386135;0.0717754751444;-0.0463686406612;0.0981684627011;-0.0220386639237;-0.0827624499798;0.0260284837335;0.050942303054;-0.0824847728014;-0.0840029895306;0.0506185123697;-0.0183640062809;0.0235721379519;0.0732104480267;0.0182282030582;-0.00362362079322;0.0397964924574;-0.00997743159533;-0.0512752212584;-0.0221163704991;0.0827146589756;-0.0039091154933;0.0502378642559;0.0624217480421;0.00394427031279;0.0954477012157;-0.0205154523253;-0.0244337022305;-0.0932367503643;-0.0260506138206;-0.0473939955235;-0.0468322217464;-0.00125922560692;0.0276850879192;0.00808192789555;0.088119892031;0.076606252417,1,1,shinbrotPaperBisection,0.0865456722676754,3,55,55,54,4,2;3;3;3;3;5;5;5;10;10;11;11;13;13;18;18;18;18;19;22;25;27;27;30;32;40;40;40;40;40;41;41;41;41;41;45;45;47;48;51;51;52;52;52;52;52;52;52;52;52;54;54;58;58,1519;3038;4557;6076;7595;9114;10633;12152;13671;15190;16709;18228;19747;21266;22785;24304;25823;27342;28861;30380;31899;33418;34937;36456;37975;39494;41013;42532;44051;45570;47089;48608;50127;51646;53165;54684;56203;57722;59241;60760;62279;63798;65317;66836;68355;69874;71393;72912;74431;75950;77469;78988;80507;82026,1.519;3.038;4.557;6.076;7.595;9.114;10.633;12.152;13.671;15.19;16.709;18.228;19.747;21.266;22.785;24.304;25.823;27.342;28.861;30.38;31.899;33.418;34.937;36.456;37.975;39.494;41.013;42.532;44.051;45.57;47.089;48.608;50.127;51.646;53.165;54.684;56.203;57.722;59.241;60.7599999999;62.2789999999;63.7979999999;65.3169999999;66.836;68.355;69.874;71.393;72.912;74.431;75.95;77.469;78.988;80.507;82.026,shinbrotPaperBisection;shinbrotPaperBisection;shinbrotPaperBisection;shinbrotPaperBisection;shinbrotPaperBisection;shinbrotPaperBisection;shinbrotPaperBisection;shinbrotPaperBisection;shinbrotPaperBisection;shinbrotPaperBisection;shinbrotPaperBisection;shinbrotPaperBisection;shinbrotPaperBisection;shinbrotPaperBisection;shinbrotPaperBisection;shinbrotPaperBisection;shinbrotPaperBisection;shinbrotPaperBisection;shinbrotPaperBisection;shinbrotPaperBisection;shinbrotPaperBisection;shinbrotPaperBisection;shinbrotPaperBisection;shinbrotPaperBisection;shinbrotPaperBisection;shinbrotPaperBisection;shinbrotPaperBisection;shinbrotPaperBisection;shinbrotPaperBisection;shinbrotPaperBisection;shinbrotPaperBisection;shinbrotPaperBisection;shinbrotPaperBisection;shinbrotPaperBisection;shinbrotPaperBisection;shinbrotPaperBisection;shinbrotPaperBisection;shinbrotPaperBisection;shinbrotPaperBisection;shinbrotPaperBisection;shinbrotPaperBisection;shinbrotPaperBisection;shinbrotPaperBisection;shinbrotPaperBisection;shinbrotPaperBisection;shinbrotPaperBisection;shinbrotPaperBisection;shinbrotPaperBisection;shinbrotPaperBisection;shinbrotPaperBisection;shinbrotPaperBisection;shinbrotPaperBisection;shinbrotPaperBisection;shinbrotPaperBisection,-0.0637260138988;-0.0106074154377;-0.0281395842234;0.0496524794959;-0.0389399945736;0.0159914284945;0.0953495349968;-0.0148982465267;NaN;NaN;-0.0868479311466;0.0953270119498;-0.0998921875143;NaN;-0.0458881631494;0.000682860612869;-0.0187758386135;0.0717754751444;-0.0463686406612;0.0981684627011;-0.0220386639237;NaN;-0.0827624499798;0.0260284837335;0.050942303054;-0.0824847728014;-0.0840029895306;0.0506185123697;-0.0183640062809;0.0235721379519;0.0732104480267;0.0182282030582;-0.00362362079322;0.0397964924574;-0.00997743159533;-0.0512752212584;-0.0221163704991;0.0827146589756;-0.0039091154933;0.0502378642559;0.0624217480421;0.00394427031279;0.0954477012157;-0.0205154523253;-0.0244337022305;-0.0932367503643;-0.0260506138206;-0.0473939955235;-0.0468322217464;-0.00125922560692;0.0276850879192;0.00808192789555;0.088119892031;0.076606252417,1519,meanReturnCycleMatched,1.00026818778561,0.889621268891858,12.8393787311081,12.8907541169072,26.921,0,0,1,0,accepted-crossing limit exhausted,170.2157961
0.15,5,198005,paperCycleCadenceRetargetMode,shinbrotPaperBisection,0,NaN,60,48,NaN,89319,0.0865456722676754,-0.0283728882670402,0.0865456722677;0.0324319779873;0.078019605577;0.0520192205906;0.0783242046833;-9.01471939869e-06;0.0232506660745;0.0454102367163;-0.00515682846308;-0.049228836596;-0.0426964506507;0.094252256956;-0.00202978439629;0.0990933604538;0.0408844064455;-0.0869771033525;0.028083139658;0.0136764973402;0.0293117582798;-0.0115994897671;-0.00180086642504;-0.064220136404;0.0930574625731;0.0981269637123;-2.62994435616e-06;0.0934667289257;-0.0644955456257;0.00605290010571;0.0969692006707;-0.0550620853901;-0.0483400642872;-0.0993269503117;0.0804502390325;-0.0318429008126;0.0119558274746;0.095959584415;0.0464749604464;0.0374849617481;0.0972199738026;-0.0148939549923;0.00207853019238;-0.0180494844913;0.000959342718124;0.0785708144307;-0.0611325353384;-0.0971087917686;-0.0802279919386;0.0619552992284;0.00261588692665;0.0443636566401;0.0388818085194;0.0623999506235;0.00397098660469;0.0963657896966;-0.00964797362685;-0.028372888267,1,1,shinbrotPaperBisection,0.0865456722676754,3,59,59,58,3,1;2;3;3;3;8;8;9;9;11;14;14;14;15;16;17;18;19;19;20;21;22;23;23;23;24;26;26;27;31;33;33;33;33;34;34;34;34;34;36;37;41;41;41;41;47;51;52;53;53;53;55;55;56;57;57;57;59,1519;3038;4557;6076;7595;9114;10633;12152;13671;15190;16709;18228;19747;21266;22785;24304;25823;27342;28861;30380;31899;33418;34937;36456;37975;39494;41013;42532;44051;45570;47089;48608;50127;51646;53165;54684;56203;57722;59241;60760;62279;63798;65317;66836;68355;69874;71393;72912;74431;75950;77469;78988;80507;82026;83545;85064;86583;88102,1.519;3.038;4.557;6.076;7.595;9.114;10.633;12.152;13.671;15.19;16.709;18.228;19.747;21.266;22.785;24.304;25.823;27.342;28.861;30.38;31.899;33.418;34.937;36.456;37.975;39.494;41.013;42.532;44.051;45.57;47.089;48.608;50.127;51.646;53.165;54.684;56.203;57.722;59.241;60.7599999999;62.2789999999;63.7979999999;65.3169999999;66.836;68.355;69.874;71.393;72.912;74.431;75.95;77.469;78.988;80.507;82.026;83.545;85.064;86.583;88.1020000001,shinbrotPaperBisection;shinbrotPaperBisection;shinbrotPaperBisection;shinbrotPaperBisection;shinbrotPaperBisection;shinbrotPaperBisection;shinbrotPaperBisection;shinbrotPaperBisection;shinbrotPaperBisection;shinbrotPaperBisection;shinbrotPaperBisection;shinbrotPaperBisection;shinbrotPaperBisection;shinbrotPaperBisection;shinbrotPaperBisection;shinbrotPaperBisection;shinbrotPaperBisection;shinbrotPaperBisection;shinbrotPaperBisection;shinbrotPaperBisection;shinbrotPaperBisection;shinbrotPaperBisection;shinbrotPaperBisection;shinbrotPaperBisection;shinbrotPaperBisection;shinbrotPaperBisection;shinbrotPaperBisection;shinbrotPaperBisection;shinbrotPaperBisection;shinbrotPaperBisection;shinbrotPaperBisection;shinbrotPaperBisection;shinbrotPaperBisection;shinbrotPaperBisection;shinbrotPaperBisection;shinbrotPaperBisection;shinbrotPaperBisection;shinbrotPaperBisection;shinbrotPaperBisection;shinbrotPaperBisection;shinbrotPaperBisection;shinbrotPaperBisection;shinbrotPaperBisection;shinbrotPaperBisection;shinbrotPaperBisection;shinbrotPaperBisection;shinbrotPaperBisection;shinbrotPaperBisection;shinbrotPaperBisection;shinbrotPaperBisection;shinbrotPaperBisection;shinbrotPaperBisection;shinbrotPaperBisection;shinbrotPaperBisection;shinbrotPaperBisection;shinbrotPaperBisection;shinbrotPaperBisection;shinbrotPaperBisection,0.0324319779873;0.078019605577;0.0520192205906;0.0783242046833;-9.01471939869e-06;0.0232506660745;0.0454102367163;-0.00515682846308;-0.049228836596;-0.0426964506507;0.094252256956;-0.00202978439629;0.0990933604538;0.0408844064455;-0.0869771033525;0.028083139658;NaN;0.0136764973402;0.0293117582798;-0.0115994897671;-0.00180086642504;-0.064220136404;0.0930574625731;0.0981269637123;-2.62994435616e-06;0.0934667289257;-0.0644955456257;0.00605290010571;NaN;0.0969692006707;-0.0550620853901;-0.0483400642872;-0.0993269503117;0.0804502390325;-0.0318429008126;0.0119558274746;0.095959584415;0.0464749604464;0.0374849617481;0.0972199738026;NaN;-0.0148939549923;0.00207853019238;-0.0180494844913;0.000959342718124;0.0785708144307;-0.0611325353384;-0.0971087917686;-0.0802279919386;0.0619552992284;0.00261588692665;0.0443636566401;0.0388818085194;0.0623999506235;0.00397098660469;0.0963657896966;-0.00964797362685;-0.028372888267,1519,meanReturnCycleMatched,1.00026818778561,1.24152297070125,14.9705229707012,22.4765114606386,26.921,0,0,1,0,accepted-crossing limit exhausted,200.1190261
0.15,6,198006,paperCycleCadenceRetargetMode,shinbrotPaperBisection,0,NaN,60,27,NaN,60180,0.0865456722676754,0.0851897656917572,0.0865456722677;-0.0653754889965;-0.0443656235933;0.00529446303844;0.0902463413775;0.00533515363932;0.00343171060085;0.0200548350811;-0.0366034790874;-0.0530246786773;-0.00354509539902;-0.0430289208889;-0.0592300318182;0.0157539557666;-0.0496207263321;-0.0569830186665;0.00136282742023;-0.0188309207559;0.0760612804443;-0.0560404460877;0.0880263745785;-0.0988071158528;-0.0673905432224;0.0895098693669;-0.0864513784647;-0.0235145628452;0.0353723943233;0.0773035660386;-0.0335861742496;-0.0046482861042;0.0364842674695;-0.0715820968151;-0.00960956215858;0.092792775901;0.0363504350185;0.0851897656918,1,1,shinbrotPaperBisection,0.0865456722676754,3,40,40,39,4,0;3;6;12;14;19;19;19;20;21;21;23;23;26;26;27;33;36;40;42;42;42;42;43;46;46;46;47;47;48;48;49;50;51;51;52;53;53;55,1519;3038;4557;6076;7595;9114;10633;12152;13671;15190;16709;18228;19747;21266;22785;24304;25823;27342;28861;30380;31899;33418;34937;36456;37975;39494;41013;42532;44051;45570;47089;48608;50127;51646;53165;54684;56203;57722;59241,1.519;3.038;4.557;6.076;7.595;9.114;10.633;12.152;13.671;15.19;16.709;18.228;19.747;21.266;22.785;24.304;25.823;27.342;28.861;30.38;31.899;33.418;34.937;36.456;37.975;39.494;41.013;42.532;44.051;45.57;47.089;48.608;50.127;51.646;53.165;54.684;56.203;57.722;59.241,shinbrotPaperBisection;shinbrotPaperBisection;shinbrotPaperBisection;shinbrotPaperBisection;shinbrotPaperBisection;shinbrotPaperBisection;shinbrotPaperBisection;shinbrotPaperBisection;shinbrotPaperBisection;shinbrotPaperBisection;shinbrotPaperBisection;shinbrotPaperBisection;shinbrotPaperBisection;shinbrotPaperBisection;shinbrotPaperBisection;shinbrotPaperBisection;shinbrotPaperBisection;shinbrotPaperBisection;shinbrotPaperBisection;shinbrotPaperBisection;shinbrotPaperBisection;shinbrotPaperBisection;shinbrotPaperBisection;shinbrotPaperBisection;shinbrotPaperBisection;shinbrotPaperBisection;shinbrotPaperBisection;shinbrotPaperBisection;shinbrotPaperBisection;shinbrotPaperBisection;shinbrotPaperBisection;shinbrotPaperBisection;shinbrotPaperBisection;shinbrotPaperBisection;shinbrotPaperBisection;shinbrotPaperBisection;shinbrotPaperBisection;shinbrotPaperBisection;shinbrotPaperBisection,-0.0653754889965;-0.0443656235933;0.00529446303844;0.0902463413775;0.00533515363932;0.00343171060085;0.0200548350811;-0.0366034790874;-0.0530246786773;-0.00354509539902;NaN;NaN;NaN;NaN;-0.0430289208889;-0.0592300318182;0.0157539557666;-0.0496207263321;-0.0569830186665;0.00136282742023;-0.0188309207559;0.0760612804443;-0.0560404460877;0.0880263745785;-0.0988071158528;-0.0673905432224;0.0895098693669;-0.0864513784647;-0.0235145628452;0.0353723943233;0.0773035660386;-0.0335861742496;-0.0046482861042;0.0364842674695;-0.0715820968151;-0.00960956215858;0.092792775901;0.0363504350185;0.0851897656918,1519,meanReturnCycleMatched,1.00026818778561,0.360296798923903,13.3687032010761,19.9471826827502,26.921,0,0,1,0,accepted-crossing limit exhausted,128.1810726
0.15,7,198007,paperCycleCadenceRetargetMode,shinbrotPaperBisection,0,NaN,60,35,NaN,92255,0.0865456722676754,0.0727137742564082,0.0865456722677;0.0982043225318;0.0904983769869;0.0269145071507;0.0564915369265;0.0004787504673;-0.0915258035064;0.00585015118122;0.0889262104756;0.0578544765711;0.0712286263704;-0.0264832675457;0.0617732912302;0.0690046212636;0.0466716498137;-0.032589250803;0.075401648134;0.0173615634441;0.0313870221376;-0.0141877283459;-0.0608814537525;0.00942267775536;-0.0639324694872;0.0508162368089;-0.0801850885153;-0.0918468087912;-0.000948053598404;-0.0900365918875;-0.0513028394431;0.00789463967085;0.0280021097511;-0.0344376817346;-0.00361794829369;0.0119738683105;-0.0512267388403;0.0802579472773;-0.048266261816;0.0968841224385;0.0683716952801;-0.0551324903965;-0.092450944148;0.0822348751128;0.000533367693424;-0.0998783916235;-0.0502871453762;-0.0852000698447;-0.0243090078235;-0.0971614807844;0.0308781772852;0.0631774008274;0.0125285292044;0.0708564341068;-0.0818530645221;-0.00336520597339;0.0579332172871;0.0727137742564,1,1,shinbrotPaperBisection,0.0865456722676754,3,61,61,60,5,3;3;3;3;4;5;7;7;9;10;13;13;18;20;23;25;26;26;26;26;28;28;28;34;35;35;36;37;38;40;40;41;41;43;43;45;46;46;47;47;47;47;47;47;49;49;49;50;52;52;52;54;55;55;55;56;58;59;59;59,1519;3038;4557;6076;7595;9114;10633;12152;13671;15190;16709;18228;19747;21266;22785;24304;25823;27342;28861;30380;31899;33418;34937;36456;37975;39494;41013;42532;44051;45570;47089;48608;50127;51646;53165;54684;56203;57722;59241;60760;62279;63798;65317;66836;68355;69874;71393;72912;74431;75950;77469;78988;80507;82026;83545;85064;86583;88102;89621;91140,1.519;3.038;4.557;6.076;7.595;9.114;10.633;12.152;13.671;15.19;16.709;18.228;19.747;21.266;22.785;24.304;25.823;27.342;28.861;30.38;31.899;33.418;34.937;36.456;37.975;39.494;41.013;42.532;44.051;45.57;47.089;48.608;50.127;51.646;53.165;54.684;56.203;57.722;59.241;60.7599999999;62.2789999999;63.7979999999;65.3169999999;66.836;68.355;69.874;71.393;72.912;74.431;75.95;77.469;78.988;80.507;82.026;83.545;85.064;86.583;88.1020000001;89.6210000001;91.1400000001,shinbrotPaperBisection;shinbrotPaperBisection;shinbrotPaperBisection;shinbrotPaperBisection;shinbrotPaperBisection;shinbrotPaperBisection;shinbrotPaperBisection;shinbrotPaperBisection;shinbrotPaperBisection;shinbrotPaperBisection;shinbrotPaperBisection;shinbrotPaperBisection;shinbrotPaperBisection;shinbrotPaperBisection;shinbrotPaperBisection;shinbrotPaperBisection;shinbrotPaperBisection;shinbrotPaperBisection;shinbrotPaperBisection;shinbrotPaperBisection;shinbrotPaperBisection;shinbrotPaperBisection;shinbrotPaperBisection;shinbrotPaperBisection;shinbrotPaperBisection;shinbrotPaperBisection;shinbrotPaperBisection;shinbrotPaperBisection;shinbrotPaperBisection;shinbrotPaperBisection;shinbrotPaperBisection;shinbrotPaperBisection;shinbrotPaperBisection;shinbrotPaperBisection;shinbrotPaperBisection;shinbrotPaperBisection;shinbrotPaperBisection;shinbrotPaperBisection;shinbrotPaperBisection;shinbrotPaperBisection;shinbrotPaperBisection;shinbrotPaperBisection;shinbrotPaperBisection;shinbrotPaperBisection;shinbrotPaperBisection;shinbrotPaperBisection;shinbrotPaperBisection;shinbrotPaperBisection;shinbrotPaperBisection;shinbrotPaperBisection;shinbrotPaperBisection;shinbrotPaperBisection;shinbrotPaperBisection;shinbrotPaperBisection;shinbrotPaperBisection;shinbrotPaperBisection;shinbrotPaperBisection;shinbrotPaperBisection;shinbrotPaperBisection;shinbrotPaperBisection,0.0982043225318;0.0904983769869;0.0269145071507;0.0564915369265;0.0004787504673;-0.0915258035064;0.00585015118122;0.0889262104756;0.0578544765711;0.0712286263704;-0.0264832675457;0.0617732912302;0.0690046212636;0.0466716498137;-0.032589250803;0.075401648134;0.0173615634441;NaN;0.0313870221376;-0.0141877283459;-0.0608814537525;0.00942267775536;-0.0639324694872;NaN;0.0508162368089;-0.0801850885153;-0.0918468087912;-0.000948053598404;-0.0900365918875;-0.0513028394431;0.00789463967085;0.0280021097511;-0.0344376817346;-0.00361794829369;0.0119738683105;-0.0512267388403;0.0802579472773;-0.048266261816;0.0968841224385;0.0683716952801;-0.0551324903965;-0.092450944148;0.0822348751128;0.000533367693424;-0.0998783916235;-0.0502871453762;NaN;-0.0852000698447;-0.0243090078235;-0.0971614807844;0.0308781772852;0.0631774008274;0.0125285292044;0.0708564341068;-0.0818530645221;-0.00336520597339;NaN;0.0579332172871;0.0727137742564;NaN,1519,meanReturnCycleMatched,1.00026818778561,1.96126163543779,11.7677383645622,14.8369819831278,26.921,0,0,1,0,accepted-crossing limit exhausted,231.5764806
0.15,8,198008,paperCycleCadenceRetargetMode,shinbrotPaperBisection,0,NaN,60,44,NaN,73228,0.0865456722676754,0.0881088672205806,0.0865456722677;-0.0744588192552;-0.0010068885982;-0.0453909933567;0.0360162764788;-0.0737991273403;-0.0379591236822;-0.055038908124;-0.0565529741347;-0.0620751403272;-0.0645019851625;0.0293697156012;-0.0956237904727;0.0459601670504;-0.0693662375212;0.0179720461369;-0.0704900197685;-0.0329947993159;0.0502137806267;-0.0275278151035;-0.0911294639111;-0.0782498691231;0.0606497637928;-0.0326938211918;0.0245470196009;-0.034015840292;-0.0992303211242;0.0467912584543;0.0461591739208;0.000907031446695;-0.00420617610216;-0.0699725091457;-0.0515791594982;0.0830199629068;-0.051444574818;0.0612600743771;0.0984804053209;-0.00771089047194;0.0788418143988;-0.0737999856472;0.0275183260441;-0.0752811461687;0.0511873088777;0.0615179955959;-0.0423564597964;0.0979868784314;0.0233045846224;0.0881088672206,1,1,shinbrotPaperBisection,0.0865456722676754,3,49,49,48,1,1;1;1;1;5;6;6;8;11;11;12;20;21;21;22;22;23;26;26;26;28;28;30;32;32;32;32;36;36;36;39;40;40;41;41;41;44;46;48;48;48;52;53;56;56;57;58;58,1519;3038;4557;6076;7595;9114;10633;12152;13671;15190;16709;18228;19747;21266;22785;24304;25823;27342;28861;30380;31899;33418;34937;36456;37975;39494;41013;42532;44051;45570;47089;48608;50127;51646;53165;54684;56203;57722;59241;60760;62279;63798;65317;66836;68355;69874;71393;72912,1.519;3.038;4.557;6.076;7.595;9.114;10.633;12.152;13.671;15.19;16.709;18.228;19.747;21.266;22.785;24.304;25.823;27.342;28.861;30.38;31.899;33.418;34.937;36.456;37.975;39.494;41.013;42.532;44.051;45.57;47.089;48.608;50.127;51.646;53.165;54.684;56.203;57.722;59.241;60.7599999999;62.2789999999;63.7979999999;65.3169999999;66.836;68.355;69.874;71.393;72.912,shinbrotPaperBisection;shinbrotPaperBisection;shinbrotPaperBisection;shinbrotPaperBisection;shinbrotPaperBisection;shinbrotPaperBisection;shinbrotPaperBisection;shinbrotPaperBisection;shinbrotPaperBisection;shinbrotPaperBisection;shinbrotPaperBisection;shinbrotPaperBisection;shinbrotPaperBisection;shinbrotPaperBisection;shinbrotPaperBisection;shinbrotPaperBisection;shinbrotPaperBisection;shinbrotPaperBisection;shinbrotPaperBisection;shinbrotPaperBisection;shinbrotPaperBisection;shinbrotPaperBisection;shinbrotPaperBisection;shinbrotPaperBisection;shinbrotPaperBisection;shinbrotPaperBisection;shinbrotPaperBisection;shinbrotPaperBisection;shinbrotPaperBisection;shinbrotPaperBisection;shinbrotPaperBisection;shinbrotPaperBisection;shinbrotPaperBisection;shinbrotPaperBisection;shinbrotPaperBisection;shinbrotPaperBisection;shinbrotPaperBisection;shinbrotPaperBisection;shinbrotPaperBisection;shinbrotPaperBisection;shinbrotPaperBisection;shinbrotPaperBisection;shinbrotPaperBisection;shinbrotPaperBisection;shinbrotPaperBisection;shinbrotPaperBisection;shinbrotPaperBisection;shinbrotPaperBisection,-0.0744588192552;-0.0010068885982;-0.0453909933567;0.0360162764788;-0.0737991273403;-0.0379591236822;-0.055038908124;-0.0565529741347;-0.0620751403272;-0.0645019851625;0.0293697156012;-0.0956237904727;0.0459601670504;-0.0693662375212;0.0179720461369;-0.0704900197685;-0.0329947993159;0.0502137806267;-0.0275278151035;-0.0911294639111;-0.0782498691231;0.0606497637928;-0.0326938211918;0.0245470196009;-0.034015840292;-0.0992303211242;0.0467912584543;0.0461591739208;0.000907031446695;-0.00420617610216;-0.0699725091457;-0.0515791594982;0.0830199629068;-0.051444574818;0.0612600743771;0.0984804053209;NaN;-0.00771089047194;0.0788418143988;-0.0737999856472;0.0275183260441;-0.0752811461687;0.0511873088777;0.0615179955959;-0.0423564597964;0.0979868784314;0.0233045846224;0.0881088672206,1519,meanReturnCycleMatched,1.00026818778561,0.122036347485798,13.6069636525142,23.4498366255548,26.921,0,0,1,0,accepted-crossing limit exhausted,177.0282408
0.15,9,198009,paperCycleCadenceRetargetMode,shinbrotPaperBisection,0,NaN,60,56,NaN,82485,0.0865456722676754,0.00142102837562561,0.0865456722677;-0.0814269006252;0.0931995067745;0.0603839844465;0.0541005283594;0.0896517261863;0.0648872077465;-0.0953949034214;0.0966676615179;-0.0999793464784;0.0245617210865;0.0988529305905;0.0148080259562;0.0269289094955;0.0968197086826;-0.099503884092;0.0458798259497;-0.0741348445415;0.0436846315861;0.0725757207721;-0.0592939198017;0.0569146096706;0.0774866163731;-0.0112535372376;0.0955191910267;0.0552407115698;0.0129937617108;-0.0137772008777;-0.0745582666248;0.0222925245762;-0.0290492191911;-0.0984704434872;-0.0683906257153;-0.0545266449451;-0.0548647582531;0.0330252826214;-0.0485440514982;-0.0746154159307;-0.0148235753179;-0.0564304530621;-0.0353738129139;0.0243113121018;0.0241880054586;0.0938555657864;-0.0856876458973;-0.0645015090704;-0.0547567993402;0.0646307529882;0.0453689325601;-0.0715819895267;-0.0541867554188;0.0143345624208;0.000928741693497;0.00142102837563,1,1,shinbrotPaperBisection,0.0865456722676754,3,55,55,54,1,2;5;5;5;6;9;12;12;12;13;13;13;13;16;17;17;17;17;17;17;17;19;20;21;22;22;25;25;29;31;32;35;36;38;38;38;44;44;45;45;45;45;48;49;51;51;51;51;51;51;52;55;57;59,1519;3038;4557;6076;7595;9114;10633;12152;13671;15190;16709;18228;19747;21266;22785;24304;25823;27342;28861;30380;31899;33418;34937;36456;37975;39494;41013;42532;44051;45570;47089;48608;50127;51646;53165;54684;56203;57722;59241;60760;62279;63798;65317;66836;68355;69874;71393;72912;74431;75950;77469;78988;80507;82026,1.519;3.038;4.557;6.076;7.595;9.114;10.633;12.152;13.671;15.19;16.709;18.228;19.747;21.266;22.785;24.304;25.823;27.342;28.861;30.38;31.899;33.418;34.937;36.456;37.975;39.494;41.013;42.532;44.051;45.57;47.089;48.608;50.127;51.646;53.165;54.684;56.203;57.722;59.241;60.7599999999;62.2789999999;63.7979999999;65.3169999999;66.836;68.355;69.874;71.393;72.912;74.431;75.95;77.469;78.988;80.507;82.026,shinbrotPaperBisection;shinbrotPaperBisection;shinbrotPaperBisection;shinbrotPaperBisection;shinbrotPaperBisection;shinbrotPaperBisection;shinbrotPaperBisection;shinbrotPaperBisection;shinbrotPaperBisection;shinbrotPaperBisection;shinbrotPaperBisection;shinbrotPaperBisection;shinbrotPaperBisection;shinbrotPaperBisection;shinbrotPaperBisection;shinbrotPaperBisection;shinbrotPaperBisection;shinbrotPaperBisection;shinbrotPaperBisection;shinbrotPaperBisection;shinbrotPaperBisection;shinbrotPaperBisection;shinbrotPaperBisection;shinbrotPaperBisection;shinbrotPaperBisection;shinbrotPaperBisection;shinbrotPaperBisection;shinbrotPaperBisection;shinbrotPaperBisection;shinbrotPaperBisection;shinbrotPaperBisection;shinbrotPaperBisection;shinbrotPaperBisection;shinbrotPaperBisection;shinbrotPaperBisection;shinbrotPaperBisection;shinbrotPaperBisection;shinbrotPaperBisection;shinbrotPaperBisection;shinbrotPaperBisection;shinbrotPaperBisection;shinbrotPaperBisection;shinbrotPaperBisection;shinbrotPaperBisection;shinbrotPaperBisection;shinbrotPaperBisection;shinbrotPaperBisection;shinbrotPaperBisection;shinbrotPaperBisection;shinbrotPaperBisection;shinbrotPaperBisection;shinbrotPaperBisection;shinbrotPaperBisection;shinbrotPaperBisection,-0.0814269006252;0.0931995067745;0.0603839844465;0.0541005283594;0.0896517261863;0.0648872077465;-0.0953949034214;0.0966676615179;-0.0999793464784;0.0245617210865;0.0988529305905;0.0148080259562;NaN;0.0269289094955;0.0968197086826;-0.099503884092;0.0458798259497;-0.0741348445415;0.0436846315861;0.0725757207721;-0.0592939198017;0.0569146096706;0.0774866163731;-0.0112535372376;0.0955191910267;0.0552407115698;0.0129937617108;-0.0137772008777;-0.0745582666248;0.0222925245762;-0.0290492191911;-0.0984704434872;-0.0683906257153;-0.0545266449451;-0.0548647582531;0.0330252826214;-0.0485440514982;-0.0746154159307;-0.0148235753179;-0.0564304530621;-0.0353738129139;0.0243113121018;0.0241880054586;0.0938555657864;-0.0856876458973;-0.0645015090704;-0.0547567993402;0.0646307529882;0.0453689325601;-0.0715819895267;-0.0541867554188;0.0143345624208;0.000928741693497;0.00142102837563,1519,meanReturnCycleMatched,1.00026818778561,2.93611340410944,10.7928865958906,13.0657940899352,26.921,0,0,1,0,accepted-crossing limit exhausted,187.5525884
0.15,10,198010,paperCycleCadenceRetargetMode,shinbrotPaperBisection,0,NaN,60,35,NaN,64335,0.0865456722676754,-0.0124934095423669,0.0865456722677;0.0991596138279;0.0663866490126;-0.0876436412334;0.0166356310248;-0.0230495512486;-0.0807907164097;0.00328078372404;0.0704883784056;-0.0901942221448;0.0378978411667;-0.00629884600639;5.82005013712e-06;-0.0931101873517;-0.0724288552999;-0.0366035044193;0.0110170274973;-1.99856236577e-05;0.0557585626841;0.0891967974603;-0.0193198263645;0.0990359029616;0.0845623359084;0.0251667559147;0.0590652391315;0.0355261951685;0.0767918623984;0.0937474122475;-0.067010384798;0.0496010456234;0.0237137807533;0.0108025342226;-0.0115154728293;-0.0525247476995;0.0169262558222;-0.0238217875361;-0.00907321199775;0.0273112922907;0.0500919227721;0.0568194715306;-0.0806036293507;-0.0521350562572;-0.0124934095424,1,1,shinbrotPaperBisection,0.0865456722676754,3,43,43,42,0,1;3;5;5;7;10;12;12;15;17;17;17;17;19;20;22;22;24;26;27;28;29;29;29;33;37;39;40;42;44;45;47;47;47;49;49;53;55;56;57;57;58,1519;3038;4557;6076;7595;9114;10633;12152;13671;15190;16709;18228;19747;21266;22785;24304;25823;27342;28861;30380;31899;33418;34937;36456;37975;39494;41013;42532;44051;45570;47089;48608;50127;51646;53165;54684;56203;57722;59241;60760;62279;63798,1.519;3.038;4.557;6.076;7.595;9.114;10.633;12.152;13.671;15.19;16.709;18.228;19.747;21.266;22.785;24.304;25.823;27.342;28.861;30.38;31.899;33.418;34.937;36.456;37.975;39.494;41.013;42.532;44.051;45.57;47.089;48.608;50.127;51.646;53.165;54.684;56.203;57.722;59.241;60.7599999999;62.2789999999;63.7979999999,shinbrotPaperBisection;shinbrotPaperBisection;shinbrotPaperBisection;shinbrotPaperBisection;shinbrotPaperBisection;shinbrotPaperBisection;shinbrotPaperBisection;shinbrotPaperBisection;shinbrotPaperBisection;shinbrotPaperBisection;shinbrotPaperBisection;shinbrotPaperBisection;shinbrotPaperBisection;shinbrotPaperBisection;shinbrotPaperBisection;shinbrotPaperBisection;shinbrotPaperBisection;shinbrotPaperBisection;shinbrotPaperBisection;shinbrotPaperBisection;shinbrotPaperBisection;shinbrotPaperBisection;shinbrotPaperBisection;shinbrotPaperBisection;shinbrotPaperBisection;shinbrotPaperBisection;shinbrotPaperBisection;shinbrotPaperBisection;shinbrotPaperBisection;shinbrotPaperBisection;shinbrotPaperBisection;shinbrotPaperBisection;shinbrotPaperBisection;shinbrotPaperBisection;shinbrotPaperBisection;shinbrotPaperBisection;shinbrotPaperBisection;shinbrotPaperBisection;shinbrotPaperBisection;shinbrotPaperBisection;shinbrotPaperBisection;shinbrotPaperBisection,0.0991596138279;0.0663866490126;-0.0876436412334;0.0166356310248;-0.0230495512486;-0.0807907164097;0.00328078372404;0.0704883784056;-0.0901942221448;0.0378978411667;-0.00629884600639;5.82005013712e-06;-0.0931101873517;-0.0724288552999;-0.0366035044193;0.0110170274973;-1.99856236577e-05;0.0557585626841;0.0891967974603;-0.0193198263645;0.0990359029616;0.0845623359084;0.0251667559147;0.0590652391315;0.0355261951685;0.0767918623984;0.0937474122475;-0.067010384798;0.0496010456234;0.0237137807533;0.0108025342226;-0.0115154728293;-0.0525247476995;0.0169262558222;-0.0238217875361;-0.00907321199775;0.0273112922907;0.0500919227721;0.0568194715306;-0.0806036293507;-0.0521350562572;-0.0124934095424,1519,meanReturnCycleMatched,1.00026818778561,2.32414420241541,11.4048557975846,15.120505035519,26.921,0,0,1,0,accepted-crossing limit exhausted,180.644219
0.2,1,199001,paperCycleCadenceRetargetMode,shinbrotPaperBisection,0,NaN,60,71,NaN,95297,0.0865456722676754,0.0463838845491409,0.0865456722677;0.0960696652532;-0.0848711233586;-0.0505896985531;0.0761170804501;0.0165830675513;0.0325971327722;-0.0386241004802;-0.0624628616264;-0.031201864779;0.0502887897193;-0.0573771059513;0.0985725343227;0.025861364603;0.0457078840584;0.0967091051163;0.00581384301186;-0.027189463377;-0.0792000666261;-0.0698557414114;0.0041738756001;0.0743247264996;0.0559976041317;-0.0443603418767;0.0494251105003;-0.0515283353627;-0.0339580222964;0.00482405275106;0.0764454901218;-0.0276527121663;-0.0237079128623;0.0774826318026;0.0624038244598;0.0879434974864;-0.0183737212326;0.0846475154161;-0.0960529714823;0.055172996223;-0.0299839913845;-0.0863451033831;-0.0432794511318;-0.0428508222103;0.0982891857624;0.0659638822079;-0.0694959849119;0.0331450603902;-0.0308363094926;0.0755699357018;0.00794448554516;-0.0988483041525;-0.0436406672001;0.0504216998816;0.00794829726219;-0.0641014635563;0.0545409023762;-0.0644518911839;0.0141988413408;0.0463838845491,1,1,shinbrotPaperBisection,0.0865456722676754,3,63,63,62,5,2;3;6;6;6;6;10;11;12;13;15;15;17;20;21;23;25;25;26;26;29;29;29;30;33;33;34;35;37;37;38;38;38;38;39;41;43;43;43;43;43;43;43;46;47;47;47;47;48;48;51;52;53;53;55;55;55;55;57;58;59;59,1519;3038;4557;6076;7595;9114;10633;12152;13671;15190;16709;18228;19747;21266;22785;24304;25823;27342;28861;30380;31899;33418;34937;36456;37975;39494;41013;42532;44051;45570;47089;48608;50127;51646;53165;54684;56203;57722;59241;60760;62279;63798;65317;66836;68355;69874;71393;72912;74431;75950;77469;78988;80507;82026;83545;85064;86583;88102;89621;91140;92659;94178,1.519;3.038;4.557;6.076;7.595;9.114;10.633;12.152;13.671;15.19;16.709;18.228;19.747;21.266;22.785;24.304;25.823;27.342;28.861;30.38;31.899;33.418;34.937;36.456;37.975;39.494;41.013;42.532;44.051;45.57;47.089;48.608;50.127;51.646;53.165;54.684;56.203;57.722;59.241;60.7599999999;62.2789999999;63.7979999999;65.3169999999;66.836;68.355;69.874;71.393;72.912;74.431;75.95;77.469;78.988;80.507;82.026;83.545;85.064;86.583;88.1020000001;89.6210000001;91.1400000001;92.6590000001;94.1780000001,shinbrotPaperBisection;shinbrotPaperBisection;shinbrotPaperBisection;shinbrotPaperBisection;shinbrotPaperBisection;shinbrotPaperBisection;shinbrotPaperBisection;shinbrotPaperBisection;shinbrotPaperBisection;shinbrotPaperBisection;shinbrotPaperBisection;shinbrotPaperBisection;shinbrotPaperBisection;shinbrotPaperBisection;shinbrotPaperBisection;shinbrotPaperBisection;shinbrotPaperBisection;shinbrotPaperBisection;shinbrotPaperBisection;shinbrotPaperBisection;shinbrotPaperBisection;shinbrotPaperBisection;shinbrotPaperBisection;shinbrotPaperBisection;shinbrotPaperBisection;shinbrotPaperBisection;shinbrotPaperBisection;shinbrotPaperBisection;shinbrotPaperBisection;shinbrotPaperBisection;shinbrotPaperBisection;shinbrotPaperBisection;shinbrotPaperBisection;shinbrotPaperBisection;shinbrotPaperBisection;shinbrotPaperBisection;shinbrotPaperBisection;shinbrotPaperBisection;shinbrotPaperBisection;shinbrotPaperBisection;shinbrotPaperBisection;shinbrotPaperBisection;shinbrotPaperBisection;shinbrotPaperBisection;shinbrotPaperBisection;shinbrotPaperBisection;shinbrotPaperBisection;shinbrotPaperBisection;shinbrotPaperBisection;shinbrotPaperBisection;shinbrotPaperBisection;shinbrotPaperBisection;shinbrotPaperBisection;shinbrotPaperBisection;shinbrotPaperBisection;shinbrotPaperBisection;shinbrotPaperBisection;shinbrotPaperBisection;shinbrotPaperBisection;shinbrotPaperBisection;shinbrotPaperBisection;shinbrotPaperBisection,0.0960696652532;-0.0848711233586;-0.0505896985531;0.0761170804501;0.0165830675513;0.0325971327722;-0.0386241004802;NaN;-0.0624628616264;-0.031201864779;0.0502887897193;-0.0573771059513;NaN;0.0985725343227;0.025861364603;0.0457078840584;0.0967091051163;0.00581384301186;-0.027189463377;-0.0792000666261;-0.0698557414114;NaN;0.0041738756001;0.0743247264996;0.0559976041317;-0.0443603418767;0.0494251105003;NaN;-0.0515283353627;-0.0339580222964;0.00482405275106;0.0764454901218;-0.0276527121663;-0.0237079128623;0.0774826318026;0.0624038244598;0.0879434974864;-0.0183737212326;0.0846475154161;-0.0960529714823;0.055172996223;-0.0299839913845;NaN;-0.0863451033831;-0.0432794511318;-0.0428508222103;0.0982891857624;0.0659638822079;-0.0694959849119;0.0331450603902;-0.0308363094926;0.0755699357018;0.00794448554516;-0.0988483041525;-0.0436406672001;0.0504216998816;0.00794829726219;-0.0641014635563;0.0545409023762;-0.0644518911839;0.0141988413408;0.0463838845491,1519,meanReturnCycleMatched,1.00026818778561,3.90995926869191,9.81904073130809,11.5325196335924,26.921,0,0,1,0,accepted-crossing limit exhausted,210.428583
0.2,2,199002,paperCycleCadenceRetargetMode,shinbrotPaperBisection,0,NaN,60,58,NaN,88543,0.0865456722676754,0.0801261150278151,0.0865456722677;0.0934972494841;0.004211845994;0.0748278900981;-0.0363455936313;-0.0764490187168;0.0711942151189;-0.0571713030338;-0.00409334301949;0.0104411572218;-0.0499375514686;-0.0902698457241;0.0243907719385;-0.00467890352011;0.0533548913896;-0.0306080758572;-0.0607331931591;-0.0610373318195;-0.0257868318819;-0.064546507597;0.0995248498395;0.0513196792454;-0.0631593286991;0.00773312747478;0.0192003265023;-0.0802318949252;0.0777444422245;0.0449939072132;0.0715834606439;0.0931481965352;0.00368442311883;0.098689709045;0.00478874146938;0.0157331645489;-0.0922101795673;-0.0658775389194;-0.049300724268;-0.0231922134757;0.0953391045332;0.0314270794392;-0.0266682639718;0.0341618925333;0.0966075398028;0.0303227752447;0.0336214244366;-0.0869690597057;-0.0948551356792;0.0262246459723;-0.00950891375542;-0.0491183936596;-0.0243526440114;-0.0346872642636;0.0523397795856;-0.0880076259375;0.0801261150278,1,1,shinbrotPaperBisection,0.0865456722676754,3,59,59,58,4,0;0;0;2;3;3;3;3;3;4;10;10;11;11;11;12;12;13;15;17;18;19;19;19;19;21;22;22;22;23;25;25;28;33;33;35;35;37;40;41;41;45;46;46;46;50;52;52;52;52;52;52;54;54;54;57;58;59,1519;3038;4557;6076;7595;9114;10633;12152;13671;15190;16709;18228;19747;21266;22785;24304;25823;27342;28861;30380;31899;33418;34937;36456;37975;39494;41013;42532;44051;45570;47089;48608;50127;51646;53165;54684;56203;57722;59241;60760;62279;63798;65317;66836;68355;69874;71393;72912;74431;75950;77469;78988;80507;82026;83545;85064;86583;88102,1.519;3.038;4.557;6.076;7.595;9.114;10.633;12.152;13.671;15.19;16.709;18.228;19.747;21.266;22.785;24.304;25.823;27.342;28.861;30.38;31.899;33.418;34.937;36.456;37.975;39.494;41.013;42.532;44.051;45.57;47.089;48.608;50.127;51.646;53.165;54.684;56.203;57.722;59.241;60.7599999999;62.2789999999;63.7979999999;65.3169999999;66.836;68.355;69.874;71.393;72.912;74.431;75.95;77.469;78.988;80.507;82.026;83.545;85.064;86.583;88.1020000001,shinbrotPaperBisection;shinbrotPaperBisection;shinbrotPaperBisection;shinbrotPaperBisection;shinbrotPaperBisection;shinbrotPaperBisection;shinbrotPaperBisection;shinbrotPaperBisection;shinbrotPaperBisection;shinbrotPaperBisection;shinbrotPaperBisection;shinbrotPaperBisection;shinbrotPaperBisection;shinbrotPaperBisection;shinbrotPaperBisection;shinbrotPaperBisection;shinbrotPaperBisection;shinbrotPaperBisection;shinbrotPaperBisection;shinbrotPaperBisection;shinbrotPaperBisection;shinbrotPaperBisection;shinbrotPaperBisection;shinbrotPaperBisection;shinbrotPaperBisection;shinbrotPaperBisection;shinbrotPaperBisection;shinbrotPaperBisection;shinbrotPaperBisection;shinbrotPaperBisection;shinbrotPaperBisection;shinbrotPaperBisection;shinbrotPaperBisection;shinbrotPaperBisection;shinbrotPaperBisection;shinbrotPaperBisection;shinbrotPaperBisection;shinbrotPaperBisection;shinbrotPaperBisection;shinbrotPaperBisection;shinbrotPaperBisection;shinbrotPaperBisection;shinbrotPaperBisection;shinbrotPaperBisection;shinbrotPaperBisection;shinbrotPaperBisection;shinbrotPaperBisection;shinbrotPaperBisection;shinbrotPaperBisection;shinbrotPaperBisection;shinbrotPaperBisection;shinbrotPaperBisection;shinbrotPaperBisection;shinbrotPaperBisection;shinbrotPaperBisection;shinbrotPaperBisection;shinbrotPaperBisection;shinbrotPaperBisection,0.0934972494841;0.004211845994;0.0748278900981;-0.0363455936313;-0.0764490187168;0.0711942151189;-0.0571713030338;-0.00409334301949;0.0104411572218;-0.0499375514686;-0.0902698457241;0.0243907719385;-0.00467890352011;0.0533548913896;NaN;-0.0306080758572;-0.0607331931591;-0.0610373318195;-0.0257868318819;-0.064546507597;0.0995248498395;0.0513196792454;-0.0631593286991;0.00773312747478;0.0192003265023;-0.0802318949252;0.0777444422245;0.0449939072132;0.0715834606439;0.0931481965352;0.00368442311883;0.098689709045;0.00478874146938;0.0157331645489;-0.0922101795673;-0.0658775389194;-0.049300724268;-0.0231922134757;0.0953391045332;0.0314270794392;NaN;-0.0266682639718;0.0341618925333;0.0966075398028;0.0303227752447;0.0336214244366;-0.0869690597057;-0.0948551356792;0.0262246459723;-0.00950891375542;-0.0491183936596;-0.0243526440114;-0.0346872642636;0.0523397795856;NaN;-0.0880076259375;NaN;0.0801261150278,1519,meanReturnCycleMatched,1.00026818778561,2.06371871313321,11.6652812868668,12.2798040927663,26.921,0,0,1,0,accepted-crossing limit exhausted,207.7585384
0.2,3,199003,paperCycleCadenceRetargetMode,shinbrotPaperBisection,0,NaN,60,44,NaN,72046,0.0865456722676754,0.0343119114637375,0.0865456722677;0.0886020342819;0.0174996107817;-0.0557299077511;-0.0702131420374;-0.0738992746919;0.0843204185367;-0.0150176301599;-0.045925205946;-0.00610181689262;0.0725572645664;-0.0867994561791;0.0604735940695;-0.0288268864155;-0.0614734560251;0.0215031087399;-0.0206106960773;0.0439332932234;-0.0625029381656;-0.0350378081203;-0.0236944660544;-0.0561071455479;-0.0747105371207;-0.031205137074;0.0940535962582;0.0301493346691;0.0704173624516;0.00547781586647;0.0998960532248;-0.0334159076214;-0.0151823475957;0.0718983501196;-0.0892215758562;0.0591197682545;0.00395992211998;-0.0605140984058;0.0249883033277;0.0746824920177;-0.00954906269908;-0.0261626276828;0.00658391416073;0.0935838162899;-0.0767767727375;0.0987548142672;0.0343119114637,1,1,shinbrotPaperBisection,0.0865456722676754,3,48,48,47,3,1;4;5;6;7;9;10;12;13;13;16;17;19;20;22;26;28;30;30;31;31;32;36;37;38;39;39;39;39;43;46;47;47;51;52;52;52;53;54;54;55;55;57;57;58;58;58,1519;3038;4557;6076;7595;9114;10633;12152;13671;15190;16709;18228;19747;21266;22785;24304;25823;27342;28861;30380;31899;33418;34937;36456;37975;39494;41013;42532;44051;45570;47089;48608;50127;51646;53165;54684;56203;57722;59241;60760;62279;63798;65317;66836;68355;69874;71393,1.519;3.038;4.557;6.076;7.595;9.114;10.633;12.152;13.671;15.19;16.709;18.228;19.747;21.266;22.785;24.304;25.823;27.342;28.861;30.38;31.899;33.418;34.937;36.456;37.975;39.494;41.013;42.532;44.051;45.57;47.089;48.608;50.127;51.646;53.165;54.684;56.203;57.722;59.241;60.7599999999;62.2789999999;63.7979999999;65.3169999999;66.836;68.355;69.874;71.393,shinbrotPaperBisection;shinbrotPaperBisection;shinbrotPaperBisection;shinbrotPaperBisection;shinbrotPaperBisection;shinbrotPaperBisection;shinbrotPaperBisection;shinbrotPaperBisection;shinbrotPaperBisection;shinbrotPaperBisection;shinbrotPaperBisection;shinbrotPaperBisection;shinbrotPaperBisection;shinbrotPaperBisection;shinbrotPaperBisection;shinbrotPaperBisection;shinbrotPaperBisection;shinbrotPaperBisection;shinbrotPaperBisection;shinbrotPaperBisection;shinbrotPaperBisection;shinbrotPaperBisection;shinbrotPaperBisection;shinbrotPaperBisection;shinbrotPaperBisection;shinbrotPaperBisection;shinbrotPaperBisection;shinbrotPaperBisection;shinbrotPaperBisection;shinbrotPaperBisection;shinbrotPaperBisection;shinbrotPaperBisection;shinbrotPaperBisection;shinbrotPaperBisection;shinbrotPaperBisection;shinbrotPaperBisection;shinbrotPaperBisection;shinbrotPaperBisection;shinbrotPaperBisection;shinbrotPaperBisection;shinbrotPaperBisection;shinbrotPaperBisection;shinbrotPaperBisection;shinbrotPaperBisection;shinbrotPaperBisection;shinbrotPaperBisection;shinbrotPaperBisection,0.0886020342819;0.0174996107817;-0.0557299077511;-0.0702131420374;-0.0738992746919;0.0843204185367;-0.0150176301599;-0.045925205946;-0.00610181689262;0.0725572645664;NaN;NaN;-0.0867994561791;0.0604735940695;NaN;-0.0288268864155;-0.0614734560251;0.0215031087399;-0.0206106960773;0.0439332932234;-0.0625029381656;-0.0350378081203;-0.0236944660544;-0.0561071455479;-0.0747105371207;-0.031205137074;0.0940535962582;0.0301493346691;0.0704173624516;0.00547781586647;0.0998960532248;-0.0334159076214;-0.0151823475957;0.0718983501196;-0.0892215758562;0.0591197682545;0.00395992211998;-0.0605140984058;0.0249883033277;0.0746824920177;-0.00954906269908;-0.0261626276828;0.00658391416073;0.0935838162899;-0.0767767727375;0.0987548142672;0.0343119114637,1519,meanReturnCycleMatched,1.00026818778561,0.14029467438748,13.5887053256125,18.9748124138737,26.921,0,0,1,0,accepted-crossing limit exhausted,171.3110629
0.2,4,199004,paperCycleCadenceRetargetMode,shinbrotPaperBisection,0,NaN,60,55,NaN,82370,0.0865456722676754,-0.00959987491369248,0.0865456722677;0.0266379892826;-0.00310602337122;0.00552944540977;-0.0496077001095;-0.00951992869377;-0.0390279948711;0.0971658824012;0.062320843339;-0.0708273101598;-0.0300857678056;0.0463892281055;-0.0125571932178;0.0994877636433;0.0495607164688;-0.0504473466426;-0.0406410038471;0.0406303107738;-0.00897787958384;-0.0203204452991;-0.0500053243246;0.0594768268988;0.096770010516;0.0852829635143;-0.0562506616116;-0.0486408770084;0.0126890012994;0.0115975275636;0.0236319482327;0.00435180813074;-0.0145556151867;0.00451557040215;-0.086825953424;0.048082703352;0.000802575610578;-0.00575601607561;0.0997854664922;0.0912597317249;-0.061973553896;-0.0527069218457;-0.0802806556225;-0.0719610750675;0.0402807533741;-0.0564390694257;0.042271470651;-0.0340167105198;-0.0538637153804;-0.0730037391186;-0.0938663172536;0.00504665970802;-0.0685293257236;-0.0023424975574;0.072166313231;-0.00959987491369,1,1,shinbrotPaperBisection,0.0865456722676754,3,55,55,54,1,3;5;5;6;6;6;10;15;16;17;17;17;18;18;20;20;21;21;21;21;21;27;30;31;32;32;32;33;33;34;36;37;38;40;41;43;48;49;49;49;49;49;51;52;52;53;56;57;57;57;57;57;58;59,1519;3038;4557;6076;7595;9114;10633;12152;13671;15190;16709;18228;19747;21266;22785;24304;25823;27342;28861;30380;31899;33418;34937;36456;37975;39494;41013;42532;44051;45570;47089;48608;50127;51646;53165;54684;56203;57722;59241;60760;62279;63798;65317;66836;68355;69874;71393;72912;74431;75950;77469;78988;80507;82026,1.519;3.038;4.557;6.076;7.595;9.114;10.633;12.152;13.671;15.19;16.709;18.228;19.747;21.266;22.785;24.304;25.823;27.342;28.861;30.38;31.899;33.418;34.937;36.456;37.975;39.494;41.013;42.532;44.051;45.57;47.089;48.608;50.127;51.646;53.165;54.684;56.203;57.722;59.241;60.7599999999;62.2789999999;63.7979999999;65.3169999999;66.836;68.355;69.874;71.393;72.912;74.431;75.95;77.469;78.988;80.507;82.026,shinbrotPaperBisection;shinbrotPaperBisection;shinbrotPaperBisection;shinbrotPaperBisection;shinbrotPaperBisection;shinbrotPaperBisection;shinbrotPaperBisection;shinbrotPaperBisection;shinbrotPaperBisection;shinbrotPaperBisection;shinbrotPaperBisection;shinbrotPaperBisection;shinbrotPaperBisection;shinbrotPaperBisection;shinbrotPaperBisection;shinbrotPaperBisection;shinbrotPaperBisection;shinbrotPaperBisection;shinbrotPaperBisection;shinbrotPaperBisection;shinbrotPaperBisection;shinbrotPaperBisection;shinbrotPaperBisection;shinbrotPaperBisection;shinbrotPaperBisection;shinbrotPaperBisection;shinbrotPaperBisection;shinbrotPaperBisection;shinbrotPaperBisection;shinbrotPaperBisection;shinbrotPaperBisection;shinbrotPaperBisection;shinbrotPaperBisection;shinbrotPaperBisection;shinbrotPaperBisection;shinbrotPaperBisection;shinbrotPaperBisection;shinbrotPaperBisection;shinbrotPaperBisection;shinbrotPaperBisection;shinbrotPaperBisection;shinbrotPaperBisection;shinbrotPaperBisection;shinbrotPaperBisection;shinbrotPaperBisection;shinbrotPaperBisection;shinbrotPaperBisection;shinbrotPaperBisection;shinbrotPaperBisection;shinbrotPaperBisection;shinbrotPaperBisection;shinbrotPaperBisection;shinbrotPaperBisection;shinbrotPaperBisection,0.0266379892826;-0.00310602337122;0.00552944540977;-0.0496077001095;-0.00951992869377;-0.0390279948711;0.0971658824012;0.062320843339;-0.0708273101598;-0.0300857678056;0.0463892281055;-0.0125571932178;0.0994877636433;0.0495607164688;-0.0504473466426;-0.0406410038471;0.0406303107738;-0.00897787958384;-0.0203204452991;-0.0500053243246;NaN;0.0594768268988;0.096770010516;0.0852829635143;-0.0562506616116;-0.0486408770084;0.0126890012994;0.0115975275636;0.0236319482327;0.00435180813074;-0.0145556151867;0.00451557040215;-0.086825953424;0.048082703352;0.000802575610578;-0.00575601607561;0.0997854664922;0.0912597317249;-0.061973553896;-0.0527069218457;-0.0802806556225;-0.0719610750675;0.0402807533741;-0.0564390694257;0.042271470651;-0.0340167105198;-0.0538637153804;-0.0730037391186;-0.0938663172536;0.00504665970802;-0.0685293257236;-0.0023424975574;0.072166313231;-0.00959987491369,1519,meanReturnCycleMatched,1.00026818778561,4.63232379844529,18.3613237984453,29.7619641507448,26.921,0,0,1,0,accepted-crossing limit exhausted,198.4114778
0.2,5,199005,paperCycleCadenceRetargetMode,shinbrotPaperBisection,0,NaN,60,58,NaN,91293,0.0865456722676754,-0.0948915407061577,0.0865456722677;0.0568452842534;-0.041872638464;0.079183050245;0.050446882844;-0.00880407840014;-0.0992229640484;0.0664956271648;-0.00050506494008;-0.0860868528485;0.0612621560693;0.042256551981;-0.00819326043129;0.0157817900181;0.0516339439899;-0.0416817128658;0.0379624187946;-0.0674208700657;-0.0927424274385;0.00741882361472;0.0642837326974;-0.0358886420727;0.0654542636126;0.0422041237354;0.0490382116288;-0.0123547097901;0.099471572414;-0.0999307840131;-0.00261678099632;0.060307379812;0.0413388192654;-0.0110910691321;0.0600413858891;0.0358938425779;-0.0271961510181;-0.0220014991472;-0.0879385992885;0.0245355155319;0.0991750687361;-0.0571483552456;0.018820387125;-0.0212962210178;0.0219808261842;-0.0714832156897;0.00146141201258;0.00664096772671;-0.0330087974668;0.0468862324953;0.0314472973347;-0.000142496824265;-0.0388757988811;-0.0994937360287;0.0988459243439;-0.0948915407062,1,1,shinbrotPaperBisection,0.0865456722676754,3,61,61,60,7,0;2;4;5;11;12;16;19;19;19;19;20;22;24;25;28;30;34;36;37;37;37;38;38;38;38;39;40;40;40;42;42;42;42;42;43;45;45;46;47;47;48;48;48;48;48;48;49;49;50;50;51;51;52;53;53;53;58;58;59,1519;3038;4557;6076;7595;9114;10633;12152;13671;15190;16709;18228;19747;21266;22785;24304;25823;27342;28861;30380;31899;33418;34937;36456;37975;39494;41013;42532;44051;45570;47089;48608;50127;51646;53165;54684;56203;57722;59241;60760;62279;63798;65317;66836;68355;69874;71393;72912;74431;75950;77469;78988;80507;82026;83545;85064;86583;88102;89621;91140,1.519;3.038;4.557;6.076;7.595;9.114;10.633;12.152;13.671;15.19;16.709;18.228;19.747;21.266;22.785;24.304;25.823;27.342;28.861;30.38;31.899;33.418;34.937;36.456;37.975;39.494;41.013;42.532;44.051;45.57;47.089;48.608;50.127;51.646;53.165;54.684;56.203;57.722;59.241;60.7599999999;62.2789999999;63.7979999999;65.3169999999;66.836;68.355;69.874;71.393;72.912;74.431;75.95;77.469;78.988;80.507;82.026;83.545;85.064;86.583;88.1020000001;89.6210000001;91.1400000001,shinbrotPaperBisection;shinbrotPaperBisection;shinbrotPaperBisection;shinbrotPaperBisection;shinbrotPaperBisection;shinbrotPaperBisection;shinbrotPaperBisection;shinbrotPaperBisection;shinbrotPaperBisection;shinbrotPaperBisection;shinbrotPaperBisection;shinbrotPaperBisection;shinbrotPaperBisection;shinbrotPaperBisection;shinbrotPaperBisection;shinbrotPaperBisection;shinbrotPaperBisection;shinbrotPaperBisection;shinbrotPaperBisection;shinbrotPaperBisection;shinbrotPaperBisection;shinbrotPaperBisection;shinbrotPaperBisection;shinbrotPaperBisection;shinbrotPaperBisection;shinbrotPaperBisection;shinbrotPaperBisection;shinbrotPaperBisection;shinbrotPaperBisection;shinbrotPaperBisection;shinbrotPaperBisection;shinbrotPaperBisection;shinbrotPaperBisection;shinbrotPaperBisection;shinbrotPaperBisection;shinbrotPaperBisection;shinbrotPaperBisection;shinbrotPaperBisection;shinbrotPaperBisection;shinbrotPaperBisection;shinbrotPaperBisection;shinbrotPaperBisection;shinbrotPaperBisection;shinbrotPaperBisection;shinbrotPaperBisection;shinbrotPaperBisection;shinbrotPaperBisection;shinbrotPaperBisection;shinbrotPaperBisection;shinbrotPaperBisection;shinbrotPaperBisection;shinbrotPaperBisection;shinbrotPaperBisection;shinbrotPaperBisection;shinbrotPaperBisection;shinbrotPaperBisection;shinbrotPaperBisection;shinbrotPaperBisection;shinbrotPaperBisection;shinbrotPaperBisection,NaN;0.0568452842534;-0.041872638464;NaN;0.079183050245;0.050446882844;-0.00880407840014;-0.0992229640484;0.0664956271648;NaN;-0.00050506494008;NaN;-0.0860868528485;0.0612621560693;0.042256551981;-0.00819326043129;0.0157817900181;0.0516339439899;-0.0416817128658;0.0379624187946;-0.0674208700657;-0.0927424274385;0.00741882361472;NaN;0.0642837326974;-0.0358886420727;0.0654542636126;0.0422041237354;0.0490382116288;-0.0123547097901;0.099471572414;-0.0999307840131;-0.00261678099632;0.060307379812;0.0413388192654;-0.0110910691321;0.0600413858891;NaN;0.0358938425779;-0.0271961510181;-0.0220014991472;-0.0879385992885;0.0245355155319;0.0991750687361;-0.0571483552456;0.018820387125;-0.0212962210178;0.0219808261842;-0.0714832156897;0.00146141201258;0.00664096772671;-0.0330087974668;0.0468862324953;0.0314472973347;-0.000142496824265;-0.0388757988811;NaN;-0.0994937360287;0.0988459243439;-0.0948915407062,1519,meanReturnCycleMatched,1.00026818778561,1.12199689823647,12.6070031017635,17.0127212002062,26.921,0,0,1,0,accepted-crossing limit exhausted,207.9291813
0.2,6,199006,paperCycleCadenceRetargetMode,shinbrotPaperBisection,0,NaN,60,65,NaN,90656,0.0865456722676754,-0.0823530495166779,0.0865456722677;0.0514903448522;-0.0591825664043;0.0580910623074;-0.0437647980638;-0.0681816518307;-0.0745352348313;-0.0872065603733;-0.0673710018396;0.0937624474987;-0.0331832945347;-0.0957920476794;-0.0186003744602;-0.0292940437794;-0.0247590973973;0.0500096267089;0.0915331337601;0.0906028035766;-0.00114052006975;0.0649402797222;0.00392236411572;0.000424600765109;0.0869836245663;0.0444942891598;0.0951149959117;0.0842641554773;0.0530556984246;-0.0567802131176;0.0990653222427;-0.0639558374882;0.0625258862972;0.0488930881023;0.0326821118593;0.000700014829636;-0.000993680208921;0.0223160415888;-0.0933687746525;0.0699793364853;-0.0124749430921;-0.00329949110746;0.0894815154374;-0.00859191566706;0.0684047162533;-0.00815995708108;0.0375671356916;-0.0105159923434;0.0754042420536;-0.0247136175632;-0.0980188071728;-0.032209032774;-0.0256316289306;0.0239922338165;0.0978642981936;-0.0414767578244;-0.0525322265923;-0.0562452562153;0.0290418803692;-0.00447809100151;-0.0823530495167,1,1,shinbrotPaperBisection,0.0865456722676754,3,60,60,59,1,1;1;1;1;1;4;5;5;8;9;9;14;16;16;16;18;19;19;19;20;20;21;26;28;28;28;29;32;32;32;32;32;33;34;34;35;37;37;40;40;42;42;42;44;48;48;48;49;50;50;51;51;54;54;54;55;57;57;58,1519;3038;4557;6076;7595;9114;10633;12152;13671;15190;16709;18228;19747;21266;22785;24304;25823;27342;28861;30380;31899;33418;34937;36456;37975;39494;41013;42532;44051;45570;47089;48608;50127;51646;53165;54684;56203;57722;59241;60760;62279;63798;65317;66836;68355;69874;71393;72912;74431;75950;77469;78988;80507;82026;83545;85064;86583;88102;89621,1.519;3.038;4.557;6.076;7.595;9.114;10.633;12.152;13.671;15.19;16.709;18.228;19.747;21.266;22.785;24.304;25.823;27.342;28.861;30.38;31.899;33.418;34.937;36.456;37.975;39.494;41.013;42.532;44.051;45.57;47.089;48.608;50.127;51.646;53.165;54.684;56.203;57.722;59.241;60.7599999999;62.2789999999;63.7979999999;65.3169999999;66.836;68.355;69.874;71.393;72.912;74.431;75.95;77.469;78.988;80.507;82.026;83.545;85.064;86.583;88.1020000001;89.6210000001,shinbrotPaperBisection;shinbrotPaperBisection;shinbrotPaperBisection;shinbrotPaperBisection;shinbrotPaperBisection;shinbrotPaperBisection;shinbrotPaperBisection;shinbrotPaperBisection;shinbrotPaperBisection;shinbrotPaperBisection;shinbrotPaperBisection;shinbrotPaperBisection;shinbrotPaperBisection;shinbrotPaperBisection;shinbrotPaperBisection;shinbrotPaperBisection;shinbrotPaperBisection;shinbrotPaperBisection;shinbrotPaperBisection;shinbrotPaperBisection;shinbrotPaperBisection;shinbrotPaperBisection;shinbrotPaperBisection;shinbrotPaperBisection;shinbrotPaperBisection;shinbrotPaperBisection;shinbrotPaperBisection;shinbrotPaperBisection;shinbrotPaperBisection;shinbrotPaperBisection;shinbrotPaperBisection;shinbrotPaperBisection;shinbrotPaperBisection;shinbrotPaperBisection;shinbrotPaperBisection;shinbrotPaperBisection;shinbrotPaperBisection;shinbrotPaperBisection;shinbrotPaperBisection;shinbrotPaperBisection;shinbrotPaperBisection;shinbrotPaperBisection;shinbrotPaperBisection;shinbrotPaperBisection;shinbrotPaperBisection;shinbrotPaperBisection;shinbrotPaperBisection;shinbrotPaperBisection;shinbrotPaperBisection;shinbrotPaperBisection;shinbrotPaperBisection;shinbrotPaperBisection;shinbrotPaperBisection;shinbrotPaperBisection;shinbrotPaperBisection;shinbrotPaperBisection;shinbrotPaperBisection;shinbrotPaperBisection;shinbrotPaperBisection,0.0514903448522;-0.0591825664043;0.0580910623074;-0.0437647980638;NaN;-0.0681816518307;-0.0745352348313;-0.0872065603733;-0.0673710018396;0.0937624474987;-0.0331832945347;-0.0957920476794;-0.0186003744602;-0.0292940437794;-0.0247590973973;0.0500096267089;0.0915331337601;0.0906028035766;-0.00114052006975;0.0649402797222;0.00392236411572;0.000424600765109;0.0869836245663;0.0444942891598;0.0951149959117;0.0842641554773;0.0530556984246;-0.0567802131176;0.0990653222427;-0.0639558374882;0.0625258862972;0.0488930881023;0.0326821118593;0.000700014829636;-0.000993680208921;0.0223160415888;-0.0933687746525;0.0699793364853;-0.0124749430921;-0.00329949110746;0.0894815154374;-0.00859191566706;0.0684047162533;-0.00815995708108;0.0375671356916;-0.0105159923434;0.0754042420536;-0.0247136175632;-0.0980188071728;-0.032209032774;-0.0256316289306;0.0239922338165;0.0978642981936;-0.0414767578244;-0.0525322265923;-0.0562452562153;0.0290418803692;-0.00447809100151;-0.0823530495167,1519,meanReturnCycleMatched,1.00026818778561,0.642099202499333,13.0869007975007,19.2560425354225,26.921,0,0,1,0,accepted-crossing limit exhausted,245.653591
0.2,7,199007,paperCycleCadenceRetargetMode,shinbrotPaperBisection,0,NaN,60,50,NaN,85207,0.0865456722676754,-0.0734727323055267,0.0865456722677;-0.0887448623776;0.0240411370993;0.0643995374441;-0.0631540715694;0.0348970495164;0.02951810956;0.093235315429;-0.0776652069762;-0.0731965333223;0.0405047953129;-0.0150937736034;0.0934794962406;0.0804896011949;0.031774584204;0.0567975672893;-0.0885185301304;0.0752137618139;0.0162962824106;-0.0620802216232;0.0614478364587;0.0724996456876;-0.00839063078165;-0.0029436852783;0.0462024390697;-0.014845739305;0.0268529713154;0.0242053776979;-0.00311086773872;0.0302489608526;-0.0204211547971;-0.0992817342281;-0.0477855145931;0.0490668952465;-0.0813388854265;0.0963977843523;0.0935053672642;-0.0911168396473;0.0187908189837;-0.0669372528791;-0.0417044386268;-0.00331350080669;0.00859894454479;-0.0733077943325;0.0975338749588;-0.079269939661;0.0961037257977;-0.0178555548191;0.0205478038639;-0.00161468237638;-0.0948215067387;-0.0734727323055,1,1,shinbrotPaperBisection,0.0865456722676754,3,57,57,56,5,5;6;8;9;11;11;11;11;13;13;16;16;16;16;17;19;19;19;19;19;20;22;24;24;25;27;28;28;30;31;32;34;36;39;39;41;42;43;44;46;48;48;52;53;53;53;54;54;54;54;56;57;57;57;58;59,1519;3038;4557;6076;7595;9114;10633;12152;13671;15190;16709;18228;19747;21266;22785;24304;25823;27342;28861;30380;31899;33418;34937;36456;37975;39494;41013;42532;44051;45570;47089;48608;50127;51646;53165;54684;56203;57722;59241;60760;62279;63798;65317;66836;68355;69874;71393;72912;74431;75950;77469;78988;80507;82026;83545;85064,1.519;3.038;4.557;6.076;7.595;9.114;10.633;12.152;13.671;15.19;16.709;18.228;19.747;21.266;22.785;24.304;25.823;27.342;28.861;30.38;31.899;33.418;34.937;36.456;37.975;39.494;41.013;42.532;44.051;45.57;47.089;48.608;50.127;51.646;53.165;54.684;56.203;57.722;59.241;60.7599999999;62.2789999999;63.7979999999;65.3169999999;66.836;68.355;69.874;71.393;72.912;74.431;75.95;77.469;78.988;80.507;82.026;83.545;85.064,shinbrotPaperBisection;shinbrotPaperBisection;shinbrotPaperBisection;shinbrotPaperBisection;shinbrotPaperBisection;shinbrotPaperBisection;shinbrotPaperBisection;shinbrotPaperBisection;shinbrotPaperBisection;shinbrotPaperBisection;shinbrotPaperBisection;shinbrotPaperBisection;shinbrotPaperBisection;shinbrotPaperBisection;shinbrotPaperBisection;shinbrotPaperBisection;shinbrotPaperBisection;shinbrotPaperBisection;shinbrotPaperBisection;shinbrotPaperBisection;shinbrotPaperBisection;shinbrotPaperBisection;shinbrotPaperBisection;shinbrotPaperBisection;shinbrotPaperBisection;shinbrotPaperBisection;shinbrotPaperBisection;shinbrotPaperBisection;shinbrotPaperBisection;shinbrotPaperBisection;shinbrotPaperBisection;shinbrotPaperBisection;shinbrotPaperBisection;shinbrotPaperBisection;shinbrotPaperBisection;shinbrotPaperBisection;shinbrotPaperBisection;shinbrotPaperBisection;shinbrotPaperBisection;shinbrotPaperBisection;shinbrotPaperBisection;shinbrotPaperBisection;shinbrotPaperBisection;shinbrotPaperBisection;shinbrotPaperBisection;shinbrotPaperBisection;shinbrotPaperBisection;shinbrotPaperBisection;shinbrotPaperBisection;shinbrotPaperBisection;shinbrotPaperBisection;shinbrotPaperBisection;shinbrotPaperBisection;shinbrotPaperBisection;shinbrotPaperBisection;shinbrotPaperBisection,-0.0887448623776;NaN;0.0240411370993;NaN;0.0643995374441;-0.0631540715694;0.0348970495164;0.02951810956;0.093235315429;-0.0776652069762;NaN;-0.0731965333223;0.0405047953129;-0.0150937736034;0.0934794962406;0.0804896011949;0.031774584204;0.0567975672893;-0.0885185301304;0.0752137618139;0.0162962824106;-0.0620802216232;0.0614478364587;0.0724996456876;-0.00839063078165;-0.0029436852783;0.0462024390697;NaN;-0.014845739305;0.0268529713154;0.0242053776979;-0.00311086773872;0.0302489608526;-0.0204211547971;-0.0992817342281;-0.0477855145931;0.0490668952465;-0.0813388854265;0.0963977843523;0.0935053672642;-0.0911168396473;0.0187908189837;-0.0669372528791;-0.0417044386268;-0.00331350080669;0.00859894454479;-0.0733077943325;0.0975338749588;-0.079269939661;0.0961037257977;-0.0178555548191;0.0205478038639;-0.00161468237638;-0.0948215067387;NaN;-0.0734727323055,1519,meanReturnCycleMatched,1.00026818778561,2.39336719906783,11.3356328009322,14.6285246174547,26.921,0,0,1,0,accepted-crossing limit exhausted,202.8840477
0.2,8,199008,paperCycleCadenceRetargetMode,shinbrotPaperBisection,0,NaN,60,64,NaN,87628,0.0865456722676754,0.088056854903698,0.0865456722677;0.0631582677364;-0.0348191797733;0.0670503288507;-0.0115978643298;0.0446066349745;0.0229560840875;-0.0724951684475;-0.00105268564075;0.0724404349923;0.0149460271001;-0.0201844513416;0.0415001221001;-0.091428630054;-0.0515108007938;-0.068660852313;-0.0209145009518;0.0675896272063;-0.0369979530573;0.0544700115919;-0.0251342932694;0.0605868846178;-0.0977876752615;-0.00182792581618;0.067177054286;0.0693583469838;0.0198903739452;-0.0833141744137;-0.06681676507;0.0484499275684;-0.00246817022562;-0.0109836995602;-0.00499761551619;-0.0369842872024;-0.0162458121777;-0.046198040247;0.0214775636792;0.0221776876599;0.0309983380139;-0.0666133373976;0.0341801017523;0.0533506304026;-0.0773002564907;0.00663618445396;0.0177572876215;-0.0840131819248;0.0287137787789;-0.0980620443821;-0.0121237729676;0.0661526054144;-0.0732668220997;-0.0524990655482;0.0493401337415;-0.0628513395786;0.0928819885012;0.0880568549037,1,1,shinbrotPaperBisection,0.0865456722676754,3,58,58,57,2,0;0;1;2;3;3;3;4;8;8;8;8;8;10;12;15;15;16;19;19;20;20;22;23;25;30;32;32;32;32;32;32;32;33;33;35;38;38;38;38;38;38;38;39;39;43;44;48;49;49;49;51;52;55;57;58;58,1519;3038;4557;6076;7595;9114;10633;12152;13671;15190;16709;18228;19747;21266;22785;24304;25823;27342;28861;30380;31899;33418;34937;36456;37975;39494;41013;42532;44051;45570;47089;48608;50127;51646;53165;54684;56203;57722;59241;60760;62279;63798;65317;66836;68355;69874;71393;72912;74431;75950;77469;78988;80507;82026;83545;85064;86583,1.519;3.038;4.557;6.076;7.595;9.114;10.633;12.152;13.671;15.19;16.709;18.228;19.747;21.266;22.785;24.304;25.823;27.342;28.861;30.38;31.899;33.418;34.937;36.456;37.975;39.494;41.013;42.532;44.051;45.57;47.089;48.608;50.127;51.646;53.165;54.684;56.203;57.722;59.241;60.7599999999;62.2789999999;63.7979999999;65.3169999999;66.836;68.355;69.874;71.393;72.912;74.431;75.95;77.469;78.988;80.507;82.026;83.545;85.064;86.583,shinbrotPaperBisection;shinbrotPaperBisection;shinbrotPaperBisection;shinbrotPaperBisection;shinbrotPaperBisection;shinbrotPaperBisection;shinbrotPaperBisection;shinbrotPaperBisection;shinbrotPaperBisection;shinbrotPaperBisection;shinbrotPaperBisection;shinbrotPaperBisection;shinbrotPaperBisection;shinbrotPaperBisection;shinbrotPaperBisection;shinbrotPaperBisection;shinbrotPaperBisection;shinbrotPaperBisection;shinbrotPaperBisection;shinbrotPaperBisection;shinbrotPaperBisection;shinbrotPaperBisection;shinbrotPaperBisection;shinbrotPaperBisection;shinbrotPaperBisection;shinbrotPaperBisection;shinbrotPaperBisection;shinbrotPaperBisection;shinbrotPaperBisection;shinbrotPaperBisection;shinbrotPaperBisection;shinbrotPaperBisection;shinbrotPaperBisection;shinbrotPaperBisection;shinbrotPaperBisection;shinbrotPaperBisection;shinbrotPaperBisection;shinbrotPaperBisection;shinbrotPaperBisection;shinbrotPaperBisection;shinbrotPaperBisection;shinbrotPaperBisection;shinbrotPaperBisection;shinbrotPaperBisection;shinbrotPaperBisection;shinbrotPaperBisection;shinbrotPaperBisection;shinbrotPaperBisection;shinbrotPaperBisection;shinbrotPaperBisection;shinbrotPaperBisection;shinbrotPaperBisection;shinbrotPaperBisection;shinbrotPaperBisection;shinbrotPaperBisection;shinbrotPaperBisection;shinbrotPaperBisection,0.0631582677364;-0.0348191797733;0.0670503288507;-0.0115978643298;0.0446066349745;0.0229560840875;-0.0724951684475;-0.00105268564075;0.0724404349923;0.0149460271001;-0.0201844513416;0.0415001221001;-0.091428630054;-0.0515108007938;-0.068660852313;-0.0209145009518;0.0675896272063;-0.0369979530573;0.0544700115919;-0.0251342932694;0.0605868846178;-0.0977876752615;-0.00182792581618;0.067177054286;0.0693583469838;0.0198903739452;-0.0833141744137;-0.06681676507;0.0484499275684;-0.00246817022562;-0.0109836995602;-0.00499761551619;-0.0369842872024;-0.0162458121777;-0.046198040247;0.0214775636792;0.0221776876599;0.0309983380139;-0.0666133373976;0.0341801017523;0.0533506304026;-0.0773002564907;0.00663618445396;0.0177572876215;-0.0840131819248;0.0287137787789;-0.0980620443821;NaN;-0.0121237729676;0.0661526054144;-0.0732668220997;NaN;-0.0524990655482;0.0493401337415;-0.0628513395786;0.0928819885012;0.0880568549037,1519,meanReturnCycleMatched,1.00026818778561,5.11906884641089,8.60993115358911,12.8203935109293,26.921,0,0,1,0,accepted-crossing limit exhausted,188.4770851
0.2,9,199009,paperCycleCadenceRetargetMode,shinbrotPaperBisection,0,NaN,60,62,NaN,93653,0.0865456722676754,-0.051860636472702,0.0865456722677;-0.000913387537003;-0.0246454536915;0.0928785830736;0.085682040453;0.0091514647007;0.0345499359071;-0.0143343269825;0.00867370963097;0.061340841651;0.00241715870798;0.099292870611;-0.0547152936459;-0.00888483896852;-0.0872662752867;0.0809572376311;0.0353555597365;0.0297230631113;0.093693209812;-0.0921434625983;0.0817311316729;-0.0813499718904;0.0726805612445;-0.0317545160651;0.0216300036758;-0.0832158833742;0.0330679476261;-0.0471164286137;0.0690278545022;0.0952672541142;0.000331779569387;0.0656117096543;-0.0965998694301;0.00970765203238;0.0108914196491;-0.0329807460308;-0.0563752182061;-0.0745599657297;-0.0761757910252;0.098252825439;-0.0744547519833;-0.0848788063973;0.0992893887218;0.0675521674566;-0.0925021708012;0.0563044816256;0.0431154638529;-0.072633677721;0.0764938052744;-0.0459752999246;-0.0634053051472;0.089858135581;-0.0882019102573;-0.0666295319796;-0.0474477380514;-0.0971593953669;-0.0518606364727,1,1,shinbrotPaperBisection,0.0865456722676754,3,62,62,61,5,0;3;3;3;6;6;11;12;12;12;12;12;13;15;15;15;15;17;19;20;21;22;23;26;26;26;29;30;30;30;32;32;32;34;34;38;39;40;40;40;41;42;42;42;45;48;48;49;50;50;50;50;50;53;54;55;56;56;57;57;59,1519;3038;4557;6076;7595;9114;10633;12152;13671;15190;16709;18228;19747;21266;22785;24304;25823;27342;28861;30380;31899;33418;34937;36456;37975;39494;41013;42532;44051;45570;47089;48608;50127;51646;53165;54684;56203;57722;59241;60760;62279;63798;65317;66836;68355;69874;71393;72912;74431;75950;77469;78988;80507;82026;83545;85064;86583;88102;89621;91140;92659,1.519;3.038;4.557;6.076;7.595;9.114;10.633;12.152;13.671;15.19;16.709;18.228;19.747;21.266;22.785;24.304;25.823;27.342;28.861;30.38;31.899;33.418;34.937;36.456;37.975;39.494;41.013;42.532;44.051;45.57;47.089;48.608;50.127;51.646;53.165;54.684;56.203;57.722;59.241;60.7599999999;62.2789999999;63.7979999999;65.3169999999;66.836;68.355;69.874;71.393;72.912;74.431;75.95;77.469;78.988;80.507;82.026;83.545;85.064;86.583;88.1020000001;89.6210000001;91.1400000001;92.6590000001,shinbrotPaperBisection;shinbrotPaperBisection;shinbrotPaperBisection;shinbrotPaperBisection;shinbrotPaperBisection;shinbrotPaperBisection;shinbrotPaperBisection;shinbrotPaperBisection;shinbrotPaperBisection;shinbrotPaperBisection;shinbrotPaperBisection;shinbrotPaperBisection;shinbrotPaperBisection;shinbrotPaperBisection;shinbrotPaperBisection;shinbrotPaperBisection;shinbrotPaperBisection;shinbrotPaperBisection;shinbrotPaperBisection;shinbrotPaperBisection;shinbrotPaperBisection;shinbrotPaperBisection;shinbrotPaperBisection;shinbrotPaperBisection;shinbrotPaperBisection;shinbrotPaperBisection;shinbrotPaperBisection;shinbrotPaperBisection;shinbrotPaperBisection;shinbrotPaperBisection;shinbrotPaperBisection;shinbrotPaperBisection;shinbrotPaperBisection;shinbrotPaperBisection;shinbrotPaperBisection;shinbrotPaperBisection;shinbrotPaperBisection;shinbrotPaperBisection;shinbrotPaperBisection;shinbrotPaperBisection;shinbrotPaperBisection;shinbrotPaperBisection;shinbrotPaperBisection;shinbrotPaperBisection;shinbrotPaperBisection;shinbrotPaperBisection;shinbrotPaperBisection;shinbrotPaperBisection;shinbrotPaperBisection;shinbrotPaperBisection;shinbrotPaperBisection;shinbrotPaperBisection;shinbrotPaperBisection;shinbrotPaperBisection;shinbrotPaperBisection;shinbrotPaperBisection;shinbrotPaperBisection;shinbrotPaperBisection;shinbrotPaperBisection;shinbrotPaperBisection;shinbrotPaperBisection,-0.000913387537003;-0.0246454536915;0.0928785830736;0.085682040453;0.0091514647007;0.0345499359071;-0.0143343269825;0.00867370963097;0.061340841651;0.00241715870798;0.099292870611;-0.0547152936459;-0.00888483896852;-0.0872662752867;0.0809572376311;0.0353555597365;NaN;0.0297230631113;0.093693209812;-0.0921434625983;0.0817311316729;NaN;-0.0813499718904;0.0726805612445;-0.0317545160651;0.0216300036758;NaN;-0.0832158833742;0.0330679476261;-0.0471164286137;0.0690278545022;0.0952672541142;0.000331779569387;0.0656117096543;-0.0965998694301;0.00970765203238;0.0108914196491;-0.0329807460308;-0.0563752182061;NaN;-0.0745599657297;-0.0761757910252;0.098252825439;-0.0744547519833;-0.0848788063973;0.0992893887218;0.0675521674566;-0.0925021708012;0.0563044816256;0.0431154638529;-0.072633677721;0.0764938052744;NaN;-0.0459752999246;-0.0634053051472;0.089858135581;-0.0882019102573;-0.0666295319796;-0.0474477380514;-0.0971593953669;-0.0518606364727,1519,meanReturnCycleMatched,1.00026818778561,2.58414794457493,16.3131479445749,22.0940606813536,26.921,0,0,1,0,accepted-crossing limit exhausted,206.657843
0.2,10,199010,paperCycleCadenceRetargetMode,shinbrotPaperBisection,0,NaN,60,49,NaN,61948,0.0865456722676754,0.065476793050766,0.0865456722677;-0.0574466049671;0.00529254376888;-0.00741099715233;-0.0383491537534;-0.026899291575;-0.0852887004614;-0.0041112460196;0.0561046399176;0.0908611241728;-0.0948472201824;-0.0569195590913;0.0257435806096;-0.0343976214528;-0.0751376793487;0.0592926681042;-0.0578213244677;-0.0102957308292;0.0764182601124;-0.00604843497276;-0.0857477128506;-0.0517248464748;0.0954088080674;0.0905145786703;0.0227842081338;-0.0534862935543;-0.0901785314083;-0.0622427523136;-0.0765413384885;0.0984253476534;0.0108749210835;-0.0528798423707;-0.0500226914883;0.0691953480244;-0.00170032400638;0.0402033736464;0.0791440441273;0.0999785737367;0.0654767930508,1,1,shinbrotPaperBisection,0.0865456722676754,3,41,41,40,2,1;2;2;2;2;4;5;9;11;13;15;15;15;16;21;21;21;24;31;34;39;39;39;39;40;42;42;42;42;42;42;45;50;50;50;53;55;55;56;57,1519;3038;4557;6076;7595;9114;10633;12152;13671;15190;16709;18228;19747;21266;22785;24304;25823;27342;28861;30380;31899;33418;34937;36456;37975;39494;41013;42532;44051;45570;47089;48608;50127;51646;53165;54684;56203;57722;59241;60760,1.519;3.038;4.557;6.076;7.595;9.114;10.633;12.152;13.671;15.19;16.709;18.228;19.747;21.266;22.785;24.304;25.823;27.342;28.861;30.38;31.899;33.418;34.937;36.456;37.975;39.494;41.013;42.532;44.051;45.57;47.089;48.608;50.127;51.646;53.165;54.684;56.203;57.722;59.241;60.7599999999,shinbrotPaperBisection;shinbrotPaperBisection;shinbrotPaperBisection;shinbrotPaperBisection;shinbrotPaperBisection;shinbrotPaperBisection;shinbrotPaperBisection;shinbrotPaperBisection;shinbrotPaperBisection;shinbrotPaperBisection;shinbrotPaperBisection;shinbrotPaperBisection;shinbrotPaperBisection;shinbrotPaperBisection;shinbrotPaperBisection;shinbrotPaperBisection;shinbrotPaperBisection;shinbrotPaperBisection;shinbrotPaperBisection;shinbrotPaperBisection;shinbrotPaperBisection;shinbrotPaperBisection;shinbrotPaperBisection;shinbrotPaperBisection;shinbrotPaperBisection;shinbrotPaperBisection;shinbrotPaperBisection;shinbrotPaperBisection;shinbrotPaperBisection;shinbrotPaperBisection;shinbrotPaperBisection;shinbrotPaperBisection;shinbrotPaperBisection;shinbrotPaperBisection;shinbrotPaperBisection;shinbrotPaperBisection;shinbrotPaperBisection;shinbrotPaperBisection;shinbrotPaperBisection;shinbrotPaperBisection,-0.0574466049671;0.00529254376888;-0.00741099715233;-0.0383491537534;-0.026899291575;-0.0852887004614;-0.0041112460196;0.0561046399176;0.0908611241728;-0.0948472201824;-0.0569195590913;0.0257435806096;NaN;-0.0343976214528;-0.0751376793487;0.0592926681042;-0.0578213244677;-0.0102957308292;0.0764182601124;NaN;-0.00604843497276;-0.0857477128506;-0.0517248464748;0.0954088080674;0.0905145786703;0.0227842081338;-0.0534862935543;-0.0901785314083;-0.0622427523136;-0.0765413384885;0.0984253476534;0.0108749210835;-0.0528798423707;-0.0500226914883;0.0691953480244;-0.00170032400638;0.0402033736464;0.0791440441273;0.0999785737367;0.0654767930508,1519,meanReturnCycleMatched,1.00026818778561,1.85066468996654,15.5796646899665,20.764653075835,26.921,0,0,1,0,accepted-crossing limit exhausted,153.5785823
0.3,1,200001,paperCycleCadenceRetargetMode,shinbrotPaperBisection,0,NaN,60,50,NaN,76115,0.0865456722676754,0.0798679560422898,0.0865456722677;0.0894804537296;-0.0779377430677;-0.0213257730007;-0.0312537052203;-5.52989542484e-05;-0.0778340667486;-0.0710373129696;0.0721657425165;0.0883734516799;-0.0624314844608;0.0216330677271;0.0365649610758;-0.0453048788011;-0.0364176765084;0.0504315856844;0.0953581433976;-0.0991421611048;-0.0768968880177;-0.0224044144154;0.0914549707435;0.0810168333352;0.0518747720867;0.0205362260342;-0.0333106175065;-0.0688641011715;0.0522579591721;-0.0459035336971;0.04800266698;0.0481084048748;-0.0281571567059;-0.0679177105427;-0.0532607853413;0.0187473624945;-0.0334626734257;5.67807815969e-05;-0.0575530827045;-0.0636809544638;-0.0331751406193;0.0522824943066;-0.00607048869133;-0.0260113611817;-0.0341542303562;-0.0104282788932;0.098935931921;-0.0573393374681;0.0798679560423,1,1,shinbrotPaperBisection,0.0865456722676754,3,51,51,50,4,1;1;4;4;4;6;6;9;11;13;14;14;19;19;23;24;25;26;26;27;27;27;28;29;29;30;30;30;32;37;39;40;40;42;43;43;47;48;50;51;54;54;55;55;55;55;55;55;59;59,1519;3038;4557;6076;7595;9114;10633;12152;13671;15190;16709;18228;19747;21266;22785;24304;25823;27342;28861;30380;31899;33418;34937;36456;37975;39494;41013;42532;44051;45570;47089;48608;50127;51646;53165;54684;56203;57722;59241;60760;62279;63798;65317;66836;68355;69874;71393;72912;74431;75950,1.519;3.038;4.557;6.076;7.595;9.114;10.633;12.152;13.671;15.19;16.709;18.228;19.747;21.266;22.785;24.304;25.823;27.342;28.861;30.38;31.899;33.418;34.937;36.456;37.975;39.494;41.013;42.532;44.051;45.57;47.089;48.608;50.127;51.646;53.165;54.684;56.203;57.722;59.241;60.7599999999;62.2789999999;63.7979999999;65.3169999999;66.836;68.355;69.874;71.393;72.912;74.431;75.95,shinbrotPaperBisection;shinbrotPaperBisection;shinbrotPaperBisection;shinbrotPaperBisection;shinbrotPaperBisection;shinbrotPaperBisection;shinbrotPaperBisection;shinbrotPaperBisection;shinbrotPaperBisection;shinbrotPaperBisection;shinbrotPaperBisection;shinbrotPaperBisection;shinbrotPaperBisection;shinbrotPaperBisection;shinbrotPaperBisection;shinbrotPaperBisection;shinbrotPaperBisection;shinbrotPaperBisection;shinbrotPaperBisection;shinbrotPaperBisection;shinbrotPaperBisection;shinbrotPaperBisection;shinbrotPaperBisection;shinbrotPaperBisection;shinbrotPaperBisection;shinbrotPaperBisection;shinbrotPaperBisection;shinbrotPaperBisection;shinbrotPaperBisection;shinbrotPaperBisection;shinbrotPaperBisection;shinbrotPaperBisection;shinbrotPaperBisection;shinbrotPaperBisection;shinbrotPaperBisection;shinbrotPaperBisection;shinbrotPaperBisection;shinbrotPaperBisection;shinbrotPaperBisection;shinbrotPaperBisection;shinbrotPaperBisection;shinbrotPaperBisection;shinbrotPaperBisection;shinbrotPaperBisection;shinbrotPaperBisection;shinbrotPaperBisection;shinbrotPaperBisection;shinbrotPaperBisection;shinbrotPaperBisection;shinbrotPaperBisection,0.0894804537296;-0.0779377430677;-0.0213257730007;-0.0312537052203;-5.52989542484e-05;-0.0778340667486;-0.0710373129696;0.0721657425165;0.0883734516799;NaN;-0.0624314844608;NaN;0.0216330677271;0.0365649610758;-0.0453048788011;-0.0364176765084;0.0504315856844;0.0953581433976;-0.0991421611048;-0.0768968880177;-0.0224044144154;0.0914549707435;0.0810168333352;0.0518747720867;NaN;0.0205362260342;-0.0333106175065;-0.0688641011715;0.0522579591721;-0.0459035336971;0.04800266698;NaN;0.0481084048748;-0.0281571567059;-0.0679177105427;-0.0532607853413;0.0187473624945;-0.0334626734257;5.67807815969e-05;-0.0575530827045;-0.0636809544638;-0.0331751406193;0.0522824943066;-0.00607048869133;-0.0260113611817;-0.0341542303562;-0.0104282788932;0.098935931921;-0.0573393374681;0.0798679560423,1519,meanReturnCycleMatched,1.00026818778561,2.42970418825328,11.2992958117467,16.7268741987278,26.921,0,0,1,0,accepted-crossing limit exhausted,169.8741158
0.3,2,200002,paperCycleCadenceRetargetMode,shinbrotPaperBisection,0,NaN,60,75,NaN,85155,0.0865456722676754,-0.0624317556619644,0.0865456722677;0.0407239753753;-0.00835492014885;-0.0523712575436;-0.0259389340878;-0.0440668083727;-0.04989506118;-0.0975254192948;-0.0486742287874;0.0929813876748;0.0696622878313;-0.0619468986988;-0.0676272213459;-0.0496804125607;-0.0364615872502;-0.00251056067646;-0.0291840732098;0.025685428828;-0.0905422151089;0.0869227363728;-0.00921589583158;0.00741440653801;-0.0366663202643;-0.0779501616955;0.00691478848457;-0.0195910990238;-0.0295764744282;0.0991649396718;0.0511247098446;0.0512865848839;0.036774828285;0.0156904608011;0.0169624190778;0.0471940588206;0.0981194794178;0.0312281019986;-0.0646082371473;0.0672380417585;-0.0532053768635;0.037389619078;0.00364824235439;-0.0770916759968;-0.01832600981;0.0666975408792;-0.0271734535694;-0.0772040188313;0.0366440601647;0.0940341390669;0.0511826187372;0.0568774044514;-0.0941268622875;0.0969128470868;-0.0979971945286;-0.062431755662,1,1,shinbrotPaperBisection,0.0865456722676754,3,57,57,56,3,4;6;6;6;6;6;6;6;7;9;10;11;11;11;13;16;17;17;19;27;28;28;32;32;34;37;37;39;39;39;40;40;40;40;44;44;45;47;49;49;49;49;50;50;50;50;53;53;53;54;58;58;58;58;58;58,1519;3038;4557;6076;7595;9114;10633;12152;13671;15190;16709;18228;19747;21266;22785;24304;25823;27342;28861;30380;31899;33418;34937;36456;37975;39494;41013;42532;44051;45570;47089;48608;50127;51646;53165;54684;56203;57722;59241;60760;62279;63798;65317;66836;68355;69874;71393;72912;74431;75950;77469;78988;80507;82026;83545;85064,1.519;3.038;4.557;6.076;7.595;9.114;10.633;12.152;13.671;15.19;16.709;18.228;19.747;21.266;22.785;24.304;25.823;27.342;28.861;30.38;31.899;33.418;34.937;36.456;37.975;39.494;41.013;42.532;44.051;45.57;47.089;48.608;50.127;51.646;53.165;54.684;56.203;57.722;59.241;60.7599999999;62.2789999999;63.7979999999;65.3169999999;66.836;68.355;69.874;71.393;72.912;74.431;75.95;77.469;78.988;80.507;82.026;83.545;85.064,shinbrotPaperBisection;shinbrotPaperBisection;shinbrotPaperBisection;shinbrotPaperBisection;shinbrotPaperBisection;shinbrotPaperBisection;shinbrotPaperBisection;shinbrotPaperBisection;shinbrotPaperBisection;shinbrotPaperBisection;shinbrotPaperBisection;shinbrotPaperBisection;shinbrotPaperBisection;shinbrotPaperBisection;shinbrotPaperBisection;shinbrotPaperBisection;shinbrotPaperBisection;shinbrotPaperBisection;shinbrotPaperBisection;shinbrotPaperBisection;shinbrotPaperBisection;shinbrotPaperBisection;shinbrotPaperBisection;shinbrotPaperBisection;shinbrotPaperBisection;shinbrotPaperBisection;shinbrotPaperBisection;shinbrotPaperBisection;shinbrotPaperBisection;shinbrotPaperBisection;shinbrotPaperBisection;shinbrotPaperBisection;shinbrotPaperBisection;shinbrotPaperBisection;shinbrotPaperBisection;shinbrotPaperBisection;shinbrotPaperBisection;shinbrotPaperBisection;shinbrotPaperBisection;shinbrotPaperBisection;shinbrotPaperBisection;shinbrotPaperBisection;shinbrotPaperBisection;shinbrotPaperBisection;shinbrotPaperBisection;shinbrotPaperBisection;shinbrotPaperBisection;shinbrotPaperBisection;shinbrotPaperBisection;shinbrotPaperBisection;shinbrotPaperBisection;shinbrotPaperBisection;shinbrotPaperBisection;shinbrotPaperBisection;shinbrotPaperBisection;shinbrotPaperBisection,0.0407239753753;-0.00835492014885;-0.0523712575436;-0.0259389340878;-0.0440668083727;-0.04989506118;-0.0975254192948;-0.0486742287874;0.0929813876748;0.0696622878313;-0.0619468986988;-0.0676272213459;-0.0496804125607;-0.0364615872502;-0.00251056067646;-0.0291840732098;0.025685428828;-0.0905422151089;NaN;0.0869227363728;-0.00921589583158;0.00741440653801;-0.0366663202643;-0.0779501616955;0.00691478848457;-0.0195910990238;-0.0295764744282;0.0991649396718;0.0511247098446;0.0512865848839;0.036774828285;0.0156904608011;0.0169624190778;0.0471940588206;0.0981194794178;0.0312281019986;NaN;-0.0646082371473;0.0672380417585;-0.0532053768635;0.037389619078;0.00364824235439;-0.0770916759968;-0.01832600981;0.0666975408792;-0.0271734535694;-0.0772040188313;0.0366440601647;0.0940341390669;0.0511826187372;0.0568774044514;-0.0941268622875;0.0969128470868;-0.0979971945286;-0.062431755662;NaN,1519,meanReturnCycleMatched,1.00026818778561,5.04498689104641,8.68401310895359,13.5977179154246,26.921,0,0,1,0,accepted-crossing limit exhausted,194.6890579
0.3,3,200003,paperCycleCadenceRetargetMode,shinbrotPaperBisection,0,NaN,60,42,NaN,77938,0.0865456722676754,-0.0278134658932686,0.0865456722677;0.0220203101635;0.0119335693307;0.0474956303835;-0.01396420151;-0.0473508503288;-0.0629608008079;-0.050230807066;-0.0781129494309;0.0977501690388;0.0997396220919;-0.0293363392353;0.0748110271525;-0.0798307836056;-0.0224331155419;-0.0206128656864;0.0359454452991;0.0709833562374;0.0643827036023;0.0525530666113;0.00190862864256;-0.0633819878101;0.0891707852483;0.0319298297167;-0.0406150043011;-0.0635083705187;-0.0901693016291;-0.0524470865726;-0.0993019748479;-0.0369374141097;-0.0328087031841;-0.00627191923559;0.0453153073788;0.0904746206477;-0.0511073172092;0.0785645216703;-0.0787177175283;-0.0465015590191;-0.0780147774145;-0.0169959381223;0.0525857508183;-0.0251567529514;-0.0488375991583;-0.0515071570873;0.0944232631125;-0.0842292964458;-0.033289116621;-0.0125159358606;-0.0874913662672;-0.0278134658933,1,1,shinbrotPaperBisection,0.0865456722676754,3,52,52,51,2,1;2;3;5;5;9;10;10;11;11;11;11;11;11;14;15;15;16;19;20;20;23;24;24;29;29;30;30;30;30;33;34;37;37;40;42;46;46;46;46;46;47;48;50;50;50;53;54;54;59;59,1519;3038;4557;6076;7595;9114;10633;12152;13671;15190;16709;18228;19747;21266;22785;24304;25823;27342;28861;30380;31899;33418;34937;36456;37975;39494;41013;42532;44051;45570;47089;48608;50127;51646;53165;54684;56203;57722;59241;60760;62279;63798;65317;66836;68355;69874;71393;72912;74431;75950;77469,1.519;3.038;4.557;6.076;7.595;9.114;10.633;12.152;13.671;15.19;16.709;18.228;19.747;21.266;22.785;24.304;25.823;27.342;28.861;30.38;31.899;33.418;34.937;36.456;37.975;39.494;41.013;42.532;44.051;45.57;47.089;48.608;50.127;51.646;53.165;54.684;56.203;57.722;59.241;60.7599999999;62.2789999999;63.7979999999;65.3169999999;66.836;68.355;69.874;71.393;72.912;74.431;75.95;77.469,shinbrotPaperBisection;shinbrotPaperBisection;shinbrotPaperBisection;shinbrotPaperBisection;shinbrotPaperBisection;shinbrotPaperBisection;shinbrotPaperBisection;shinbrotPaperBisection;shinbrotPaperBisection;shinbrotPaperBisection;shinbrotPaperBisection;shinbrotPaperBisection;shinbrotPaperBisection;shinbrotPaperBisection;shinbrotPaperBisection;shinbrotPaperBisection;shinbrotPaperBisection;shinbrotPaperBisection;shinbrotPaperBisection;shinbrotPaperBisection;shinbrotPaperBisection;shinbrotPaperBisection;shinbrotPaperBisection;shinbrotPaperBisection;shinbrotPaperBisection;shinbrotPaperBisection;shinbrotPaperBisection;shinbrotPaperBisection;shinbrotPaperBisection;shinbrotPaperBisection;shinbrotPaperBisection;shinbrotPaperBisection;shinbrotPaperBisection;shinbrotPaperBisection;shinbrotPaperBisection;shinbrotPaperBisection;shinbrotPaperBisection;shinbrotPaperBisection;shinbrotPaperBisection;shinbrotPaperBisection;shinbrotPaperBisection;shinbrotPaperBisection;shinbrotPaperBisection;shinbrotPaperBisection;shinbrotPaperBisection;shinbrotPaperBisection;shinbrotPaperBisection;shinbrotPaperBisection;shinbrotPaperBisection;shinbrotPaperBisection;shinbrotPaperBisection,NaN;0.0220203101635;0.0119335693307;0.0474956303835;-0.01396420151;-0.0473508503288;-0.0629608008079;-0.050230807066;-0.0781129494309;0.0977501690388;0.0997396220919;-0.0293363392353;0.0748110271525;-0.0798307836056;-0.0224331155419;-0.0206128656864;0.0359454452991;NaN;0.0709833562374;0.0643827036023;0.0525530666113;0.00190862864256;-0.0633819878101;0.0891707852483;0.0319298297167;-0.0406150043011;-0.0635083705187;-0.0901693016291;-0.0524470865726;-0.0993019748479;-0.0369374141097;-0.0328087031841;-0.00627191923559;0.0453153073788;0.0904746206477;-0.0511073172092;0.0785645216703;-0.0787177175283;-0.0465015590191;-0.0780147774145;-0.0169959381223;0.0525857508183;-0.0251567529514;-0.0488375991583;-0.0515071570873;0.0944232631125;-0.0842292964458;-0.033289116621;-0.0125159358606;-0.0874913662672;-0.0278134658933,1519,meanReturnCycleMatched,1.00026818778561,1.46897201845525,12.2600279815447,17.5206702595184,26.921,0,0,1,0,accepted-crossing limit exhausted,186.7610073
0.3,4,200004,paperCycleCadenceRetargetMode,shinbrotPaperBisection,0,NaN,60,48,NaN,71801,0.0865456722676754,-0.00213223099708557,0.0865456722677;-0.0924833357334;0.0554497301579;0.0865781575441;0.00261777341366;-0.0985471785069;-0.0851755529642;0.000374957919121;-0.0436730451882;0.0896528093144;-0.046687553823;0.0279176622629;0.0265200937167;-0.0250103687868;-0.0216519191861;0.0260030478239;0.0191689223051;0.0589023172855;-0.00410392135382;0.0316055029631;0.00500364750624;-0.0749419642612;-0.0209907785058;0.0167359143496;0.0668707340956;0.0967103775591;-0.0422056376934;-0.0266428291798;0.0458109322935;0.00224667191505;0.0826391868293;0.00447553284466;-0.0406357899308;0.0991084869951;-0.0206663191319;-0.0200424715877;0.0100913792849;0.0929386951029;-0.0376974329352;-0.0573858559132;0.0429000731558;0.0922829456627;-0.00213223099709,1,1,shinbrotPaperBisection,0.0865456722676754,3,48,48,47,5,9;10;11;12;12;12;15;18;19;19;22;22;23;30;30;30;30;33;33;34;35;38;40;40;40;42;43;44;44;44;44;45;47;48;48;49;50;50;50;52;53;53;53;53;53;55;58,1519;3038;4557;6076;7595;9114;10633;12152;13671;15190;16709;18228;19747;21266;22785;24304;25823;27342;28861;30380;31899;33418;34937;36456;37975;39494;41013;42532;44051;45570;47089;48608;50127;51646;53165;54684;56203;57722;59241;60760;62279;63798;65317;66836;68355;69874;71393,1.519;3.038;4.557;6.076;7.595;9.114;10.633;12.152;13.671;15.19;16.709;18.228;19.747;21.266;22.785;24.304;25.823;27.342;28.861;30.38;31.899;33.418;34.937;36.456;37.975;39.494;41.013;42.532;44.051;45.57;47.089;48.608;50.127;51.646;53.165;54.684;56.203;57.722;59.241;60.7599999999;62.2789999999;63.7979999999;65.3169999999;66.836;68.355;69.874;71.393,shinbrotPaperBisection;shinbrotPaperBisection;shinbrotPaperBisection;shinbrotPaperBisection;shinbrotPaperBisection;shinbrotPaperBisection;shinbrotPaperBisection;shinbrotPaperBisection;shinbrotPaperBisection;shinbrotPaperBisection;shinbrotPaperBisection;shinbrotPaperBisection;shinbrotPaperBisection;shinbrotPaperBisection;shinbrotPaperBisection;shinbrotPaperBisection;shinbrotPaperBisection;shinbrotPaperBisection;shinbrotPaperBisection;shinbrotPaperBisection;shinbrotPaperBisection;shinbrotPaperBisection;shinbrotPaperBisection;shinbrotPaperBisection;shinbrotPaperBisection;shinbrotPaperBisection;shinbrotPaperBisection;shinbrotPaperBisection;shinbrotPaperBisection;shinbrotPaperBisection;shinbrotPaperBisection;shinbrotPaperBisection;shinbrotPaperBisection;shinbrotPaperBisection;shinbrotPaperBisection;shinbrotPaperBisection;shinbrotPaperBisection;shinbrotPaperBisection;shinbrotPaperBisection;shinbrotPaperBisection;shinbrotPaperBisection;shinbrotPaperBisection;shinbrotPaperBisection;shinbrotPaperBisection;shinbrotPaperBisection;shinbrotPaperBisection;shinbrotPaperBisection,-0.0924833357334;0.0554497301579;0.0865781575441;0.00261777341366;-0.0985471785069;-0.0851755529642;0.000374957919121;-0.0436730451882;0.0896528093144;-0.046687553823;0.0279176622629;0.0265200937167;-0.0250103687868;-0.0216519191861;0.0260030478239;0.0191689223051;0.0589023172855;-0.00410392135382;0.0316055029631;0.00500364750624;NaN;-0.0749419642612;-0.0209907785058;0.0167359143496;NaN;0.0668707340956;0.0967103775591;-0.0422056376934;-0.0266428291798;0.0458109322935;0.00224667191505;NaN;0.0826391868293;0.00447553284466;NaN;-0.0406357899308;0.0991084869951;-0.0206663191319;-0.0200424715877;0.0100913792849;0.0929386951029;-0.0376974329352;-0.0573858559132;NaN;0.0429000731558;0.0922829456627;-0.00213223099709,1519,meanReturnCycleMatched,1.00026818778561,3.26348619534296,10.465513804657,13.7114014578019,26.921,0,0,1,0,accepted-crossing limit exhausted,167.1207968
0.3,5,200005,paperCycleCadenceRetargetMode,shinbrotPaperBisection,0,NaN,60,85,NaN,96572,0.0865456722676754,-0.0737083494663239,0.0865456722677;-0.0411077693105;0.0185653597116;0.00551969408989;-0.0963182881474;0.0216344863176;0.0748582661152;-0.0913745313883;0.0507942453027;-0.0908278852701;0.0973381139338;0.076294118166;0.00584811493754;-0.0224153056741;0.05380487293;-0.0978950679302;0.094104466401;-0.0409805133939;0.0445051848888;-0.0373062178493;-0.0115948192775;0.0773662962019;0.0450106047094;-0.0518930852413;-0.00179875344038;-0.00284249149263;0.0041792601347;0.0976334244013;0.0748609387316;0.0980480562896;-0.0315622389317;-0.08895598948;0.073458699882;-0.0939270764589;0.0532034914941;-0.0837395459414;-0.0100454747677;0.0820482322015;0.0879053220153;-0.0717596381903;0.0528728093952;0.0809661209583;-0.0482582779601;-0.0242789641023;0.0250103311613;0.0976645680144;-0.0261327639222;-0.00122641399503;-0.0287013828754;0.00590007351711;0.0288841031492;-0.0507616018876;-0.0872048577294;0.0668763309717;0.00447233021259;-0.00162619631737;-0.0324343383312;0.0735089227557;-0.0241991773248;0.0273294985294;0.0764502927661;-0.0737083494663,1,1,shinbrotPaperBisection,0.0865456722676754,3,64,64,63,2,0;0;1;1;1;2;2;2;2;4;4;6;11;11;11;11;13;13;16;16;18;19;19;20;20;21;25;25;26;26;26;26;26;27;28;29;29;31;32;34;34;34;34;34;40;43;44;44;44;45;46;54;54;54;54;54;55;57;57;57;58;58;59,1519;3038;4557;6076;7595;9114;10633;12152;13671;15190;16709;18228;19747;21266;22785;24304;25823;27342;28861;30380;31899;33418;34937;36456;37975;39494;41013;42532;44051;45570;47089;48608;50127;51646;53165;54684;56203;57722;59241;60760;62279;63798;65317;66836;68355;69874;71393;72912;74431;75950;77469;78988;80507;82026;83545;85064;86583;88102;89621;91140;92659;94178;95697,1.519;3.038;4.557;6.076;7.595;9.114;10.633;12.152;13.671;15.19;16.709;18.228;19.747;21.266;22.785;24.304;25.823;27.342;28.861;30.38;31.899;33.418;34.937;36.456;37.975;39.494;41.013;42.532;44.051;45.57;47.089;48.608;50.127;51.646;53.165;54.684;56.203;57.722;59.241;60.7599999999;62.2789999999;63.7979999999;65.3169999999;66.836;68.355;69.874;71.393;72.912;74.431;75.95;77.469;78.988;80.507;82.026;83.545;85.064;86.583;88.1020000001;89.6210000001;91.1400000001;92.6590000001;94.1780000001;95.6970000001,shinbrotPaperBisection;shinbrotPaperBisection;shinbrotPaperBisection;shinbrotPaperBisection;shinbrotPaperBisection;shinbrotPaperBisection;shinbrotPaperBisection;shinbrotPaperBisection;shinbrotPaperBisection;shinbrotPaperBisection;shinbrotPaperBisection;shinbrotPaperBisection;shinbrotPaperBisection;shinbrotPaperBisection;shinbrotPaperBisection;shinbrotPaperBisection;shinbrotPaperBisection;shinbrotPaperBisection;shinbrotPaperBisection;shinbrotPaperBisection;shinbrotPaperBisection;shinbrotPaperBisection;shinbrotPaperBisection;shinbrotPaperBisection;shinbrotPaperBisection;shinbrotPaperBisection;shinbrotPaperBisection;shinbrotPaperBisection;shinbrotPaperBisection;shinbrotPaperBisection;shinbrotPaperBisection;shinbrotPaperBisection;shinbrotPaperBisection;shinbrotPaperBisection;shinbrotPaperBisection;shinbrotPaperBisection;shinbrotPaperBisection;shinbrotPaperBisection;shinbrotPaperBisection;shinbrotPaperBisection;shinbrotPaperBisection;shinbrotPaperBisection;shinbrotPaperBisection;shinbrotPaperBisection;shinbrotPaperBisection;shinbrotPaperBisection;shinbrotPaperBisection;shinbrotPaperBisection;shinbrotPaperBisection;shinbrotPaperBisection;shinbrotPaperBisection;shinbrotPaperBisection;shinbrotPaperBisection;shinbrotPaperBisection;shinbrotPaperBisection;shinbrotPaperBisection;shinbrotPaperBisection;shinbrotPaperBisection;shinbrotPaperBisection;shinbrotPaperBisection;shinbrotPaperBisection;shinbrotPaperBisection;shinbrotPaperBisection,-0.0411077693105;0.0185653597116;0.00551969408989;-0.0963182881474;0.0216344863176;0.0748582661152;-0.0913745313883;0.0507942453027;-0.0908278852701;0.0973381139338;0.076294118166;0.00584811493754;NaN;-0.0224153056741;0.05380487293;-0.0978950679302;0.094104466401;-0.0409805133939;0.0445051848888;-0.0373062178493;-0.0115948192775;0.0773662962019;0.0450106047094;-0.0518930852413;-0.00179875344038;-0.00284249149263;0.0041792601347;0.0976334244013;0.0748609387316;0.0980480562896;-0.0315622389317;-0.08895598948;0.073458699882;-0.0939270764589;0.0532034914941;-0.0837395459414;-0.0100454747677;NaN;0.0820482322015;0.0879053220153;-0.0717596381903;0.0528728093952;0.0809661209583;-0.0482582779601;-0.0242789641023;0.0250103311613;0.0976645680144;-0.0261327639222;-0.00122641399503;-0.0287013828754;0.00590007351711;0.0288841031492;-0.0507616018876;-0.0872048577294;0.0668763309717;0.00447233021259;-0.00162619631737;-0.0324343383312;0.0735089227557;-0.0241991773248;0.0273294985294;0.0764502927661;-0.0737083494663,1519,meanReturnCycleMatched,1.00026818778561,0.0771275413965391,13.6518724586035,11.0894320196691,26.921,0,0,1,0,accepted-crossing limit exhausted,258.0787043
0.3,6,200006,paperCycleCadenceRetargetMode,shinbrotPaperBisection,0,NaN,60,56,NaN,80596,0.0865456722676754,0.050002440076787,0.0865456722677;-0.0575506985188;0.075619539991;-0.0395705640316;0.00999012291431;-0.00700850337744;0.0879235446453;-0.0378675326705;-0.0202776968479;0.0494405004196;0.0596049539745;0.0870349548757;0.0740093126893;0.0284081991762;-0.0393406450748;-0.0745987150818;-0.0458599984646;-0.0775476872921;-0.0953495562077;0.0936068478506;0.0502661807928;0.0538485683501;-0.0623200118542;-0.0880611360073;-0.0303366720676;0.0960822597146;0.0950425963849;0.0281038425863;-0.000115455500782;-0.0350958406925;0.0170714080334;0.0151720225811;-0.0967843048275;0.0988228276372;0.076118093729;0.0448453314602;0.0532556355;0.0892225387506;0.000399830937386;-0.0253058529459;0.0715225040913;0.0448773257434;-0.0487022578716;0.0499695802107;0.0107051074505;0.0557269461453;0.0454371631145;-0.0790414065123;0.000399195076898;0.0221269875765;-0.0873556673527;0.0500024400768,1,1,shinbrotPaperBisection,0.0865456722676754,3,54,54,53,2,5;6;7;8;8;9;9;11;11;13;13;16;18;18;18;18;21;21;22;26;29;29;29;30;30;30;31;31;31;31;31;31;33;34;38;38;39;39;41;43;44;44;44;44;44;48;53;53;53;53;55;56;58,1519;3038;4557;6076;7595;9114;10633;12152;13671;15190;16709;18228;19747;21266;22785;24304;25823;27342;28861;30380;31899;33418;34937;36456;37975;39494;41013;42532;44051;45570;47089;48608;50127;51646;53165;54684;56203;57722;59241;60760;62279;63798;65317;66836;68355;69874;71393;72912;74431;75950;77469;78988;80507,1.519;3.038;4.557;6.076;7.595;9.114;10.633;12.152;13.671;15.19;16.709;18.228;19.747;21.266;22.785;24.304;25.823;27.342;28.861;30.38;31.899;33.418;34.937;36.456;37.975;39.494;41.013;42.532;44.051;45.57;47.089;48.608;50.127;51.646;53.165;54.684;56.203;57.722;59.241;60.7599999999;62.2789999999;63.7979999999;65.3169999999;66.836;68.355;69.874;71.393;72.912;74.431;75.95;77.469;78.988;80.507,shinbrotPaperBisection;shinbrotPaperBisection;shinbrotPaperBisection;shinbrotPaperBisection;shinbrotPaperBisection;shinbrotPaperBisection;shinbrotPaperBisection;shinbrotPaperBisection;shinbrotPaperBisection;shinbrotPaperBisection;shinbrotPaperBisection;shinbrotPaperBisection;shinbrotPaperBisection;shinbrotPaperBisection;shinbrotPaperBisection;shinbrotPaperBisection;shinbrotPaperBisection;shinbrotPaperBisection;shinbrotPaperBisection;shinbrotPaperBisection;shinbrotPaperBisection;shinbrotPaperBisection;shinbrotPaperBisection;shinbrotPaperBisection;shinbrotPaperBisection;shinbrotPaperBisection;shinbrotPaperBisection;shinbrotPaperBisection;shinbrotPaperBisection;shinbrotPaperBisection;shinbrotPaperBisection;shinbrotPaperBisection;shinbrotPaperBisection;shinbrotPaperBisection;shinbrotPaperBisection;shinbrotPaperBisection;shinbrotPaperBisection;shinbrotPaperBisection;shinbrotPaperBisection;shinbrotPaperBisection;shinbrotPaperBisection;shinbrotPaperBisection;shinbrotPaperBisection;shinbrotPaperBisection;shinbrotPaperBisection;shinbrotPaperBisection;shinbrotPaperBisection;shinbrotPaperBisection;shinbrotPaperBisection;shinbrotPaperBisection;shinbrotPaperBisection;shinbrotPaperBisection;shinbrotPaperBisection,-0.0575506985188;0.075619539991;-0.0395705640316;0.00999012291431;-0.00700850337744;0.0879235446453;-0.0378675326705;-0.0202776968479;0.0494405004196;0.0596049539745;0.0870349548757;0.0740093126893;0.0284081991762;-0.0393406450748;-0.0745987150818;-0.0458599984646;-0.0775476872921;-0.0953495562077;0.0936068478506;0.0502661807928;0.0538485683501;-0.0623200118542;-0.0880611360073;-0.0303366720676;0.0960822597146;0.0950425963849;0.0281038425863;-0.000115455500782;-0.0350958406925;0.0170714080334;NaN;0.0151720225811;-0.0967843048275;0.0988228276372;0.076118093729;0.0448453314602;0.0532556355;0.0892225387506;0.000399830937386;-0.0253058529459;0.0715225040913;0.0448773257434;-0.0487022578716;NaN;0.0499695802107;0.0107051074505;0.0557269461453;0.0454371631145;-0.0790414065123;0.000399195076898;0.0221269875765;-0.0873556673527;0.0500024400768,1519,meanReturnCycleMatched,1.00026818778561,2.63742913613729,16.3664291361373,20.4337613033652,26.921,0,0,1,0,accepted-crossing limit exhausted,219.9155445
0.3,7,200007,paperCycleCadenceRetargetMode,shinbrotPaperBisection,0,NaN,60,82,NaN,104043,0.0865456722676754,-0.00146680949255824,0.0865456722677;-0.0594207527814;0.0328170865774;0.0893050380517;-0.0927498549223;-0.0203379809856;0.0957061314955;0.029604318738;0.0978199387901;-0.00214334018528;0.0271608144045;0.0979331057519;-0.00272667761892;0.0872893154621;-0.0842881500721;0.00185245126486;-0.0748419582844;0.0281862795353;-0.0897149890661;-0.0276690661907;-0.0497230619192;-0.0465218961239;0.0594353424385;-0.0864847958088;-0.00478491932154;-0.0810292333364;0.0588502675295;0.0252719905693;0.0982348610647;0.0910681545734;-0.0205339252949;0.096041201055;-0.0821719914675;-0.0522550731897;0.0748826880241;-0.0553652860224;0.0886181186885;0.0697642475367;0.0765278786421;0.0641408594325;0.0095638692379;-0.0354929149151;-0.0993284165859;0.0761455148458;-0.0555568039417;-0.0748483471572;-0.0523646056652;0.00294038653374;-0.0833333432674;0.0285847842693;-0.0361971691251;0.0977330289781;0.0658808749169;-0.0789894282818;-0.0982558805496;-0.0011572945863;0.0577834308147;-0.062086302042;0.0832041114569;-0.0753491431475;0.00192966759205;-0.00146680949256,1,1,shinbrotPaperBisection,0.0865456722676754,3,69,69,68,7,1;1;1;1;1;3;4;4;4;5;10;10;10;11;11;11;11;12;13;14;15;15;16;17;19;24;25;25;28;28;28;28;28;28;31;31;32;35;35;35;35;35;35;36;37;37;37;38;40;42;43;43;44;46;48;49;50;50;50;50;50;50;50;50;50;54;54;56,1519;3038;4557;6076;7595;9114;10633;12152;13671;15190;16709;18228;19747;21266;22785;24304;25823;27342;28861;30380;31899;33418;34937;36456;37975;39494;41013;42532;44051;45570;47089;48608;50127;51646;53165;54684;56203;57722;59241;60760;62279;63798;65317;66836;68355;69874;71393;72912;74431;75950;77469;78988;80507;82026;83545;85064;86583;88102;89621;91140;92659;94178;95697;97216;98735;100254;101773;103292,1.519;3.038;4.557;6.076;7.595;9.114;10.633;12.152;13.671;15.19;16.709;18.228;19.747;21.266;22.785;24.304;25.823;27.342;28.861;30.38;31.899;33.418;34.937;36.456;37.975;39.494;41.013;42.532;44.051;45.57;47.089;48.608;50.127;51.646;53.165;54.684;56.203;57.722;59.241;60.7599999999;62.2789999999;63.7979999999;65.3169999999;66.836;68.355;69.874;71.393;72.912;74.431;75.95;77.469;78.988;80.507;82.026;83.545;85.064;86.583;88.1020000001;89.6210000001;91.1400000001;92.6590000001;94.1780000001;95.6970000001;97.2160000001;98.7350000001;100.254;101.773;103.292,shinbrotPaperBisection;shinbrotPaperBisection;shinbrotPaperBisection;shinbrotPaperBisection;shinbrotPaperBisection;shinbrotPaperBisection;shinbrotPaperBisection;shinbrotPaperBisection;shinbrotPaperBisection;shinbrotPaperBisection;shinbrotPaperBisection;shinbrotPaperBisection;shinbrotPaperBisection;shinbrotPaperBisection;shinbrotPaperBisection;shinbrotPaperBisection;shinbrotPaperBisection;shinbrotPaperBisection;shinbrotPaperBisection;shinbrotPaperBisection;shinbrotPaperBisection;shinbrotPaperBisection;shinbrotPaperBisection;shinbrotPaperBisection;shinbrotPaperBisection;shinbrotPaperBisection;shinbrotPaperBisection;shinbrotPaperBisection;shinbrotPaperBisection;shinbrotPaperBisection;shinbrotPaperBisection;shinbrotPaperBisection;shinbrotPaperBisection;shinbrotPaperBisection;shinbrotPaperBisection;shinbrotPaperBisection;shinbrotPaperBisection;shinbrotPaperBisection;shinbrotPaperBisection;shinbrotPaperBisection;shinbrotPaperBisection;shinbrotPaperBisection;shinbrotPaperBisection;shinbrotPaperBisection;shinbrotPaperBisection;shinbrotPaperBisection;shinbrotPaperBisection;shinbrotPaperBisection;shinbrotPaperBisection;shinbrotPaperBisection;shinbrotPaperBisection;shinbrotPaperBisection;shinbrotPaperBisection;shinbrotPaperBisection;shinbrotPaperBisection;shinbrotPaperBisection;shinbrotPaperBisection;shinbrotPaperBisection;shinbrotPaperBisection;shinbrotPaperBisection;shinbrotPaperBisection;shinbrotPaperBisection;shinbrotPaperBisection;shinbrotPaperBisection;shinbrotPaperBisection;shinbrotPaperBisection;shinbrotPaperBisection;shinbrotPaperBisection,-0.0594207527814;0.0328170865774;0.0893050380517;-0.0927498549223;-0.0203379809856;0.0957061314955;0.029604318738;0.0978199387901;NaN;-0.00214334018528;0.0271608144045;0.0979331057519;-0.00272667761892;0.0872893154621;-0.0842881500721;0.00185245126486;-0.0748419582844;0.0281862795353;NaN;NaN;-0.0897149890661;-0.0276690661907;-0.0497230619192;-0.0465218961239;0.0594353424385;-0.0864847958088;-0.00478491932154;NaN;-0.0810292333364;0.0588502675295;0.0252719905693;0.0982348610647;0.0910681545734;-0.0205339252949;0.096041201055;-0.0821719914675;-0.0522550731897;0.0748826880241;-0.0553652860224;NaN;0.0886181186885;0.0697642475367;NaN;0.0765278786421;0.0641408594325;0.0095638692379;-0.0354929149151;-0.0993284165859;0.0761455148458;-0.0555568039417;-0.0748483471572;-0.0523646056652;0.00294038653374;-0.0833333432674;0.0285847842693;-0.0361971691251;0.0977330289781;0.0658808749169;-0.0789894282818;-0.0982558805496;-0.0011572945863;0.0577834308147;NaN;-0.062086302042;0.0832041114569;-0.0753491431475;0.00192966759205;-0.00146680949256,1519,meanReturnCycleMatched,1.00026818778561,1.82390276229129,11.9050972377087,23.0048449340549,26.921,0,0,1,0,accepted-crossing limit exhausted,263.1823258
0.3,8,200008,paperCycleCadenceRetargetMode,shinbrotPaperBisection,0,NaN,60,80,NaN,98520,0.0865456722676754,0.0227281481027603,0.0865456722677;0.0106341540813;0.0862024069764;-0.0701400578022;0.0375437200069;0.0281265288591;-0.0635213792324;-0.0981351912022;-0.0886725842953;-0.087640735507;0.0811930544674;-0.0933382928371;0.0252654824406;-0.0407461106777;0.0870097093284;-0.0276256024837;-0.0888047516346;-0.0832294881344;-0.0664258778095;0.00668055713177;0.0750954367337;-0.0617876112461;-0.0595803320408;-0.0729435741901;-0.0378328382969;-0.00813720971346;0.0172949850559;0.0655325323343;0.0893732495606;0.0942618280649;-0.0820947438478;0.0250685632229;-0.0708532184362;-0.0975109040737;-0.0478505268693;0.000641509890556;0.0570860594511;0.0882252514362;0.0322194397449;0.0254251947626;-0.000459351763129;0.0956232193857;-0.073773381114;-0.044801312685;-0.0307489573956;-0.0841005623341;0.044046119228;0.0937460770961;0.0605063594878;0.0608152166009;0.0542331278324;-0.0980791166425;0.0951718259603;-0.00452965460718;-0.0923107653856;-0.00999116301537;0.0328236877918;0.0270428359509;0.0781310021877;0.0227281481028,1,1,shinbrotPaperBisection,0.0865456722676754,3,65,65,64,5,0;0;1;4;4;8;12;12;14;15;15;15;15;17;17;17;17;17;18;19;19;20;20;20;21;21;24;25;25;25;28;29;29;32;32;32;32;32;34;36;36;36;36;37;39;42;47;50;50;50;50;50;50;50;52;52;54;54;54;56;57;57;57;59,1519;3038;4557;6076;7595;9114;10633;12152;13671;15190;16709;18228;19747;21266;22785;24304;25823;27342;28861;30380;31899;33418;34937;36456;37975;39494;41013;42532;44051;45570;47089;48608;50127;51646;53165;54684;56203;57722;59241;60760;62279;63798;65317;66836;68355;69874;71393;72912;74431;75950;77469;78988;80507;82026;83545;85064;86583;88102;89621;91140;92659;94178;95697;97216,1.519;3.038;4.557;6.076;7.595;9.114;10.633;12.152;13.671;15.19;16.709;18.228;19.747;21.266;22.785;24.304;25.823;27.342;28.861;30.38;31.899;33.418;34.937;36.456;37.975;39.494;41.013;42.532;44.051;45.57;47.089;48.608;50.127;51.646;53.165;54.684;56.203;57.722;59.241;60.7599999999;62.2789999999;63.7979999999;65.3169999999;66.836;68.355;69.874;71.393;72.912;74.431;75.95;77.469;78.988;80.507;82.026;83.545;85.064;86.583;88.1020000001;89.6210000001;91.1400000001;92.6590000001;94.1780000001;95.6970000001;97.2160000001,shinbrotPaperBisection;shinbrotPaperBisection;shinbrotPaperBisection;shinbrotPaperBisection;shinbrotPaperBisection;shinbrotPaperBisection;shinbrotPaperBisection;shinbrotPaperBisection;shinbrotPaperBisection;shinbrotPaperBisection;shinbrotPaperBisection;shinbrotPaperBisection;shinbrotPaperBisection;shinbrotPaperBisection;shinbrotPaperBisection;shinbrotPaperBisection;shinbrotPaperBisection;shinbrotPaperBisection;shinbrotPaperBisection;shinbrotPaperBisection;shinbrotPaperBisection;shinbrotPaperBisection;shinbrotPaperBisection;shinbrotPaperBisection;shinbrotPaperBisection;shinbrotPaperBisection;shinbrotPaperBisection;shinbrotPaperBisection;shinbrotPaperBisection;shinbrotPaperBisection;shinbrotPaperBisection;shinbrotPaperBisection;shinbrotPaperBisection;shinbrotPaperBisection;shinbrotPaperBisection;shinbrotPaperBisection;shinbrotPaperBisection;shinbrotPaperBisection;shinbrotPaperBisection;shinbrotPaperBisection;shinbrotPaperBisection;shinbrotPaperBisection;shinbrotPaperBisection;shinbrotPaperBisection;shinbrotPaperBisection;shinbrotPaperBisection;shinbrotPaperBisection;shinbrotPaperBisection;shinbrotPaperBisection;shinbrotPaperBisection;shinbrotPaperBisection;shinbrotPaperBisection;shinbrotPaperBisection;shinbrotPaperBisection;shinbrotPaperBisection;shinbrotPaperBisection;shinbrotPaperBisection;shinbrotPaperBisection;shinbrotPaperBisection;shinbrotPaperBisection;shinbrotPaperBisection;shinbrotPaperBisection;shinbrotPaperBisection;shinbrotPaperBisection,0.0106341540813;0.0862024069764;-0.0701400578022;NaN;NaN;0.0375437200069;0.0281265288591;-0.0635213792324;-0.0981351912022;-0.0886725842953;-0.087640735507;0.0811930544674;-0.0933382928371;0.0252654824406;-0.0407461106777;0.0870097093284;-0.0276256024837;-0.0888047516346;-0.0832294881344;-0.0664258778095;0.00668055713177;0.0750954367337;-0.0617876112461;-0.0595803320408;-0.0729435741901;-0.0378328382969;-0.00813720971346;0.0172949850559;0.0655325323343;NaN;0.0893732495606;0.0942618280649;-0.0820947438478;0.0250685632229;-0.0708532184362;-0.0975109040737;-0.0478505268693;0.000641509890556;0.0570860594511;NaN;0.0882252514362;0.0322194397449;0.0254251947626;-0.000459351763129;NaN;0.0956232193857;-0.073773381114;-0.044801312685;-0.0307489573956;-0.0841005623341;0.044046119228;0.0937460770961;0.0605063594878;0.0608152166009;0.0542331278324;-0.0980791166425;0.0951718259603;-0.00452965460718;-0.0923107653856;-0.00999116301537;0.0328236877918;0.0270428359509;0.0781310021877;0.0227281481028,1519,meanReturnCycleMatched,1.00026818778561,0.214014175566465,13.9430141755665,15.770874968411,26.921,0,0,1,0,accepted-crossing limit exhausted,223.2362867
0.3,9,200009,paperCycleCadenceRetargetMode,shinbrotPaperBisection,0,NaN,60,63,NaN,82891,0.0865456722676754,-0.0604366362094879,0.0865456722677;0.082235661149;0.0828564630821;0.0716083083302;0.00545458197594;-0.0595570869744;0.0141845077276;0.0421724408865;0.0880221055821;0.0807710453868;0.0993063066155;0.0938945114613;0.0934751480818;0.0297550596297;-0.017189194262;0.0100916013122;0.0247089773417;0.012799268961;0.0837604224682;0.086499246303;-0.00701393485069;0.0685135889798;0.0978255487978;0.0448983263224;-0.0955387294292;0.0850204534829;-0.0221058905125;-0.0758734375238;0.0578031629324;0.0176011860371;0.0887944510207;-0.0163381204009;-0.0448259651661;-0.0987401999533;0.0686863232404;-0.0220138773322;0.099910929054;0.0445462487638;-0.0589735925198;-0.0126745596528;-0.030127543211;0.03476164639;0.0243858605623;0.0487450918183;0.0795464135706;0.0992557256657;0.0715964660048;-0.00347617901862;-0.0720059365034;0.000136877223849;0.0615550413728;-0.00424742251635;-0.0943732545711;-0.0604366362095,1,1,shinbrotPaperBisection,0.0865456722676754,3,55,55,54,1,1;1;1;5;5;6;7;12;13;14;17;17;17;18;18;19;20;21;22;26;26;30;32;33;35;37;37;38;38;38;39;39;39;40;40;40;40;41;41;43;43;43;43;44;45;45;47;50;50;55;57;57;58;59,1519;3038;4557;6076;7595;9114;10633;12152;13671;15190;16709;18228;19747;21266;22785;24304;25823;27342;28861;30380;31899;33418;34937;36456;37975;39494;41013;42532;44051;45570;47089;48608;50127;51646;53165;54684;56203;57722;59241;60760;62279;63798;65317;66836;68355;69874;71393;72912;74431;75950;77469;78988;80507;82026,1.519;3.038;4.557;6.076;7.595;9.114;10.633;12.152;13.671;15.19;16.709;18.228;19.747;21.266;22.785;24.304;25.823;27.342;28.861;30.38;31.899;33.418;34.937;36.456;37.975;39.494;41.013;42.532;44.051;45.57;47.089;48.608;50.127;51.646;53.165;54.684;56.203;57.722;59.241;60.7599999999;62.2789999999;63.7979999999;65.3169999999;66.836;68.355;69.874;71.393;72.912;74.431;75.95;77.469;78.988;80.507;82.026,shinbrotPaperBisection;shinbrotPaperBisection;shinbrotPaperBisection;shinbrotPaperBisection;shinbrotPaperBisection;shinbrotPaperBisection;shinbrotPaperBisection;shinbrotPaperBisection;shinbrotPaperBisection;shinbrotPaperBisection;shinbrotPaperBisection;shinbrotPaperBisection;shinbrotPaperBisection;shinbrotPaperBisection;shinbrotPaperBisection;shinbrotPaperBisection;shinbrotPaperBisection;shinbrotPaperBisection;shinbrotPaperBisection;shinbrotPaperBisection;shinbrotPaperBisection;shinbrotPaperBisection;shinbrotPaperBisection;shinbrotPaperBisection;shinbrotPaperBisection;shinbrotPaperBisection;shinbrotPaperBisection;shinbrotPaperBisection;shinbrotPaperBisection;shinbrotPaperBisection;shinbrotPaperBisection;shinbrotPaperBisection;shinbrotPaperBisection;shinbrotPaperBisection;shinbrotPaperBisection;shinbrotPaperBisection;shinbrotPaperBisection;shinbrotPaperBisection;shinbrotPaperBisection;shinbrotPaperBisection;shinbrotPaperBisection;shinbrotPaperBisection;shinbrotPaperBisection;shinbrotPaperBisection;shinbrotPaperBisection;shinbrotPaperBisection;shinbrotPaperBisection;shinbrotPaperBisection;shinbrotPaperBisection;shinbrotPaperBisection;shinbrotPaperBisection;shinbrotPaperBisection;shinbrotPaperBisection;shinbrotPaperBisection,0.082235661149;0.0828564630821;0.0716083083302;0.00545458197594;-0.0595570869744;0.0141845077276;0.0421724408865;0.0880221055821;0.0807710453868;0.0993063066155;0.0938945114613;0.0934751480818;0.0297550596297;-0.017189194262;0.0100916013122;0.0247089773417;0.012799268961;0.0837604224682;0.086499246303;-0.00701393485069;0.0685135889798;0.0978255487978;0.0448983263224;-0.0955387294292;0.0850204534829;-0.0221058905125;-0.0758734375238;0.0578031629324;0.0176011860371;0.0887944510207;-0.0163381204009;-0.0448259651661;-0.0987401999533;0.0686863232404;-0.0220138773322;0.099910929054;0.0445462487638;-0.0589735925198;-0.0126745596528;NaN;-0.030127543211;0.03476164639;0.0243858605623;0.0487450918183;0.0795464135706;0.0992557256657;0.0715964660048;-0.00347617901862;-0.0720059365034;0.000136877223849;0.0615550413728;-0.00424742251635;-0.0943732545711;-0.0604366362095,1519,meanReturnCycleMatched,1.00026818778561,3.86515775203256,9.86384224796744,13.9571254172137,26.921,0,0,1,0,accepted-crossing limit exhausted,227.3411173
0.3,10,200010,paperCycleCadenceRetargetMode,shinbrotPaperBisection,0,NaN,60,69,NaN,78782,0.0865456722676754,-0.0730591744184494,0.0865456722677;-0.0170907914639;0.0440166145563;-0.000199749320745;-0.0525082409382;-0.0522098310292;0.0255488312803;-0.00646409466863;-0.0555371105671;-0.0977664411068;-0.000598579645157;0.0131289221346;0.0611777484417;0.0221865922213;0.0613981992006;0.0319555610418;-0.0616436548531;0.0986233236734;0.0626033316366;-0.0943014085293;-0.0910098239779;0.0730762660503;0.0680112063885;0.00530472248793;-0.0659071147442;0.0573542423546;-0.0199667751789;0.0717038792907;0.0941331475973;-0.0816923320293;0.0103214323521;-0.0933128789067;0.0956841710955;0.0904296049848;0.0660178851336;-0.0123736089561;0.0292899832129;-0.0129831454717;-0.0176669538021;0.0130333572626;0.0969880895689;0.0745346531272;0.00641710460186;-0.0569234669209;-0.0708273150027;-0.0735935509205;0.0297486871481;-0.0730591744184,1,1,shinbrotPaperBisection,0.0865456722676754,3,52,52,51,4,3;3;4;4;7;7;9;9;9;9;10;13;13;18;21;25;27;28;28;29;29;31;31;34;34;35;37;37;37;37;37;37;38;41;42;42;43;45;46;46;46;46;46;49;54;54;54;54;56;56;57,1519;3038;4557;6076;7595;9114;10633;12152;13671;15190;16709;18228;19747;21266;22785;24304;25823;27342;28861;30380;31899;33418;34937;36456;37975;39494;41013;42532;44051;45570;47089;48608;50127;51646;53165;54684;56203;57722;59241;60760;62279;63798;65317;66836;68355;69874;71393;72912;74431;75950;77469,1.519;3.038;4.557;6.076;7.595;9.114;10.633;12.152;13.671;15.19;16.709;18.228;19.747;21.266;22.785;24.304;25.823;27.342;28.861;30.38;31.899;33.418;34.937;36.456;37.975;39.494;41.013;42.532;44.051;45.57;47.089;48.608;50.127;51.646;53.165;54.684;56.203;57.722;59.241;60.7599999999;62.2789999999;63.7979999999;65.3169999999;66.836;68.355;69.874;71.393;72.912;74.431;75.95;77.469,shinbrotPaperBisection;shinbrotPaperBisection;shinbrotPaperBisection;shinbrotPaperBisection;shinbrotPaperBisection;shinbrotPaperBisection;shinbrotPaperBisection;shinbrotPaperBisection;shinbrotPaperBisection;shinbrotPaperBisection;shinbrotPaperBisection;shinbrotPaperBisection;shinbrotPaperBisection;shinbrotPaperBisection;shinbrotPaperBisection;shinbrotPaperBisection;shinbrotPaperBisection;shinbrotPaperBisection;shinbrotPaperBisection;shinbrotPaperBisection;shinbrotPaperBisection;shinbrotPaperBisection;shinbrotPaperBisection;shinbrotPaperBisection;shinbrotPaperBisection;shinbrotPaperBisection;shinbrotPaperBisection;shinbrotPaperBisection;shinbrotPaperBisection;shinbrotPaperBisection;shinbrotPaperBisection;shinbrotPaperBisection;shinbrotPaperBisection;shinbrotPaperBisection;shinbrotPaperBisection;shinbrotPaperBisection;shinbrotPaperBisection;shinbrotPaperBisection;shinbrotPaperBisection;shinbrotPaperBisection;shinbrotPaperBisection;shinbrotPaperBisection;shinbrotPaperBisection;shinbrotPaperBisection;shinbrotPaperBisection;shinbrotPaperBisection;shinbrotPaperBisection;shinbrotPaperBisection;shinbrotPaperBisection;shinbrotPaperBisection;shinbrotPaperBisection,-0.0170907914639;0.0440166145563;NaN;-0.000199749320745;-0.0525082409382;-0.0522098310292;NaN;0.0255488312803;-0.00646409466863;-0.0555371105671;-0.0977664411068;-0.000598579645157;0.0131289221346;0.0611777484417;0.0221865922213;0.0613981992006;0.0319555610418;-0.0616436548531;0.0986233236734;0.0626033316366;-0.0943014085293;-0.0910098239779;0.0730762660503;0.0680112063885;0.00530472248793;-0.0659071147442;0.0573542423546;-0.0199667751789;0.0717038792907;0.0941331475973;-0.0816923320293;NaN;0.0103214323521;-0.0933128789067;0.0956841710955;0.0904296049848;0.0660178851336;-0.0123736089561;0.0292899832129;-0.0129831454717;-0.0176669538021;0.0130333572626;0.0969880895689;0.0745346531272;0.00641710460186;-0.0569234669209;-0.0708273150027;NaN;-0.0735935509205;0.0297486871481;-0.0730591744184,1519,meanReturnCycleMatched,1.00026818778561,0.870369087901047,12.858630912099,12.332913693076,26.921,0,0,1,0,accepted-crossing limit exhausted,191.2574226
0.5,1,201001,paperCycleCadenceRetargetMode,shinbrotPaperBisection,0,NaN,60,96,NaN,104572,0.0865456722676754,0.0946217507123947,0.0865456722677;0.0608810245991;0.0981136772782;0.0514709139243;0.0757780641317;0.0913907825889;-0.00783510357141;0.0467032045126;0.0118930965662;0.00018664021045;0.0564197093248;0.0126075327396;0.0642457917333;-0.0382507190108;0.0716836154461;-0.0756584942341;0.0499244898558;-0.04628495574;-0.0717605531216;0.082225805521;-0.001722234115;-0.0144435569644;-0.0806775286794;-0.0105135157704;0.0666898746043;0.0729568898678;0.097537317872;-0.0525183856487;0.0992641160265;0.0189480721951;-0.0473112359643;-0.0935581974685;0.0122961843386;0.000507253222167;0.0719693630934;-0.0122779978439;0.0383830398321;-0.0191060245037;0.0978178020567;-0.0123849389143;-0.026133517921;0.0637691289186;0.00188936889172;0.0831709437072;0.00224806107581;-0.0482218950987;0.0728913217783;0.0431291557848;0.0998238035245;-0.0570681631565;0.0748955165967;-0.0534207761288;-0.0902829259634;0.0747697526589;0.0618177609518;0.0030014693737;0.0175550211221;0.0965719424188;0.0524472415447;-0.0198972478509;-0.0949157178402;0.0239852277562;0.0946217507124,1,1,shinbrotPaperBisection,0.0865456722676754,3,69,69,68,6,2;2;2;5;7;7;7;7;8;8;8;8;8;8;8;8;8;8;10;10;10;11;13;14;14;15;16;17;17;20;24;24;25;25;25;26;27;29;29;29;29;29;32;32;33;34;35;37;37;38;39;39;39;42;45;45;45;45;45;45;47;55;56;58;58;58;58;58,1519;3038;4557;6076;7595;9114;10633;12152;13671;15190;16709;18228;19747;21266;22785;24304;25823;27342;28861;30380;31899;33418;34937;36456;37975;39494;41013;42532;44051;45570;47089;48608;50127;51646;53165;54684;56203;57722;59241;60760;62279;63798;65317;66836;68355;69874;71393;72912;74431;75950;77469;78988;80507;82026;83545;85064;86583;88102;89621;91140;92659;94178;95697;97216;98735;100254;101773;103292,1.519;3.038;4.557;6.076;7.595;9.114;10.633;12.152;13.671;15.19;16.709;18.228;19.747;21.266;22.785;24.304;25.823;27.342;28.861;30.38;31.899;33.418;34.937;36.456;37.975;39.494;41.013;42.532;44.051;45.57;47.089;48.608;50.127;51.646;53.165;54.684;56.203;57.722;59.241;60.7599999999;62.2789999999;63.7979999999;65.3169999999;66.836;68.355;69.874;71.393;72.912;74.431;75.95;77.469;78.988;80.507;82.026;83.545;85.064;86.583;88.1020000001;89.6210000001;91.1400000001;92.6590000001;94.1780000001;95.6970000001;97.2160000001;98.7350000001;100.254;101.773;103.292,shinbrotPaperBisection;shinbrotPaperBisection;shinbrotPaperBisection;shinbrotPaperBisection;shinbrotPaperBisection;shinbrotPaperBisection;shinbrotPaperBisection;shinbrotPaperBisection;shinbrotPaperBisection;shinbrotPaperBisection;shinbrotPaperBisection;shinbrotPaperBisection;shinbrotPaperBisection;shinbrotPaperBisection;shinbrotPaperBisection;shinbrotPaperBisection;shinbrotPaperBisection;shinbrotPaperBisection;shinbrotPaperBisection;shinbrotPaperBisection;shinbrotPaperBisection;shinbrotPaperBisection;shinbrotPaperBisection;shinbrotPaperBisection;shinbrotPaperBisection;shinbrotPaperBisection;shinbrotPaperBisection;shinbrotPaperBisection;shinbrotPaperBisection;shinbrotPaperBisection;shinbrotPaperBisection;shinbrotPaperBisection;shinbrotPaperBisection;shinbrotPaperBisection;shinbrotPaperBisection;shinbrotPaperBisection;shinbrotPaperBisection;shinbrotPaperBisection;shinbrotPaperBisection;shinbrotPaperBisection;shinbrotPaperBisection;shinbrotPaperBisection;shinbrotPaperBisection;shinbrotPaperBisection;shinbrotPaperBisection;shinbrotPaperBisection;shinbrotPaperBisection;shinbrotPaperBisection;shinbrotPaperBisection;shinbrotPaperBisection;shinbrotPaperBisection;shinbrotPaperBisection;shinbrotPaperBisection;shinbrotPaperBisection;shinbrotPaperBisection;shinbrotPaperBisection;shinbrotPaperBisection;shinbrotPaperBisection;shinbrotPaperBisection;shinbrotPaperBisection;shinbrotPaperBisection;shinbrotPaperBisection;shinbrotPaperBisection;shinbrotPaperBisection;shinbrotPaperBisection;shinbrotPaperBisection;shinbrotPaperBisection;shinbrotPaperBisection,0.0608810245991;0.0981136772782;0.0514709139243;0.0757780641317;0.0913907825889;-0.00783510357141;0.0467032045126;0.0118930965662;0.00018664021045;NaN;NaN;0.0564197093248;NaN;0.0126075327396;0.0642457917333;-0.0382507190108;0.0716836154461;-0.0756584942341;0.0499244898558;-0.04628495574;-0.0717605531216;0.082225805521;NaN;-0.001722234115;-0.0144435569644;-0.0806775286794;NaN;-0.0105135157704;0.0666898746043;0.0729568898678;0.097537317872;-0.0525183856487;0.0992641160265;0.0189480721951;-0.0473112359643;-0.0935581974685;0.0122961843386;0.000507253222167;0.0719693630934;-0.0122779978439;0.0383830398321;-0.0191060245037;0.0978178020567;-0.0123849389143;-0.026133517921;0.0637691289186;0.00188936889172;0.0831709437072;0.00224806107581;-0.0482218950987;0.0728913217783;0.0431291557848;0.0998238035245;-0.0570681631565;0.0748955165967;-0.0534207761288;-0.0902829259634;0.0747697526589;0.0618177609518;0.0030014693737;0.0175550211221;0.0965719424188;0.0524472415447;-0.0198972478509;-0.0949157178402;NaN;0.0239852277562;0.0946217507124,1519,meanReturnCycleMatched,1.00026818778561,1.44877728346282,15.1777772834628,15.2922360618907,26.921,0,0,1,0,accepted-crossing limit exhausted,276.4320531
0.5,2,201002,paperCycleCadenceRetargetMode,shinbrotPaperBisection,0,NaN,60,62,NaN,78696,0.0865456722676754,-0.0627291977405548,0.0865456722677;-0.00336406677961;0.0364159375429;0.0598742187023;0.0916001729667;-0.0440978184342;-0.0879562693648;0.0214437097311;-0.0887069811113;-0.0363465845585;-0.0272452771664;0.0428368002176;-0.0606143295765;0.0215725630522;0.051662093401;0.001002214849;-0.041854673624;-0.0970301445574;0.0781752288342;-0.0558130443096;0.0516034118831;0.0969322485616;-0.0991565126926;-0.0358841240406;0.020807570219;-0.0326231539249;0.0234246075153;-0.0489587955177;-0.0921770662069;-0.0147126376629;-0.0134239344858;0.0599087869748;-0.000978825986385;-0.0513715207577;0.07614107728;0.00192238688469;0.035518938303;0.00409122109413;0.0530344806612;-0.077906284295;0.0789581030607;-0.000612394604832;-0.0558716833591;0.0354442059994;-0.0324238836765;-0.0582946807146;0.0520854346454;-0.0203655898571;0.0704290241003;-0.0627291977406,1,1,shinbrotPaperBisection,0.0865456722676754,3,52,52,51,2,1;5;7;7;9;9;12;13;13;14;15;16;16;18;20;20;22;24;24;24;24;27;27;27;29;29;29;30;30;32;34;35;39;40;42;42;43;43;44;44;45;45;45;46;49;51;55;58;59;59;59,1519;3038;4557;6076;7595;9114;10633;12152;13671;15190;16709;18228;19747;21266;22785;24304;25823;27342;28861;30380;31899;33418;34937;36456;37975;39494;41013;42532;44051;45570;47089;48608;50127;51646;53165;54684;56203;57722;59241;60760;62279;63798;65317;66836;68355;69874;71393;72912;74431;75950;77469,1.519;3.038;4.557;6.076;7.595;9.114;10.633;12.152;13.671;15.19;16.709;18.228;19.747;21.266;22.785;24.304;25.823;27.342;28.861;30.38;31.899;33.418;34.937;36.456;37.975;39.494;41.013;42.532;44.051;45.57;47.089;48.608;50.127;51.646;53.165;54.684;56.203;57.722;59.241;60.7599999999;62.2789999999;63.7979999999;65.3169999999;66.836;68.355;69.874;71.393;72.912;74.431;75.95;77.469,shinbrotPaperBisection;shinbrotPaperBisection;shinbrotPaperBisection;shinbrotPaperBisection;shinbrotPaperBisection;shinbrotPaperBisection;shinbrotPaperBisection;shinbrotPaperBisection;shinbrotPaperBisection;shinbrotPaperBisection;shinbrotPaperBisection;shinbrotPaperBisection;shinbrotPaperBisection;shinbrotPaperBisection;shinbrotPaperBisection;shinbrotPaperBisection;shinbrotPaperBisection;shinbrotPaperBisection;shinbrotPaperBisection;shinbrotPaperBisection;shinbrotPaperBisection;shinbrotPaperBisection;shinbrotPaperBisection;shinbrotPaperBisection;shinbrotPaperBisection;shinbrotPaperBisection;shinbrotPaperBisection;shinbrotPaperBisection;shinbrotPaperBisection;shinbrotPaperBisection;shinbrotPaperBisection;shinbrotPaperBisection;shinbrotPaperBisection;shinbrotPaperBisection;shinbrotPaperBisection;shinbrotPaperBisection;shinbrotPaperBisection;shinbrotPaperBisection;shinbrotPaperBisection;shinbrotPaperBisection;shinbrotPaperBisection;shinbrotPaperBisection;shinbrotPaperBisection;shinbrotPaperBisection;shinbrotPaperBisection;shinbrotPaperBisection;shinbrotPaperBisection;shinbrotPaperBisection;shinbrotPaperBisection;shinbrotPaperBisection;shinbrotPaperBisection,-0.00336406677961;0.0364159375429;0.0598742187023;0.0916001729667;NaN;-0.0440978184342;-0.0879562693648;0.0214437097311;-0.0887069811113;-0.0363465845585;-0.0272452771664;0.0428368002176;-0.0606143295765;0.0215725630522;0.051662093401;0.001002214849;-0.041854673624;-0.0970301445574;0.0781752288342;-0.0558130443096;0.0516034118831;0.0969322485616;-0.0991565126926;NaN;-0.0358841240406;0.020807570219;-0.0326231539249;0.0234246075153;-0.0489587955177;-0.0921770662069;-0.0147126376629;-0.0134239344858;0.0599087869748;-0.000978825986385;-0.0513715207577;0.07614107728;0.00192238688469;0.035518938303;0.00409122109413;0.0530344806612;-0.077906284295;0.0789581030607;-0.000612394604832;-0.0558716833591;0.0354442059994;-0.0324238836765;-0.0582946807146;0.0520854346454;-0.0203655898571;0.0704290241003;-0.0627291977406,1519,meanReturnCycleMatched,1.00026818778561,6.14341439797914,19.8724143979791,43.5411340704132,26.921,0,0,1,0,accepted-crossing limit exhausted,175.1924801
0.5,3,201003,paperCycleCadenceRetargetMode,shinbrotPaperBisection,0,NaN,60,92,NaN,114412,0.0865456722676754,-0.0196490630507469,0.0865456722677;-0.0269691005349;-0.0755222260952;0.0332735270262;0.04690615742;0.0439606487751;0.0842066556215;-0.0483672559261;-0.0218761608005;-0.0702783375978;-0.0382316768169;0.067205055058;-0.0316111624241;-0.0490571014583;0.0319747626781;-0.0607551962137;0.00781527161598;0.0216696530581;0.0714499175549;0.0171742707491;-0.0325932067819;0.0646114170551;-0.0681917726994;0.0490401213989;-0.0719354838133;0.0028681576252;-0.0959769070148;-0.0491311877966;-0.0730040594935;0.035108846426;0.0751062275842;0.0104000747204;-0.0605730764568;0.0339326322079;0.0696069270372;0.0776553332806;0.0484350819141;0.0260007321835;-0.098229148984;0.0812407569494;-0.0160025537014;-0.0820759236813;-0.0380948290229;0.00989972297102;-0.0147348344326;0.0502603404224;-0.0166451752186;-0.0653264939785;-0.0110205277801;-0.0583967030048;-0.0951162010431;0.0940601453185;0.0675964683294;0.0898574586958;0.0776230555028;-0.0997938609682;0.0478429347277;0.0715653866529;0.0339483559132;-0.0171589672565;-0.0425825178623;0.0723236143589;-0.0396503150463;0.0973535388708;-0.0220711580943;0.0745717231184;0.00163206998259;0.0615461528301;-0.0183112248778;-0.082283911109;0.066932554543;-0.0196490630507,1,1,shinbrotPaperBisection,0.0865456722676754,3,76,76,75,4,1;1;1;1;1;1;1;2;2;3;4;6;6;7;9;9;9;10;10;11;11;14;15;17;17;17;17;17;17;19;21;23;23;24;24;27;27;27;28;28;28;29;29;30;32;32;33;33;34;34;34;37;37;37;39;43;44;44;44;46;47;47;47;48;49;49;49;50;52;54;54;55;57;58;59,1519;3038;4557;6076;7595;9114;10633;12152;13671;15190;16709;18228;19747;21266;22785;24304;25823;27342;28861;30380;31899;33418;34937;36456;37975;39494;41013;42532;44051;45570;47089;48608;50127;51646;53165;54684;56203;57722;59241;60760;62279;63798;65317;66836;68355;69874;71393;72912;74431;75950;77469;78988;80507;82026;83545;85064;86583;88102;89621;91140;92659;94178;95697;97216;98735;100254;101773;103292;104811;106330;107849;109368;110887;112406;113925,1.519;3.038;4.557;6.076;7.595;9.114;10.633;12.152;13.671;15.19;16.709;18.228;19.747;21.266;22.785;24.304;25.823;27.342;28.861;30.38;31.899;33.418;34.937;36.456;37.975;39.494;41.013;42.532;44.051;45.57;47.089;48.608;50.127;51.646;53.165;54.684;56.203;57.722;59.241;60.7599999999;62.2789999999;63.7979999999;65.3169999999;66.836;68.355;69.874;71.393;72.912;74.431;75.95;77.469;78.988;80.507;82.026;83.545;85.064;86.583;88.1020000001;89.6210000001;91.1400000001;92.6590000001;94.1780000001;95.6970000001;97.2160000001;98.7350000001;100.254;101.773;103.292;104.811;106.33;107.849;109.368;110.887;112.406;113.925,shinbrotPaperBisection;shinbrotPaperBisection;shinbrotPaperBisection;shinbrotPaperBisection;shinbrotPaperBisection;shinbrotPaperBisection;shinbrotPaperBisection;shinbrotPaperBisection;shinbrotPaperBisection;shinbrotPaperBisection;shinbrotPaperBisection;shinbrotPaperBisection;shinbrotPaperBisection;shinbrotPaperBisection;shinbrotPaperBisection;shinbrotPaperBisection;shinbrotPaperBisection;shinbrotPaperBisection;shinbrotPaperBisection;shinbrotPaperBisection;shinbrotPaperBisection;shinbrotPaperBisection;shinbrotPaperBisection;shinbrotPaperBisection;shinbrotPaperBisection;shinbrotPaperBisection;shinbrotPaperBisection;shinbrotPaperBisection;shinbrotPaperBisection;shinbrotPaperBisection;shinbrotPaperBisection;shinbrotPaperBisection;shinbrotPaperBisection;shinbrotPaperBisection;shinbrotPaperBisection;shinbrotPaperBisection;shinbrotPaperBisection;shinbrotPaperBisection;shinbrotPaperBisection;shinbrotPaperBisection;shinbrotPaperBisection;shinbrotPaperBisection;shinbrotPaperBisection;shinbrotPaperBisection;shinbrotPaperBisection;shinbrotPaperBisection;shinbrotPaperBisection;shinbrotPaperBisection;shinbrotPaperBisection;shinbrotPaperBisection;shinbrotPaperBisection;shinbrotPaperBisection;shinbrotPaperBisection;shinbrotPaperBisection;shinbrotPaperBisection;shinbrotPaperBisection;shinbrotPaperBisection;shinbrotPaperBisection;shinbrotPaperBisection;shinbrotPaperBisection;shinbrotPaperBisection;shinbrotPaperBisection;shinbrotPaperBisection;shinbrotPaperBisection;shinbrotPaperBisection;shinbrotPaperBisection;shinbrotPaperBisection;shinbrotPaperBisection;shinbrotPaperBisection;shinbrotPaperBisection;shinbrotPaperBisection;shinbrotPaperBisection;shinbrotPaperBisection;shinbrotPaperBisection;shinbrotPaperBisection,-0.0269691005349;-0.0755222260952;0.0332735270262;0.04690615742;0.0439606487751;0.0842066556215;-0.0483672559261;-0.0218761608005;-0.0702783375978;-0.0382316768169;0.067205055058;-0.0316111624241;-0.0490571014583;0.0319747626781;-0.0607551962137;NaN;0.00781527161598;0.0216696530581;NaN;0.0714499175549;0.0171742707491;-0.0325932067819;NaN;0.0646114170551;-0.0681917726994;0.0490401213989;-0.0719354838133;0.0028681576252;-0.0959769070148;-0.0491311877966;-0.0730040594935;NaN;0.035108846426;0.0751062275842;0.0104000747204;-0.0605730764568;0.0339326322079;0.0696069270372;0.0776553332806;0.0484350819141;0.0260007321835;-0.098229148984;0.0812407569494;-0.0160025537014;-0.0820759236813;-0.0380948290229;0.00989972297102;-0.0147348344326;0.0502603404224;-0.0166451752186;-0.0653264939785;-0.0110205277801;-0.0583967030048;-0.0951162010431;0.0940601453185;0.0675964683294;0.0898574586958;0.0776230555028;-0.0997938609682;0.0478429347277;0.0715653866529;0.0339483559132;-0.0171589672565;-0.0425825178623;0.0723236143589;-0.0396503150463;0.0973535388708;-0.0220711580943;0.0745717231184;0.00163206998259;0.0615461528301;-0.0183112248778;-0.082283911109;0.066932554543;-0.0196490630507,1519,meanReturnCycleMatched,1.00026818778561,1.14130738886388,12.5876926111361,21.5188161766038,26.921,0,0,1,0,accepted-crossing limit exhausted,275.9621794
0.5,4,201004,paperCycleCadenceRetargetMode,shinbrotPaperBisection,0,NaN,60,67,NaN,100107,0.0865456722676754,-0.0821387588977814,0.0865456722677;-0.071842494607;0.085783072561;0.0297034800053;0.0114271789789;-0.0959338799119;-0.0463758327067;0.0417691677809;0.044421024248;-0.0951143682003;0.0733342489228;-0.0176171481609;-0.0995765149593;0.0286139808595;-0.0617630779743;-0.0486471712589;0.0238534510136;-0.00319371742662;-0.0544352862984;0.0930137939751;-0.0521522581577;-0.0495635136962;-0.0276323184371;-0.0469924598932;0.0181378424168;0.0236513197422;-0.0828013986349;-0.0712141856551;0.039041313529;0.0991799791344;-0.000330173736438;0.0225789248943;-0.0719762392342;-0.0991717040539;0.0986851421185;0.0636778205633;-0.065061532706;-0.0751945585012;-0.0892722070217;0.0739913910627;-0.0168532669544;0.0989113487303;-0.0134689390659;-0.0737054884434;-0.0382233008742;-0.0392049968243;0.00740748345852;-0.0766973793507;0.0366758309305;0.031178945303;0.0247961699963;0.00546588358848;-0.0843622595072;0.0710812717676;-0.0383831915446;0.0772115088999;0.00480021163821;-0.0941517665051;-0.0603883653879;-0.0821387588978,1,1,shinbrotPaperBisection,0.0865456722676754,3,66,66,65,6,2;2;3;5;5;5;5;5;6;6;7;13;15;15;15;15;16;18;18;18;19;19;19;19;19;20;22;22;22;23;25;27;29;31;31;32;32;32;33;36;36;40;40;40;40;41;41;41;43;43;43;45;47;49;49;50;52;52;52;53;53;53;53;59;59,1519;3038;4557;6076;7595;9114;10633;12152;13671;15190;16709;18228;19747;21266;22785;24304;25823;27342;28861;30380;31899;33418;34937;36456;37975;39494;41013;42532;44051;45570;47089;48608;50127;51646;53165;54684;56203;57722;59241;60760;62279;63798;65317;66836;68355;69874;71393;72912;74431;75950;77469;78988;80507;82026;83545;85064;86583;88102;89621;91140;92659;94178;95697;97216;98735,1.519;3.038;4.557;6.076;7.595;9.114;10.633;12.152;13.671;15.19;16.709;18.228;19.747;21.266;22.785;24.304;25.823;27.342;28.861;30.38;31.899;33.418;34.937;36.456;37.975;39.494;41.013;42.532;44.051;45.57;47.089;48.608;50.127;51.646;53.165;54.684;56.203;57.722;59.241;60.7599999999;62.2789999999;63.7979999999;65.3169999999;66.836;68.355;69.874;71.393;72.912;74.431;75.95;77.469;78.988;80.507;82.026;83.545;85.064;86.583;88.1020000001;89.6210000001;91.1400000001;92.6590000001;94.1780000001;95.6970000001;97.2160000001;98.7350000001,shinbrotPaperBisection;shinbrotPaperBisection;shinbrotPaperBisection;shinbrotPaperBisection;shinbrotPaperBisection;shinbrotPaperBisection;shinbrotPaperBisection;shinbrotPaperBisection;shinbrotPaperBisection;shinbrotPaperBisection;shinbrotPaperBisection;shinbrotPaperBisection;shinbrotPaperBisection;shinbrotPaperBisection;shinbrotPaperBisection;shinbrotPaperBisection;shinbrotPaperBisection;shinbrotPaperBisection;shinbrotPaperBisection;shinbrotPaperBisection;shinbrotPaperBisection;shinbrotPaperBisection;shinbrotPaperBisection;shinbrotPaperBisection;shinbrotPaperBisection;shinbrotPaperBisection;shinbrotPaperBisection;shinbrotPaperBisection;shinbrotPaperBisection;shinbrotPaperBisection;shinbrotPaperBisection;shinbrotPaperBisection;shinbrotPaperBisection;shinbrotPaperBisection;shinbrotPaperBisection;shinbrotPaperBisection;shinbrotPaperBisection;shinbrotPaperBisection;shinbrotPaperBisection;shinbrotPaperBisection;shinbrotPaperBisection;shinbrotPaperBisection;shinbrotPaperBisection;shinbrotPaperBisection;shinbrotPaperBisection;shinbrotPaperBisection;shinbrotPaperBisection;shinbrotPaperBisection;shinbrotPaperBisection;shinbrotPaperBisection;shinbrotPaperBisection;shinbrotPaperBisection;shinbrotPaperBisection;shinbrotPaperBisection;shinbrotPaperBisection;shinbrotPaperBisection;shinbrotPaperBisection;shinbrotPaperBisection;shinbrotPaperBisection;shinbrotPaperBisection;shinbrotPaperBisection;shinbrotPaperBisection;shinbrotPaperBisection;shinbrotPaperBisection;shinbrotPaperBisection,-0.071842494607;0.085783072561;0.0297034800053;0.0114271789789;-0.0959338799119;-0.0463758327067;0.0417691677809;0.044421024248;-0.0951143682003;0.0733342489228;-0.0176171481609;-0.0995765149593;0.0286139808595;-0.0617630779743;-0.0486471712589;0.0238534510136;-0.00319371742662;-0.0544352862984;0.0930137939751;-0.0521522581577;-0.0495635136962;-0.0276323184371;-0.0469924598932;0.0181378424168;0.0236513197422;-0.0828013986349;-0.0712141856551;0.039041313529;0.0991799791344;-0.000330173736438;0.0225789248943;-0.0719762392342;-0.0991717040539;0.0986851421185;NaN;NaN;0.0636778205633;NaN;-0.065061532706;-0.0751945585012;-0.0892722070217;0.0739913910627;NaN;-0.0168532669544;0.0989113487303;-0.0134689390659;-0.0737054884434;-0.0382233008742;-0.0392049968243;0.00740748345852;-0.0766973793507;0.0366758309305;0.031178945303;0.0247961699963;0.00546588358848;-0.0843622595072;0.0710812717676;-0.0383831915446;0.0772115088999;0.00480021163821;-0.0941517665051;NaN;-0.0603883653879;-0.0821387588978;NaN,1519,meanReturnCycleMatched,1.00026818778561,3.90918004507058,17.6381800450706,24.2482236064876,26.921,0,0,1,0,accepted-crossing limit exhausted,246.7968757
0.5,5,201005,paperCycleCadenceRetargetMode,shinbrotPaperBisection,0,NaN,60,37,NaN,73977,0.0865456722676754,-0.0325246468186378,0.0865456722677;-0.0485980331898;0.0111849844456;-0.0456565797329;0.0584294736385;0.032539588213;-0.0629704169929;-0.0657897919416;-0.085990446806;-0.0251485645771;0.0905455845175;-0.091508486867;-0.0331494748592;-0.0925739832222;-0.0864585310221;0.0272033128887;-0.0998418532312;0.0950383316725;0.0496973931789;-0.0416416943073;0.0908929795027;0.0694076444954;-0.0416659086943;0.0870624691248;-0.0770135153085;0.0980055510998;0.0723225330119;0.0615816965699;0.000188227370381;-0.0358873784542;0.0705501597375;-0.0842936575413;0.0989402726293;0.0919186774641;-0.0992957979441;0.0985423602164;0.0551353394985;-0.0732250973582;0.0499299307354;-0.0175114259124;0.0354414790869;-0.0688466489315;-0.0225282251835;0.00879912674427;-0.028789280355;0.0954570190981;0.00593406665139;-0.0325246468186,1,1,shinbrotPaperBisection,0.0865456722676754,3,49,49,48,1,2;2;3;4;4;5;6;7;9;10;10;10;10;11;13;15;16;18;19;19;19;22;22;24;24;24;24;30;33;33;33;35;35;41;44;47;47;48;48;48;49;51;51;51;54;57;59;59,1519;3038;4557;6076;7595;9114;10633;12152;13671;15190;16709;18228;19747;21266;22785;24304;25823;27342;28861;30380;31899;33418;34937;36456;37975;39494;41013;42532;44051;45570;47089;48608;50127;51646;53165;54684;56203;57722;59241;60760;62279;63798;65317;66836;68355;69874;71393;72912,1.519;3.038;4.557;6.076;7.595;9.114;10.633;12.152;13.671;15.19;16.709;18.228;19.747;21.266;22.785;24.304;25.823;27.342;28.861;30.38;31.899;33.418;34.937;36.456;37.975;39.494;41.013;42.532;44.051;45.57;47.089;48.608;50.127;51.646;53.165;54.684;56.203;57.722;59.241;60.7599999999;62.2789999999;63.7979999999;65.3169999999;66.836;68.355;69.874;71.393;72.912,shinbrotPaperBisection;shinbrotPaperBisection;shinbrotPaperBisection;shinbrotPaperBisection;shinbrotPaperBisection;shinbrotPaperBisection;shinbrotPaperBisection;shinbrotPaperBisection;shinbrotPaperBisection;shinbrotPaperBisection;shinbrotPaperBisection;shinbrotPaperBisection;shinbrotPaperBisection;shinbrotPaperBisection;shinbrotPaperBisection;shinbrotPaperBisection;shinbrotPaperBisection;shinbrotPaperBisection;shinbrotPaperBisection;shinbrotPaperBisection;shinbrotPaperBisection;shinbrotPaperBisection;shinbrotPaperBisection;shinbrotPaperBisection;shinbrotPaperBisection;shinbrotPaperBisection;shinbrotPaperBisection;shinbrotPaperBisection;shinbrotPaperBisection;shinbrotPaperBisection;shinbrotPaperBisection;shinbrotPaperBisection;shinbrotPaperBisection;shinbrotPaperBisection;shinbrotPaperBisection;shinbrotPaperBisection;shinbrotPaperBisection;shinbrotPaperBisection;shinbrotPaperBisection;shinbrotPaperBisection;shinbrotPaperBisection;shinbrotPaperBisection;shinbrotPaperBisection;shinbrotPaperBisection;shinbrotPaperBisection;shinbrotPaperBisection;shinbrotPaperBisection;shinbrotPaperBisection,-0.0485980331898;0.0111849844456;-0.0456565797329;0.0584294736385;0.032539588213;-0.0629704169929;-0.0657897919416;-0.085990446806;-0.0251485645771;NaN;0.0905455845175;-0.091508486867;-0.0331494748592;-0.0925739832222;-0.0864585310221;0.0272033128887;-0.0998418532312;0.0950383316725;0.0496973931789;-0.0416416943073;0.0908929795027;0.0694076444954;-0.0416659086943;0.0870624691248;-0.0770135153085;0.0980055510998;0.0723225330119;0.0615816965699;0.000188227370381;-0.0358873784542;0.0705501597375;-0.0842936575413;0.0989402726293;0.0919186774641;-0.0992957979441;0.0985423602164;0.0551353394985;-0.0732250973582;0.0499299307354;-0.0175114259124;0.0354414790869;-0.0688466489315;-0.0225282251835;0.00879912674427;-0.028789280355;0.0954570190981;0.00593406665139;-0.0325246468186,1519,meanReturnCycleMatched,1.00026818778561,2.68514417097349,16.4141441709735,24.3863385211566,26.921,0,0,1,0,accepted-crossing limit exhausted,189.7660812
0.5,6,201006,paperCycleCadenceRetargetMode,shinbrotPaperBisection,0,NaN,60,33,NaN,60425,0.0865456722676754,0.0371465653181076,0.0865456722677;-0.0554593980312;0.000114470720291;0.0807570874691;0.0743302732706;-0.0838045448065;-0.0768060863018;0.0025989793241;0.0708349049091;0.0468158513308;-0.0617896735668;0.011369690299;0.0994131632149;-0.00591329783201;0.00339426733553;0.0864386975765;-0.0135474488139;-0.0394085928798;-0.0400555834174;0.0375572043005;0.0999088638462;-0.0242897376418;-0.0551221936941;-0.0123798310757;0.0284954607487;0.0983890454168;-0.0964371860027;0.0873232200742;0.0762838855386;0.0208862394094;0.0239096552134;0.00330437645316;-0.04919071123;-0.0926420152187;0.0901777483523;0.0371465653181,1,1,shinbrotPaperBisection,0.0865456722676754,3,40,40,39,4,2;2;5;6;9;10;10;10;12;12;12;21;23;23;24;24;27;27;29;33;35;35;37;39;39;44;44;44;46;49;50;53;53;54;54;56;56;57;59,1519;3038;4557;6076;7595;9114;10633;12152;13671;15190;16709;18228;19747;21266;22785;24304;25823;27342;28861;30380;31899;33418;34937;36456;37975;39494;41013;42532;44051;45570;47089;48608;50127;51646;53165;54684;56203;57722;59241,1.519;3.038;4.557;6.076;7.595;9.114;10.633;12.152;13.671;15.19;16.709;18.228;19.747;21.266;22.785;24.304;25.823;27.342;28.861;30.38;31.899;33.418;34.937;36.456;37.975;39.494;41.013;42.532;44.051;45.57;47.089;48.608;50.127;51.646;53.165;54.684;56.203;57.722;59.241,shinbrotPaperBisection;shinbrotPaperBisection;shinbrotPaperBisection;shinbrotPaperBisection;shinbrotPaperBisection;shinbrotPaperBisection;shinbrotPaperBisection;shinbrotPaperBisection;shinbrotPaperBisection;shinbrotPaperBisection;shinbrotPaperBisection;shinbrotPaperBisection;shinbrotPaperBisection;shinbrotPaperBisection;shinbrotPaperBisection;shinbrotPaperBisection;shinbrotPaperBisection;shinbrotPaperBisection;shinbrotPaperBisection;shinbrotPaperBisection;shinbrotPaperBisection;shinbrotPaperBisection;shinbrotPaperBisection;shinbrotPaperBisection;shinbrotPaperBisection;shinbrotPaperBisection;shinbrotPaperBisection;shinbrotPaperBisection;shinbrotPaperBisection;shinbrotPaperBisection;shinbrotPaperBisection;shinbrotPaperBisection;shinbrotPaperBisection;shinbrotPaperBisection;shinbrotPaperBisection;shinbrotPaperBisection;shinbrotPaperBisection;shinbrotPaperBisection;shinbrotPaperBisection,-0.0554593980312;0.000114470720291;0.0807570874691;NaN;0.0743302732706;-0.0838045448065;-0.0768060863018;0.0025989793241;NaN;0.0708349049091;0.0468158513308;-0.0617896735668;0.011369690299;0.0994131632149;-0.00591329783201;0.00339426733553;0.0864386975765;-0.0135474488139;NaN;-0.0394085928798;-0.0400555834174;0.0375572043005;0.0999088638462;-0.0242897376418;-0.0551221936941;-0.0123798310757;0.0284954607487;0.0983890454168;-0.0964371860027;0.0873232200742;0.0762838855386;0.0208862394094;0.0239096552134;NaN;0.00330437645316;-0.04919071123;-0.0926420152187;0.0901777483523;0.0371465653181,1519,meanReturnCycleMatched,1.00026818778561,0.265739445810508,13.9947394458105,20.561797288997,26.921,0,0,1,0,accepted-crossing limit exhausted,121.8715395
0.5,7,201007,paperCycleCadenceRetargetMode,shinbrotPaperBisection,0,NaN,60,53,NaN,81839,0.0865456722676754,0.0968859519809484,0.0865456722677;0.0368782937527;-0.0827789861709;-0.0461296617985;0.0630410246551;-0.0533067844808;-0.0088039085269;-0.0288674041629;-0.0752129103988;-0.0904658377171;-0.0566137492657;0.086305052042;0.0721649348736;-0.0717447221279;-0.00860772579908;0.0748558891937;0.0947367932647;0.0869608982466;-0.00387481600046;-0.0589055486023;0.0788867511787;0.0943600304425;-0.0842670962214;0.0584126124159;0.0575531065464;0.049073632434;-0.0201395213604;-0.0632853835821;0.0175999253988;0.0559995621443;-0.0431962549686;-0.0749614544213;0.071379272081;0.0967576726689;0.0481965243816;0.0941444694996;-0.0841193646193;-0.0206894233823;0.0240503937006;0.00637337844819;-0.00951486229897;-0.0736784636974;0.0739470154047;-0.0293836534023;-0.0547225806862;-0.0653789103031;-0.0377088725567;-0.0867495387793;0.0134118661284;-0.0771217644215;0.0968859519809,1,1,shinbrotPaperBisection,0.0865456722676754,3,54,54,53,3,1;1;1;4;5;5;5;7;7;7;7;8;8;8;8;9;12;13;13;13;13;13;17;17;17;26;26;26;28;28;34;34;35;35;37;39;41;44;46;49;49;49;49;49;49;52;54;54;55;55;55;55;55,1519;3038;4557;6076;7595;9114;10633;12152;13671;15190;16709;18228;19747;21266;22785;24304;25823;27342;28861;30380;31899;33418;34937;36456;37975;39494;41013;42532;44051;45570;47089;48608;50127;51646;53165;54684;56203;57722;59241;60760;62279;63798;65317;66836;68355;69874;71393;72912;74431;75950;77469;78988;80507,1.519;3.038;4.557;6.076;7.595;9.114;10.633;12.152;13.671;15.19;16.709;18.228;19.747;21.266;22.785;24.304;25.823;27.342;28.861;30.38;31.899;33.418;34.937;36.456;37.975;39.494;41.013;42.532;44.051;45.57;47.089;48.608;50.127;51.646;53.165;54.684;56.203;57.722;59.241;60.7599999999;62.2789999999;63.7979999999;65.3169999999;66.836;68.355;69.874;71.393;72.912;74.431;75.95;77.469;78.988;80.507,shinbrotPaperBisection;shinbrotPaperBisection;shinbrotPaperBisection;shinbrotPaperBisection;shinbrotPaperBisection;shinbrotPaperBisection;shinbrotPaperBisection;shinbrotPaperBisection;shinbrotPaperBisection;shinbrotPaperBisection;shinbrotPaperBisection;shinbrotPaperBisection;shinbrotPaperBisection;shinbrotPaperBisection;shinbrotPaperBisection;shinbrotPaperBisection;shinbrotPaperBisection;shinbrotPaperBisection;shinbrotPaperBisection;shinbrotPaperBisection;shinbrotPaperBisection;shinbrotPaperBisection;shinbrotPaperBisection;shinbrotPaperBisection;shinbrotPaperBisection;shinbrotPaperBisection;shinbrotPaperBisection;shinbrotPaperBisection;shinbrotPaperBisection;shinbrotPaperBisection;shinbrotPaperBisection;shinbrotPaperBisection;shinbrotPaperBisection;shinbrotPaperBisection;shinbrotPaperBisection;shinbrotPaperBisection;shinbrotPaperBisection;shinbrotPaperBisection;shinbrotPaperBisection;shinbrotPaperBisection;shinbrotPaperBisection;shinbrotPaperBisection;shinbrotPaperBisection;shinbrotPaperBisection;shinbrotPaperBisection;shinbrotPaperBisection;shinbrotPaperBisection;shinbrotPaperBisection;shinbrotPaperBisection;shinbrotPaperBisection;shinbrotPaperBisection;shinbrotPaperBisection;shinbrotPaperBisection,0.0368782937527;-0.0827789861709;-0.0461296617985;0.0630410246551;-0.0533067844808;-0.0088039085269;-0.0288674041629;-0.0752129103988;-0.0904658377171;-0.0566137492657;0.086305052042;NaN;0.0721649348736;-0.0717447221279;-0.00860772579908;0.0748558891937;0.0947367932647;0.0869608982466;-0.00387481600046;-0.0589055486023;0.0788867511787;0.0943600304425;-0.0842670962214;0.0584126124159;0.0575531065464;0.049073632434;-0.0201395213604;NaN;-0.0632853835821;0.0175999253988;0.0559995621443;-0.0431962549686;-0.0749614544213;0.071379272081;0.0967576726689;0.0481965243816;0.0941444694996;-0.0841193646193;-0.0206894233823;NaN;0.0240503937006;0.00637337844819;-0.00951486229897;-0.0736784636974;0.0739470154047;-0.0293836534023;-0.0547225806862;-0.0653789103031;-0.0377088725567;-0.0867495387793;0.0134118661284;-0.0771217644215;0.0968859519809,1519,meanReturnCycleMatched,1.00026818778561,2.16486635215014,15.8938663521501,16.3398844285616,26.921,0,0,1,0,accepted-crossing limit exhausted,201.0153623
0.5,8,201008,paperCycleCadenceRetargetMode,shinbrotPaperBisection,0,NaN,60,86,NaN,84695,0.0865456722676754,-0.0215413510799408,0.0865456722677;-0.0133203312755;0.0889254741371;0.0923658501357;0.0990389406681;-0.0517043411732;0.079310785979;-0.0681638300419;-0.0309541165829;0.0426815450191;0.0391874875873;-0.0560602724552;0.0704330861568;-0.0174655839801;-0.0669265717268;-0.0483110010624;-0.0966246753931;0.00104895532131;-0.00226728189737;0.025059838593;-0.0251731932163;0.0224353402853;-4.28750412539e-05;0.00595728754997;-0.0987085044384;0.053556162864;-0.0247365653515;-0.0606521099806;-0.0184870421886;-0.0153171017766;0.0110905185342;0.0878314418718;0.0795631557703;-0.0940090477467;-0.0615477859974;-0.00158724058419;0.0756867282093;-0.00841992497444;0.0277306854725;-0.0469517655671;0.0149035006762;-0.0183688476682;-0.0558277308941;0.0210338413715;5.20124332979e-05;-0.0612793467939;0.0786461502314;-0.0584086835384;-0.0340892970562;-0.0870561659336;0.0994138209149;-0.0713727653027;0.0882119700313;-0.0215413510799,1,1,shinbrotPaperBisection,0.0865456722676754,3,56,56,55,2,5;5;10;10;10;10;11;11;12;13;13;15;17;18;18;18;18;18;18;19;20;20;23;23;24;25;26;27;28;28;28;28;28;29;29;30;31;31;32;34;34;35;36;36;38;39;41;42;45;45;45;47;48;48;50,1519;3038;4557;6076;7595;9114;10633;12152;13671;15190;16709;18228;19747;21266;22785;24304;25823;27342;28861;30380;31899;33418;34937;36456;37975;39494;41013;42532;44051;45570;47089;48608;50127;51646;53165;54684;56203;57722;59241;60760;62279;63798;65317;66836;68355;69874;71393;72912;74431;75950;77469;78988;80507;82026;83545,1.519;3.038;4.557;6.076;7.595;9.114;10.633;12.152;13.671;15.19;16.709;18.228;19.747;21.266;22.785;24.304;25.823;27.342;28.861;30.38;31.899;33.418;34.937;36.456;37.975;39.494;41.013;42.532;44.051;45.57;47.089;48.608;50.127;51.646;53.165;54.684;56.203;57.722;59.241;60.7599999999;62.2789999999;63.7979999999;65.3169999999;66.836;68.355;69.874;71.393;72.912;74.431;75.95;77.469;78.988;80.507;82.026;83.545,shinbrotPaperBisection;shinbrotPaperBisection;shinbrotPaperBisection;shinbrotPaperBisection;shinbrotPaperBisection;shinbrotPaperBisection;shinbrotPaperBisection;shinbrotPaperBisection;shinbrotPaperBisection;shinbrotPaperBisection;shinbrotPaperBisection;shinbrotPaperBisection;shinbrotPaperBisection;shinbrotPaperBisection;shinbrotPaperBisection;shinbrotPaperBisection;shinbrotPaperBisection;shinbrotPaperBisection;shinbrotPaperBisection;shinbrotPaperBisection;shinbrotPaperBisection;shinbrotPaperBisection;shinbrotPaperBisection;shinbrotPaperBisection;shinbrotPaperBisection;shinbrotPaperBisection;shinbrotPaperBisection;shinbrotPaperBisection;shinbrotPaperBisection;shinbrotPaperBisection;shinbrotPaperBisection;shinbrotPaperBisection;shinbrotPaperBisection;shinbrotPaperBisection;shinbrotPaperBisection;shinbrotPaperBisection;shinbrotPaperBisection;shinbrotPaperBisection;shinbrotPaperBisection;shinbrotPaperBisection;shinbrotPaperBisection;shinbrotPaperBisection;shinbrotPaperBisection;shinbrotPaperBisection;shinbrotPaperBisection;shinbrotPaperBisection;shinbrotPaperBisection;shinbrotPaperBisection;shinbrotPaperBisection;shinbrotPaperBisection;shinbrotPaperBisection;shinbrotPaperBisection;shinbrotPaperBisection;shinbrotPaperBisection;shinbrotPaperBisection,-0.0133203312755;0.0889254741371;0.0923658501357;0.0990389406681;-0.0517043411732;0.079310785979;-0.0681638300419;-0.0309541165829;0.0426815450191;0.0391874875873;-0.0560602724552;0.0704330861568;-0.0174655839801;-0.0669265717268;-0.0483110010624;-0.0966246753931;0.00104895532131;-0.00226728189737;0.025059838593;-0.0251731932163;0.0224353402853;-4.28750412539e-05;0.00595728754997;-0.0987085044384;0.053556162864;-0.0247365653515;-0.0606521099806;-0.0184870421886;-0.0153171017766;0.0110905185342;0.0878314418718;0.0795631557703;-0.0940090477467;-0.0615477859974;-0.00158724058419;0.0756867282093;-0.00841992497444;0.0277306854725;-0.0469517655671;NaN;0.0149035006762;-0.0183688476682;-0.0558277308941;0.0210338413715;5.20124332979e-05;-0.0612793467939;0.0786461502314;-0.0584086835384;-0.0340892970562;-0.0870561659336;0.0994138209149;-0.0713727653027;0.0882119700313;-0.0215413510799;NaN,1519,meanReturnCycleMatched,1.00026818778561,0.105454856275992,13.834454856276,18.3127182436265,26.921,0,0,1,0,accepted-crossing limit exhausted,182.4464211
0.5,9,201009,paperCycleCadenceRetargetMode,shinbrotPaperBisection,0,NaN,60,77,NaN,89810,0.0865456722676754,0.0217235952615738,0.0865456722677;-0.0437291920185;0.0989463981241;-0.0237879639491;-0.0187054932117;-0.0724528729916;0.0122540131211;-0.024032150209;-0.0977236092091;0.0888653429225;0.0578356124461;-0.020992513001;-0.0266156867146;0.0220587670803;-0.0479565441608;0.00901716500521;-0.0992522895336;-0.0208316028118;0.085485252738;0.0903764994815;0.035866138339;-0.0129719674587;0.000559829361737;0.0617444440722;-0.0234063964337;-0.0897679597139;-0.0418398559093;0.0872672657482;0.0657359153032;0.0585835032165;-0.0128700792789;0.023990136385;-0.0815287679434;-0.0063305914402;-0.023005849123;0.0839810369274;-0.0693522155285;-0.0211873948574;0.022079578042;-0.00665257126093;-0.00294396281242;0.045298153162;-0.0521484166384;-0.0687980949879;0.0191695034504;0.0824219144881;-0.0299980938435;0.00321512520313;0.0990830406547;0.0789237573743;-0.0250049754977;0.0494077146053;0.0641904309392;0.0822775155306;0.0463659729809;-0.0527876913548;0.0981389127672;0.0217235952616,1,1,shinbrotPaperBisection,0.0865456722676754,3,60,60,59,2,1;1;5;7;12;13;16;16;16;17;17;18;19;20;20;20;20;20;20;22;22;24;26;26;26;29;30;30;30;30;31;31;33;37;39;40;40;40;45;47;48;48;48;49;49;49;49;49;49;51;54;55;55;55;55;56;56;58;59,1519;3038;4557;6076;7595;9114;10633;12152;13671;15190;16709;18228;19747;21266;22785;24304;25823;27342;28861;30380;31899;33418;34937;36456;37975;39494;41013;42532;44051;45570;47089;48608;50127;51646;53165;54684;56203;57722;59241;60760;62279;63798;65317;66836;68355;69874;71393;72912;74431;75950;77469;78988;80507;82026;83545;85064;86583;88102;89621,1.519;3.038;4.557;6.076;7.595;9.114;10.633;12.152;13.671;15.19;16.709;18.228;19.747;21.266;22.785;24.304;25.823;27.342;28.861;30.38;31.899;33.418;34.937;36.456;37.975;39.494;41.013;42.532;44.051;45.57;47.089;48.608;50.127;51.646;53.165;54.684;56.203;57.722;59.241;60.7599999999;62.2789999999;63.7979999999;65.3169999999;66.836;68.355;69.874;71.393;72.912;74.431;75.95;77.469;78.988;80.507;82.026;83.545;85.064;86.583;88.1020000001;89.6210000001,shinbrotPaperBisection;shinbrotPaperBisection;shinbrotPaperBisection;shinbrotPaperBisection;shinbrotPaperBisection;shinbrotPaperBisection;shinbrotPaperBisection;shinbrotPaperBisection;shinbrotPaperBisection;shinbrotPaperBisection;shinbrotPaperBisection;shinbrotPaperBisection;shinbrotPaperBisection;shinbrotPaperBisection;shinbrotPaperBisection;shinbrotPaperBisection;shinbrotPaperBisection;shinbrotPaperBisection;shinbrotPaperBisection;shinbrotPaperBisection;shinbrotPaperBisection;shinbrotPaperBisection;shinbrotPaperBisection;shinbrotPaperBisection;shinbrotPaperBisection;shinbrotPaperBisection;shinbrotPaperBisection;shinbrotPaperBisection;shinbrotPaperBisection;shinbrotPaperBisection;shinbrotPaperBisection;shinbrotPaperBisection;shinbrotPaperBisection;shinbrotPaperBisection;shinbrotPaperBisection;shinbrotPaperBisection;shinbrotPaperBisection;shinbrotPaperBisection;shinbrotPaperBisection;shinbrotPaperBisection;shinbrotPaperBisection;shinbrotPaperBisection;shinbrotPaperBisection;shinbrotPaperBisection;shinbrotPaperBisection;shinbrotPaperBisection;shinbrotPaperBisection;shinbrotPaperBisection;shinbrotPaperBisection;shinbrotPaperBisection;shinbrotPaperBisection;shinbrotPaperBisection;shinbrotPaperBisection;shinbrotPaperBisection;shinbrotPaperBisection;shinbrotPaperBisection;shinbrotPaperBisection;shinbrotPaperBisection;shinbrotPaperBisection,-0.0437291920185;0.0989463981241;-0.0237879639491;-0.0187054932117;-0.0724528729916;0.0122540131211;-0.024032150209;-0.0977236092091;0.0888653429225;0.0578356124461;-0.020992513001;-0.0266156867146;0.0220587670803;-0.0479565441608;0.00901716500521;-0.0992522895336;-0.0208316028118;0.085485252738;0.0903764994815;0.035866138339;-0.0129719674587;0.000559829361737;0.0617444440722;-0.0234063964337;-0.0897679597139;-0.0418398559093;0.0872672657482;0.0657359153032;0.0585835032165;-0.0128700792789;0.023990136385;-0.0815287679434;-0.0063305914402;-0.023005849123;0.0839810369274;-0.0693522155285;-0.0211873948574;NaN;0.022079578042;-0.00665257126093;-0.00294396281242;0.045298153162;-0.0521484166384;-0.0687980949879;0.0191695034504;0.0824219144881;-0.0299980938435;0.00321512520313;NaN;0.0990830406547;0.0789237573743;-0.0250049754977;0.0494077146053;0.0641904309392;0.0822775155306;0.0463659729809;-0.0527876913548;0.0981389127672;0.0217235952616,1519,meanReturnCycleMatched,1.00026818778561,1.93762887085375,11.7913711291462,18.6478282943228,26.921,0,0,1,0,accepted-crossing limit exhausted,208.4580806
0.5,10,201010,paperCycleCadenceRetargetMode,shinbrotPaperBisection,0,NaN,60,61,NaN,66599,0.0865456722676754,0.0751898378133774,0.0865456722677;0.0208179265261;-0.0232295975089;0.0845413379371;0.0642369359732;-0.0369249731302;0.0668803542852;0.0988924144767;-0.0502250015736;-0.0241263106465;0.0131092458963;0.0589813560247;-0.0123421177268;0.0100698560476;-0.0810368597507;-0.0322403118014;0.00291396826506;0.0218928407878;-0.0849610626698;0.063398784399;-0.0239087387919;0.0628886360675;0.0406093657017;-0.019858263433;0.0106882303953;0.0818131268024;-0.0398878753185;-0.0668728619814;-0.0625130549306;0.044042384997;-0.0141714990139;0.0827136801556;0.0132509402931;0.0695327460766;0.0875901386142;-0.0433581054211;0.0405260771513;0.00957055687904;-0.0871352612972;0.0684639751911;0.000954074598849;0.0751898378134,1,1,shinbrotPaperBisection,0.0865456722676754,3,44,44,43,2,3;3;4;4;7;7;7;8;8;9;11;11;11;11;11;11;11;14;15;17;21;23;24;24;24;24;26;27;27;32;36;37;39;43;43;44;45;47;49;50;50;56;58,1519;3038;4557;6076;7595;9114;10633;12152;13671;15190;16709;18228;19747;21266;22785;24304;25823;27342;28861;30380;31899;33418;34937;36456;37975;39494;41013;42532;44051;45570;47089;48608;50127;51646;53165;54684;56203;57722;59241;60760;62279;63798;65317,1.519;3.038;4.557;6.076;7.595;9.114;10.633;12.152;13.671;15.19;16.709;18.228;19.747;21.266;22.785;24.304;25.823;27.342;28.861;30.38;31.899;33.418;34.937;36.456;37.975;39.494;41.013;42.532;44.051;45.57;47.089;48.608;50.127;51.646;53.165;54.684;56.203;57.722;59.241;60.7599999999;62.2789999999;63.7979999999;65.3169999999,shinbrotPaperBisection;shinbrotPaperBisection;shinbrotPaperBisection;shinbrotPaperBisection;shinbrotPaperBisection;shinbrotPaperBisection;shinbrotPaperBisection;shinbrotPaperBisection;shinbrotPaperBisection;shinbrotPaperBisection;shinbrotPaperBisection;shinbrotPaperBisection;shinbrotPaperBisection;shinbrotPaperBisection;shinbrotPaperBisection;shinbrotPaperBisection;shinbrotPaperBisection;shinbrotPaperBisection;shinbrotPaperBisection;shinbrotPaperBisection;shinbrotPaperBisection;shinbrotPaperBisection;shinbrotPaperBisection;shinbrotPaperBisection;shinbrotPaperBisection;shinbrotPaperBisection;shinbrotPaperBisection;shinbrotPaperBisection;shinbrotPaperBisection;shinbrotPaperBisection;shinbrotPaperBisection;shinbrotPaperBisection;shinbrotPaperBisection;shinbrotPaperBisection;shinbrotPaperBisection;shinbrotPaperBisection;shinbrotPaperBisection;shinbrotPaperBisection;shinbrotPaperBisection;shinbrotPaperBisection;shinbrotPaperBisection;shinbrotPaperBisection;shinbrotPaperBisection,0.0208179265261;-0.0232295975089;0.0845413379371;0.0642369359732;-0.0369249731302;0.0668803542852;0.0988924144767;-0.0502250015736;-0.0241263106465;0.0131092458963;0.0589813560247;-0.0123421177268;0.0100698560476;-0.0810368597507;-0.0322403118014;0.00291396826506;0.0218928407878;-0.0849610626698;0.063398784399;NaN;-0.0239087387919;0.0628886360675;0.0406093657017;NaN;-0.019858263433;0.0106882303953;0.0818131268024;-0.0398878753185;-0.0668728619814;-0.0625130549306;0.044042384997;-0.0141714990139;0.0827136801556;0.0132509402931;0.0695327460766;0.0875901386142;-0.0433581054211;0.0405260771513;0.00957055687904;-0.0871352612972;0.0684639751911;0.000954074598849;0.0751898378134,1519,meanReturnCycleMatched,1.00026818778561,1.70807745318762,15.4370774531876,23.8991548831905,26.921,0,0,1,0,accepted-crossing limit exhausted,134.8884407
1,1,202001,paperCycleCadenceRetargetMode,shinbrotPaperBisection,0,NaN,60,55,NaN,50893,0.0865456722676754,0.0947148039937019,0.0865456722677;0.0626955062151;-0.0903638511896;-0.0206660449505;0.0764466583729;-0.0943451344967;-0.00588333383203;0.0912981070578;0.0857110321522;0.0266297155991;0.0519038788974;-0.0239068448544;-0.0153759941459;-0.0210608780384;0.024221137166;0.0444668471813;-0.0603372871876;0.0343939729035;-0.0348101168871;0.0367700061761;-0.0804144829512;0.0181005209684;-0.0687772333622;-0.0301967322826;0.0549324810505;-0.0889583408833;0.0842729732627;-0.0746291058138;-0.0992948234081;-0.0138727724552;0.0698080599308;0.0947148039937,1,1,shinbrotPaperBisection,0.0865456722676754,3,34,34,33,2,0;0;7;9;9;14;14;16;19;19;20;21;25;25;25;26;27;27;29;29;30;37;39;44;44;48;52;52;55;56;56;58;59,1519;3038;4557;6076;7595;9114;10633;12152;13671;15190;16709;18228;19747;21266;22785;24304;25823;27342;28861;30380;31899;33418;34937;36456;37975;39494;41013;42532;44051;45570;47089;48608;50127,1.519;3.038;4.557;6.076;7.595;9.114;10.633;12.152;13.671;15.19;16.709;18.228;19.747;21.266;22.785;24.304;25.823;27.342;28.861;30.38;31.899;33.418;34.937;36.456;37.975;39.494;41.013;42.532;44.051;45.57;47.089;48.608;50.127,shinbrotPaperBisection;shinbrotPaperBisection;shinbrotPaperBisection;shinbrotPaperBisection;shinbrotPaperBisection;shinbrotPaperBisection;shinbrotPaperBisection;shinbrotPaperBisection;shinbrotPaperBisection;shinbrotPaperBisection;shinbrotPaperBisection;shinbrotPaperBisection;shinbrotPaperBisection;shinbrotPaperBisection;shinbrotPaperBisection;shinbrotPaperBisection;shinbrotPaperBisection;shinbrotPaperBisection;shinbrotPaperBisection;shinbrotPaperBisection;shinbrotPaperBisection;shinbrotPaperBisection;shinbrotPaperBisection;shinbrotPaperBisection;shinbrotPaperBisection;shinbrotPaperBisection;shinbrotPaperBisection;shinbrotPaperBisection;shinbrotPaperBisection;shinbrotPaperBisection;shinbrotPaperBisection;shinbrotPaperBisection;shinbrotPaperBisection,0.0626955062151;-0.0903638511896;-0.0206660449505;0.0764466583729;-0.0943451344967;-0.00588333383203;0.0912981070578;0.0857110321522;0.0266297155991;0.0519038788974;-0.0239068448544;-0.0153759941459;-0.0210608780384;0.024221137166;0.0444668471813;-0.0603372871876;0.0343939729035;NaN;-0.0348101168871;0.0367700061761;-0.0804144829512;0.0181005209684;-0.0687772333622;-0.0301967322826;NaN;0.0549324810505;-0.0889583408833;0.0842729732627;-0.0746291058138;-0.0992948234081;-0.0138727724552;0.0698080599308;0.0947148039937,1519,meanReturnCycleMatched,1.00026818778561,8.7985086188997,22.5275086188997,22.5983504673145,26.921,0,0,1,0,accepted-crossing limit exhausted,97.2298557
1,2,202002,paperCycleCadenceRetargetMode,shinbrotPaperBisection,0,NaN,60,76,NaN,75965,0.0865456722676754,0.0649416744709015,0.0865456722677;-0.0349943712354;-0.0792139738798;-0.0304704487324;-0.00216549187899;-0.0821298092604;0.0762727245688;-0.0497447960079;-0.0218343988061;-0.0401816233993;0.050362020731;-0.0254822447896;-0.0591753900051;0.0603477483615;-0.0688735716045;0.018042967096;-0.0939203485847;0.0358827650547;0.00295223891735;-0.0228277847171;-0.0947763308883;-0.0515060443431;0.0705129563808;0.0317839711905;0.0970338537591;-0.0372025191784;-0.0416089251637;0.0208026111126;-0.000540739297867;0.0608803898096;0.0834506183863;-0.0544674165547;0.0740978300571;0.0698878005147;-0.0809773862362;-0.0658069930971;-0.0610888898373;-0.067001670599;0.0228781968355;-0.0871406137943;0.0870990693569;0.0859374448657;0.0783413380384;-0.049263305217;0.0507085263729;0.0985616028309;0.0649416744709,1,1,shinbrotPaperBisection,0.0865456722676754,3,51,51,50,4,1;3;4;4;4;4;4;13;13;13;13;18;18;18;19;19;24;28;29;29;30;30;31;31;31;31;31;31;33;39;41;41;42;42;42;44;46;50;50;52;52;54;55;56;58;58;58;59;59;59,1519;3038;4557;6076;7595;9114;10633;12152;13671;15190;16709;18228;19747;21266;22785;24304;25823;27342;28861;30380;31899;33418;34937;36456;37975;39494;41013;42532;44051;45570;47089;48608;50127;51646;53165;54684;56203;57722;59241;60760;62279;63798;65317;66836;68355;69874;71393;72912;74431;75950,1.519;3.038;4.557;6.076;7.595;9.114;10.633;12.152;13.671;15.19;16.709;18.228;19.747;21.266;22.785;24.304;25.823;27.342;28.861;30.38;31.899;33.418;34.937;36.456;37.975;39.494;41.013;42.532;44.051;45.57;47.089;48.608;50.127;51.646;53.165;54.684;56.203;57.722;59.241;60.7599999999;62.2789999999;63.7979999999;65.3169999999;66.836;68.355;69.874;71.393;72.912;74.431;75.95,shinbrotPaperBisection;shinbrotPaperBisection;shinbrotPaperBisection;shinbrotPaperBisection;shinbrotPaperBisection;shinbrotPaperBisection;shinbrotPaperBisection;shinbrotPaperBisection;shinbrotPaperBisection;shinbrotPaperBisection;shinbrotPaperBisection;shinbrotPaperBisection;shinbrotPaperBisection;shinbrotPaperBisection;shinbrotPaperBisection;shinbrotPaperBisection;shinbrotPaperBisection;shinbrotPaperBisection;shinbrotPaperBisection;shinbrotPaperBisection;shinbrotPaperBisection;shinbrotPaperBisection;shinbrotPaperBisection;shinbrotPaperBisection;shinbrotPaperBisection;shinbrotPaperBisection;shinbrotPaperBisection;shinbrotPaperBisection;shinbrotPaperBisection;shinbrotPaperBisection;shinbrotPaperBisection;shinbrotPaperBisection;shinbrotPaperBisection;shinbrotPaperBisection;shinbrotPaperBisection;shinbrotPaperBisection;shinbrotPaperBisection;shinbrotPaperBisection;shinbrotPaperBisection;shinbrotPaperBisection;shinbrotPaperBisection;shinbrotPaperBisection;shinbrotPaperBisection;shinbrotPaperBisection;shinbrotPaperBisection;shinbrotPaperBisection;shinbrotPaperBisection;shinbrotPaperBisection;shinbrotPaperBisection;shinbrotPaperBisection,-0.0349943712354;-0.0792139738798;-0.0304704487324;-0.00216549187899;-0.0821298092604;0.0762727245688;-0.0497447960079;-0.0218343988061;-0.0401816233993;0.050362020731;-0.0254822447896;-0.0591753900051;0.0603477483615;-0.0688735716045;0.018042967096;-0.0939203485847;0.0358827650547;0.00295223891735;-0.0228277847171;-0.0947763308883;-0.0515060443431;0.0705129563808;0.0317839711905;0.0970338537591;-0.0372025191784;-0.0416089251637;NaN;NaN;0.0208026111126;-0.000540739297867;0.0608803898096;0.0834506183863;-0.0544674165547;0.0740978300571;0.0698878005147;-0.0809773862362;-0.0658069930971;-0.0610888898373;-0.067001670599;0.0228781968355;-0.0871406137943;0.0870990693569;0.0859374448657;0.0783413380384;NaN;-0.049263305217;NaN;0.0507085263729;0.0985616028309;0.0649416744709,1519,meanReturnCycleMatched,1.00026818778561,1.74403579661549,15.4730357966155,27.9251037045766,26.921,0,0,1,0,accepted-crossing limit exhausted,150.9336539
1,3,202003,paperCycleCadenceRetargetMode,shinbrotPaperBisection,0,NaN,60,95,NaN,95965,0.0865456722676754,0.0490071952342987,0.0865456722677;-0.0208917424083;0.00411408692598;-0.000472623109818;-0.0929094545543;0.0299012809992;-0.0248242165893;0.0145867913961;0.0103152215481;-0.0515593323857;0.087736123614;0.0911215573549;-0.0808790296316;0.0874521121383;-0.0411092072725;0.0479775965214;-0.0500171840191;0.0720748469234;0.0189030673355;-0.00349273048341;-0.0585770070553;-0.000364297814667;-0.0977115172893;0.0587155073881;-0.0415054500103;0.0368332497776;0.091498638317;0.00155081829871;0.0425785452127;-0.0937963217497;-0.0216063320637;-0.0944247066975;0.0542897999287;-0.033139282465;-0.00944381803274;0.0749400447123;0.0333367317915;-0.0464084804058;-0.0784222394228;0.0776925385464;-0.0547630041838;0.00658565163612;0.0249427773757;-0.0714623838663;0.0393538892269;0.000269628316164;0.0897645675519;-0.0604745090008;-0.0752735197544;-0.0578818142414;0.0401569277048;-0.0992240250111;0.0329452097416;-0.0224377334118;-0.0591798722744;-0.093990021944;0.0861177884042;0.0370422184467;0.0490071952343,1,1,shinbrotPaperBisection,0.0865456722676754,3,64,64,63,5,2;2;3;3;3;3;3;4;4;5;5;5;5;8;12;13;14;14;19;21;25;25;26;26;26;27;28;28;32;32;32;33;33;33;33;36;37;39;40;42;42;44;44;45;46;46;46;46;46;47;47;48;50;52;53;54;56;56;56;56;56;59;59,1519;3038;4557;6076;7595;9114;10633;12152;13671;15190;16709;18228;19747;21266;22785;24304;25823;27342;28861;30380;31899;33418;34937;36456;37975;39494;41013;42532;44051;45570;47089;48608;50127;51646;53165;54684;56203;57722;59241;60760;62279;63798;65317;66836;68355;69874;71393;72912;74431;75950;77469;78988;80507;82026;83545;85064;86583;88102;89621;91140;92659;94178;95697,1.519;3.038;4.557;6.076;7.595;9.114;10.633;12.152;13.671;15.19;16.709;18.228;19.747;21.266;22.785;24.304;25.823;27.342;28.861;30.38;31.899;33.418;34.937;36.456;37.975;39.494;41.013;42.532;44.051;45.57;47.089;48.608;50.127;51.646;53.165;54.684;56.203;57.722;59.241;60.7599999999;62.2789999999;63.7979999999;65.3169999999;66.836;68.355;69.874;71.393;72.912;74.431;75.95;77.469;78.988;80.507;82.026;83.545;85.064;86.583;88.1020000001;89.6210000001;91.1400000001;92.6590000001;94.1780000001;95.6970000001,shinbrotPaperBisection;shinbrotPaperBisection;shinbrotPaperBisection;shinbrotPaperBisection;shinbrotPaperBisection;shinbrotPaperBisection;shinbrotPaperBisection;shinbrotPaperBisection;shinbrotPaperBisection;shinbrotPaperBisection;shinbrotPaperBisection;shinbrotPaperBisection;shinbrotPaperBisection;shinbrotPaperBisection;shinbrotPaperBisection;shinbrotPaperBisection;shinbrotPaperBisection;shinbrotPaperBisection;shinbrotPaperBisection;shinbrotPaperBisection;shinbrotPaperBisection;shinbrotPaperBisection;shinbrotPaperBisection;shinbrotPaperBisection;shinbrotPaperBisection;shinbrotPaperBisection;shinbrotPaperBisection;shinbrotPaperBisection;shinbrotPaperBisection;shinbrotPaperBisection;shinbrotPaperBisection;shinbrotPaperBisection;shinbrotPaperBisection;shinbrotPaperBisection;shinbrotPaperBisection;shinbrotPaperBisection;shinbrotPaperBisection;shinbrotPaperBisection;shinbrotPaperBisection;shinbrotPaperBisection;shinbrotPaperBisection;shinbrotPaperBisection;shinbrotPaperBisection;shinbrotPaperBisection;shinbrotPaperBisection;shinbrotPaperBisection;shinbrotPaperBisection;shinbrotPaperBisection;shinbrotPaperBisection;shinbrotPaperBisection;shinbrotPaperBisection;shinbrotPaperBisection;shinbrotPaperBisection;shinbrotPaperBisection;shinbrotPaperBisection;shinbrotPaperBisection;shinbrotPaperBisection;shinbrotPaperBisection;shinbrotPaperBisection;shinbrotPaperBisection;shinbrotPaperBisection;shinbrotPaperBisection;shinbrotPaperBisection,-0.0208917424083;0.00411408692598;NaN;-0.000472623109818;-0.0929094545543;0.0299012809992;-0.0248242165893;0.0145867913961;0.0103152215481;-0.0515593323857;0.087736123614;0.0911215573549;-0.0808790296316;NaN;0.0874521121383;-0.0411092072725;0.0479775965214;-0.0500171840191;NaN;0.0720748469234;0.0189030673355;-0.00349273048341;-0.0585770070553;-0.000364297814667;-0.0977115172893;0.0587155073881;-0.0415054500103;0.0368332497776;0.091498638317;0.00155081829871;0.0425785452127;-0.0937963217497;-0.0216063320637;-0.0944247066975;0.0542897999287;-0.033139282465;-0.00944381803274;NaN;0.0749400447123;0.0333367317915;-0.0464084804058;-0.0784222394228;0.0776925385464;-0.0547630041838;0.00658565163612;0.0249427773757;NaN;-0.0714623838663;0.0393538892269;0.000269628316164;0.0897645675519;-0.0604745090008;-0.0752735197544;-0.0578818142414;0.0401569277048;-0.0992240250111;0.0329452097416;-0.0224377334118;-0.0591798722744;-0.093990021944;0.0861177884042;0.0370422184467;0.0490071952343,1519,meanReturnCycleMatched,1.00026818778561,3.29779093903523,10.4312090609648,26.0693929881529,26.921,0,0,1,0,accepted-crossing limit exhausted,205.0596286
1,4,202004,paperCycleCadenceRetargetMode,shinbrotPaperBisection,0,NaN,60,80,NaN,75443,0.0865456722676754,0.0103969752788544,0.0865456722677;-0.0748166501522;-0.0904114067554;-0.0745106965303;0.00259753614664;-0.0200283706188;-0.00931874257512;0.0907765425742;-0.0989017546177;-0.0310487732291;0.034031906724;0.0787034800276;-0.0211654648185;-0.00211594551802;0.0257858902216;0.0978871707601;0.0967571444809;0.0948324050754;-0.0271522223949;0.0935420840979;-0.0518025249243;-0.0119411066175;-0.0534209430218;0.0374106436968;-0.020445792377;-0.0770378839225;-0.0957139983773;0.0351289331913;0.00570228546858;-0.00317484363914;-0.0318227469921;0.0386707365513;-0.054877435416;0.0957015961409;0.0347829848528;-0.00250632613897;0.0840017518029;0.0280865512788;0.0956282874569;-0.0531330287457;-0.0447326272726;0.0999514390802;-0.0294120594859;0.000402523577213;-0.0500715119764;0.0548479370773;-0.0602332174778;0.0552408754826;0.0103969752789,1,1,shinbrotPaperBisection,0.0865456722676754,3,50,50,49,1,1;1;3;3;3;3;3;3;3;7;9;9;10;11;12;12;12;12;13;13;14;15;15;15;16;18;19;20;22;23;23;25;27;29;32;33;44;44;44;44;50;52;52;52;54;55;56;56;58,1519;3038;4557;6076;7595;9114;10633;12152;13671;15190;16709;18228;19747;21266;22785;24304;25823;27342;28861;30380;31899;33418;34937;36456;37975;39494;41013;42532;44051;45570;47089;48608;50127;51646;53165;54684;56203;57722;59241;60760;62279;63798;65317;66836;68355;69874;71393;72912;74431,1.519;3.038;4.557;6.076;7.595;9.114;10.633;12.152;13.671;15.19;16.709;18.228;19.747;21.266;22.785;24.304;25.823;27.342;28.861;30.38;31.899;33.418;34.937;36.456;37.975;39.494;41.013;42.532;44.051;45.57;47.089;48.608;50.127;51.646;53.165;54.684;56.203;57.722;59.241;60.7599999999;62.2789999999;63.7979999999;65.3169999999;66.836;68.355;69.874;71.393;72.912;74.431,shinbrotPaperBisection;shinbrotPaperBisection;shinbrotPaperBisection;shinbrotPaperBisection;shinbrotPaperBisection;shinbrotPaperBisection;shinbrotPaperBisection;shinbrotPaperBisection;shinbrotPaperBisection;shinbrotPaperBisection;shinbrotPaperBisection;shinbrotPaperBisection;shinbrotPaperBisection;shinbrotPaperBisection;shinbrotPaperBisection;shinbrotPaperBisection;shinbrotPaperBisection;shinbrotPaperBisection;shinbrotPaperBisection;shinbrotPaperBisection;shinbrotPaperBisection;shinbrotPaperBisection;shinbrotPaperBisection;shinbrotPaperBisection;shinbrotPaperBisection;shinbrotPaperBisection;shinbrotPaperBisection;shinbrotPaperBisection;shinbrotPaperBisection;shinbrotPaperBisection;shinbrotPaperBisection;shinbrotPaperBisection;shinbrotPaperBisection;shinbrotPaperBisection;shinbrotPaperBisection;shinbrotPaperBisection;shinbrotPaperBisection;shinbrotPaperBisection;shinbrotPaperBisection;shinbrotPaperBisection;shinbrotPaperBisection;shinbrotPaperBisection;shinbrotPaperBisection;shinbrotPaperBisection;shinbrotPaperBisection;shinbrotPaperBisection;shinbrotPaperBisection;shinbrotPaperBisection;shinbrotPaperBisection,-0.0748166501522;-0.0904114067554;-0.0745106965303;0.00259753614664;-0.0200283706188;-0.00931874257512;0.0907765425742;-0.0989017546177;-0.0310487732291;0.034031906724;0.0787034800276;-0.0211654648185;-0.00211594551802;NaN;0.0257858902216;0.0978871707601;0.0967571444809;0.0948324050754;-0.0271522223949;0.0935420840979;-0.0518025249243;-0.0119411066175;-0.0534209430218;0.0374106436968;-0.020445792377;-0.0770378839225;-0.0957139983773;0.0351289331913;0.00570228546858;-0.00317484363914;-0.0318227469921;0.0386707365513;-0.054877435416;0.0957015961409;0.0347829848528;-0.00250632613897;0.0840017518029;0.0280865512788;0.0956282874569;-0.0531330287457;-0.0447326272726;0.0999514390802;-0.0294120594859;0.000402523577213;-0.0500715119764;0.0548479370773;-0.0602332174778;0.0552408754826;0.0103969752789,1519,meanReturnCycleMatched,1.00026818778561,0.645115266265575,14.3741152662656,46.479811672542,26.921,0,0,1,0,accepted-crossing limit exhausted,184.9952585
1,5,202005,paperCycleCadenceRetargetMode,shinbrotPaperBisection,0,NaN,60,48,NaN,53863,0.0865456722676754,-0.048445862531662,0.0865456722677;0.00547882514074;-0.078926768899;0.0413453280926;0.0640787899494;0.00925170779228;-0.0123019295512;-0.0450933992863;-0.00292344689369;-0.0638689577579;-0.0923768773675;-0.0683986365795;0.000114293396473;0.0745601839386;-0.0508298933506;0.0358542643487;0.0332422196865;0.0534815304913;0.0199160546064;0.0969897009432;-0.0722937881947;0.0959133403841;-0.0793885409832;0.0992570832721;-0.00205166935921;0.0414602965117;-0.065450066328;-0.0872265040874;-0.0215166363865;-0.0708298951387;-0.0557069599628;-0.0484458625317,1,1,shinbrotPaperBisection,0.0865456722676754,3,36,36,35,4,1;3;3;5;6;6;6;6;13;15;22;22;25;26;26;27;28;29;30;32;35;35;39;39;41;41;41;41;43;45;47;47;50;55;57,1519;3038;4557;6076;7595;9114;10633;12152;13671;15190;16709;18228;19747;21266;22785;24304;25823;27342;28861;30380;31899;33418;34937;36456;37975;39494;41013;42532;44051;45570;47089;48608;50127;51646;53165,1.519;3.038;4.557;6.076;7.595;9.114;10.633;12.152;13.671;15.19;16.709;18.228;19.747;21.266;22.785;24.304;25.823;27.342;28.861;30.38;31.899;33.418;34.937;36.456;37.975;39.494;41.013;42.532;44.051;45.57;47.089;48.608;50.127;51.646;53.165,shinbrotPaperBisection;shinbrotPaperBisection;shinbrotPaperBisection;shinbrotPaperBisection;shinbrotPaperBisection;shinbrotPaperBisection;shinbrotPaperBisection;shinbrotPaperBisection;shinbrotPaperBisection;shinbrotPaperBisection;shinbrotPaperBisection;shinbrotPaperBisection;shinbrotPaperBisection;shinbrotPaperBisection;shinbrotPaperBisection;shinbrotPaperBisection;shinbrotPaperBisection;shinbrotPaperBisection;shinbrotPaperBisection;shinbrotPaperBisection;shinbrotPaperBisection;shinbrotPaperBisection;shinbrotPaperBisection;shinbrotPaperBisection;shinbrotPaperBisection;shinbrotPaperBisection;shinbrotPaperBisection;shinbrotPaperBisection;shinbrotPaperBisection;shinbrotPaperBisection;shinbrotPaperBisection;shinbrotPaperBisection;shinbrotPaperBisection;shinbrotPaperBisection;shinbrotPaperBisection,NaN;0.00547882514074;-0.078926768899;0.0413453280926;0.0640787899494;0.00925170779228;-0.0123019295512;-0.0450933992863;-0.00292344689369;-0.0638689577579;-0.0923768773675;-0.0683986365795;0.000114293396473;0.0745601839386;-0.0508298933506;0.0358542643487;0.0332422196865;NaN;0.0534815304913;0.0199160546064;0.0969897009432;-0.0722937881947;NaN;0.0959133403841;-0.0793885409832;NaN;0.0992570832721;-0.00205166935921;0.0414602965117;-0.065450066328;-0.0872265040874;-0.0215166363865;-0.0708298951387;-0.0557069599628;-0.0484458625317,1519,meanReturnCycleMatched,1.00026818778561,1.27020434872597,12.458795651274,28.8074641588342,26.921,0,0,1,0,accepted-crossing limit exhausted,125.1508738
1,6,202006,paperCycleCadenceRetargetMode,shinbrotPaperBisection,0,NaN,60,115,NaN,94894,0.0865456722676754,-0.00961034148931504,0.0865456722677;0.0961096871644;0.0118866126053;0.0720002304763;-0.0838134109974;-0.0771591473371;0.0701389167458;0.000884934514761;-0.0792881339788;0.0504074774683;0.0681414559484;0.0968928328133;0.00211643651128;-0.0304064571857;-0.0333060353994;0.0968071758747;-0.00029574027285;-0.0228409215808;-0.0749170839787;0.0255211003125;0.0718878250569;-0.009426869452;-0.0983002617955;0.0521881379187;-0.0457587063313;-0.0759778320789;-0.0447551548481;0.0501039439812;-0.0556787312031;-0.0935256630182;-0.059394711256;0.0992100968957;0.0448768675327;0.004861754179;0.0834758296609;-0.0163662329316;0.0401853948832;0.0998429173836;-0.0155968502164;0.00424923039973;0.085651152581;0.0365731090307;0.0744727695361;0.0137240439653;0.0455454599112;0.0636370688677;0.0144756531343;-0.0881601274014;-0.0937340885401;0.0486039506271;0.052811846137;0.00991169512272;0.00781506896019;-0.00961034148932,1,1,shinbrotPaperBisection,0.0865456722676754,3,63,63,62,9,4;4;5;5;6;7;9;9;10;10;10;11;13;16;16;17;20;20;20;20;22;25;25;25;25;25;29;29;31;32;32;32;32;32;33;33;34;34;37;37;37;38;38;39;39;39;39;41;41;42;42;44;47;52;52;55;55;56;56;57;57;57,1519;3038;4557;6076;7595;9114;10633;12152;13671;15190;16709;18228;19747;21266;22785;24304;25823;27342;28861;30380;31899;33418;34937;36456;37975;39494;41013;42532;44051;45570;47089;48608;50127;51646;53165;54684;56203;57722;59241;60760;62279;63798;65317;66836;68355;69874;71393;72912;74431;75950;77469;78988;80507;82026;83545;85064;86583;88102;89621;91140;92659;94178,1.519;3.038;4.557;6.076;7.595;9.114;10.633;12.152;13.671;15.19;16.709;18.228;19.747;21.266;22.785;24.304;25.823;27.342;28.861;30.38;31.899;33.418;34.937;36.456;37.975;39.494;41.013;42.532;44.051;45.57;47.089;48.608;50.127;51.646;53.165;54.684;56.203;57.722;59.241;60.7599999999;62.2789999999;63.7979999999;65.3169999999;66.836;68.355;69.874;71.393;72.912;74.431;75.95;77.469;78.988;80.507;82.026;83.545;85.064;86.583;88.1020000001;89.6210000001;91.1400000001;92.6590000001;94.1780000001,shinbrotPaperBisection;shinbrotPaperBisection;shinbrotPaperBisection;shinbrotPaperBisection;shinbrotPaperBisection;shinbrotPaperBisection;shinbrotPaperBisection;shinbrotPaperBisection;shinbrotPaperBisection;shinbrotPaperBisection;shinbrotPaperBisection;shinbrotPaperBisection;shinbrotPaperBisection;shinbrotPaperBisection;shinbrotPaperBisection;shinbrotPaperBisection;shinbrotPaperBisection;shinbrotPaperBisection;shinbrotPaperBisection;shinbrotPaperBisection;shinbrotPaperBisection;shinbrotPaperBisection;shinbrotPaperBisection;shinbrotPaperBisection;shinbrotPaperBisection;shinbrotPaperBisection;shinbrotPaperBisection;shinbrotPaperBisection;shinbrotPaperBisection;shinbrotPaperBisection;shinbrotPaperBisection;shinbrotPaperBisection;shinbrotPaperBisection;shinbrotPaperBisection;shinbrotPaperBisection;shinbrotPaperBisection;shinbrotPaperBisection;shinbrotPaperBisection;shinbrotPaperBisection;shinbrotPaperBisection;shinbrotPaperBisection;shinbrotPaperBisection;shinbrotPaperBisection;shinbrotPaperBisection;shinbrotPaperBisection;shinbrotPaperBisection;shinbrotPaperBisection;shinbrotPaperBisection;shinbrotPaperBisection;shinbrotPaperBisection;shinbrotPaperBisection;shinbrotPaperBisection;shinbrotPaperBisection;shinbrotPaperBisection;shinbrotPaperBisection;shinbrotPaperBisection;shinbrotPaperBisection;shinbrotPaperBisection;shinbrotPaperBisection;shinbrotPaperBisection;shinbrotPaperBisection;shinbrotPaperBisection,0.0961096871644;0.0118866126053;NaN;0.0720002304763;-0.0838134109974;-0.0771591473371;0.0701389167458;0.000884934514761;-0.0792881339788;0.0504074774683;0.0681414559484;0.0968928328133;0.00211643651128;-0.0304064571857;-0.0333060353994;0.0968071758747;-0.00029574027285;-0.0228409215808;-0.0749170839787;0.0255211003125;0.0718878250569;-0.009426869452;-0.0983002617955;0.0521881379187;NaN;-0.0457587063313;-0.0759778320789;-0.0447551548481;0.0501039439812;-0.0556787312031;-0.0935256630182;-0.059394711256;NaN;NaN;0.0992100968957;NaN;0.0448768675327;0.004861754179;NaN;0.0834758296609;-0.0163662329316;0.0401853948832;0.0998429173836;-0.0155968502164;0.00424923039973;0.085651152581;0.0365731090307;0.0744727695361;0.0137240439653;0.0455454599112;NaN;0.0636370688677;0.0144756531343;NaN;-0.0881601274014;-0.0937340885401;0.0486039506271;0.052811846137;0.00991169512272;NaN;0.00781506896019;-0.00961034148932,1519,meanReturnCycleMatched,1.00026818778561,8.3785027821037,22.1075027821037,15.5786816974174,26.921,0,0,1,0,accepted-crossing limit exhausted,186.6807968
1,7,202007,paperCycleCadenceRetargetMode,shinbrotPaperBisection,0,NaN,60,47,NaN,63462,0.0865456722676754,-0.0558972124010324,0.0865456722677;0.0750834295759;0.0186427921057;-0.0563266813755;0.0431034475565;0.0926347378641;-0.0190558955073;-0.0236114449799;-0.0509593121707;0.0462016880512;-0.0859916508198;-0.0257227195427;-0.0859644383192;0.00327149033546;0.0501627184451;0.0641185179353;0.00206297338009;0.0655666590901;0.0955619841814;0.0914790585637;-0.00690498277545;0.0886746540666;-0.0752076127566;1.38476025313e-06;-0.0305786117911;0.00821302235126;0.099900440732;0.0462324675173;-0.0706812441349;-0.0505881130695;0.0909754216671;-0.0399768158793;-0.0524018913507;-0.0377117931843;-0.0826107680798;-0.0311201825738;-0.0685655534267;-0.055897212401,1,1,shinbrotPaperBisection,0.0865456722676754,3,42,42,41,4,2;2;4;8;11;17;19;19;21;21;21;21;25;25;25;30;35;35;35;36;37;37;37;38;39;40;41;43;50;53;54;54;54;56;56;56;56;56;57;58;58,1519;3038;4557;6076;7595;9114;10633;12152;13671;15190;16709;18228;19747;21266;22785;24304;25823;27342;28861;30380;31899;33418;34937;36456;37975;39494;41013;42532;44051;45570;47089;48608;50127;51646;53165;54684;56203;57722;59241;60760;62279,1.519;3.038;4.557;6.076;7.595;9.114;10.633;12.152;13.671;15.19;16.709;18.228;19.747;21.266;22.785;24.304;25.823;27.342;28.861;30.38;31.899;33.418;34.937;36.456;37.975;39.494;41.013;42.532;44.051;45.57;47.089;48.608;50.127;51.646;53.165;54.684;56.203;57.722;59.241;60.7599999999;62.2789999999,shinbrotPaperBisection;shinbrotPaperBisection;shinbrotPaperBisection;shinbrotPaperBisection;shinbrotPaperBisection;shinbrotPaperBisection;shinbrotPaperBisection;shinbrotPaperBisection;shinbrotPaperBisection;shinbrotPaperBisection;shinbrotPaperBisection;shinbrotPaperBisection;shinbrotPaperBisection;shinbrotPaperBisection;shinbrotPaperBisection;shinbrotPaperBisection;shinbrotPaperBisection;shinbrotPaperBisection;shinbrotPaperBisection;shinbrotPaperBisection;shinbrotPaperBisection;shinbrotPaperBisection;shinbrotPaperBisection;shinbrotPaperBisection;shinbrotPaperBisection;shinbrotPaperBisection;shinbrotPaperBisection;shinbrotPaperBisection;shinbrotPaperBisection;shinbrotPaperBisection;shinbrotPaperBisection;shinbrotPaperBisection;shinbrotPaperBisection;shinbrotPaperBisection;shinbrotPaperBisection;shinbrotPaperBisection;shinbrotPaperBisection;shinbrotPaperBisection;shinbrotPaperBisection;shinbrotPaperBisection;shinbrotPaperBisection,0.0750834295759;0.0186427921057;-0.0563266813755;0.0431034475565;0.0926347378641;-0.0190558955073;-0.0236114449799;-0.0509593121707;0.0462016880512;-0.0859916508198;NaN;-0.0257227195427;NaN;-0.0859644383192;0.00327149033546;0.0501627184451;0.0641185179353;NaN;0.00206297338009;0.0655666590901;0.0955619841814;0.0914790585637;-0.00690498277545;0.0886746540666;NaN;-0.0752076127566;1.38476025313e-06;-0.0305786117911;0.00821302235126;0.099900440732;0.0462324675173;-0.0706812441349;-0.0505881130695;0.0909754216671;-0.0399768158793;-0.0524018913507;-0.0377117931843;-0.0826107680798;-0.0311201825738;-0.0685655534267;-0.055897212401,1519,meanReturnCycleMatched,1.00026818778561,8.62263090838557,22.3516309083856,21.5847834632715,26.921,0,0,1,0,accepted-crossing limit exhausted,147.3623123
1,8,202008,paperCycleCadenceRetargetMode,shinbrotPaperBisection,0,NaN,60,70,NaN,60549,0.0865456722676754,-0.0263267815113068,0.0865456722677;0.0792544402182;-0.0378346666694;0.0804474614561;-0.0545292675495;0.0975643783808;-0.0191605940461;0.0544624913484;-0.0476262480021;0.0556270420551;0.0558222845197;-0.0407816231251;0.0308609187603;-0.0829736411572;-0.0133093059063;0.0558615982533;-0.0124187409878;-0.0843590080738;-0.0665079772472;-0.0598070524633;-0.0951702654362;-0.0779236972332;0.00546211851761;-0.0760677158833;0.0271012168378;0.0374724924564;0.0528507363051;0.00853308737278;-0.0168191611767;0.0991456231102;-0.0249031491112;-0.000256365537643;-0.0940285474062;0.00214431881905;-0.0456699550152;0.00362215414643;-0.0263267815113,1,1,shinbrotPaperBisection,0.0865456722676754,3,40,40,39,3,2;3;6;8;9;11;14;14;15;15;15;24;26;26;26;27;29;29;29;31;34;34;35;35;35;36;37;37;37;40;46;47;49;49;49;52;52;53;57,1519;3038;4557;6076;7595;9114;10633;12152;13671;15190;16709;18228;19747;21266;22785;24304;25823;27342;28861;30380;31899;33418;34937;36456;37975;39494;41013;42532;44051;45570;47089;48608;50127;51646;53165;54684;56203;57722;59241,1.519;3.038;4.557;6.076;7.595;9.114;10.633;12.152;13.671;15.19;16.709;18.228;19.747;21.266;22.785;24.304;25.823;27.342;28.861;30.38;31.899;33.418;34.937;36.456;37.975;39.494;41.013;42.532;44.051;45.57;47.089;48.608;50.127;51.646;53.165;54.684;56.203;57.722;59.241,shinbrotPaperBisection;shinbrotPaperBisection;shinbrotPaperBisection;shinbrotPaperBisection;shinbrotPaperBisection;shinbrotPaperBisection;shinbrotPaperBisection;shinbrotPaperBisection;shinbrotPaperBisection;shinbrotPaperBisection;shinbrotPaperBisection;shinbrotPaperBisection;shinbrotPaperBisection;shinbrotPaperBisection;shinbrotPaperBisection;shinbrotPaperBisection;shinbrotPaperBisection;shinbrotPaperBisection;shinbrotPaperBisection;shinbrotPaperBisection;shinbrotPaperBisection;shinbrotPaperBisection;shinbrotPaperBisection;shinbrotPaperBisection;shinbrotPaperBisection;shinbrotPaperBisection;shinbrotPaperBisection;shinbrotPaperBisection;shinbrotPaperBisection;shinbrotPaperBisection;shinbrotPaperBisection;shinbrotPaperBisection;shinbrotPaperBisection;shinbrotPaperBisection;shinbrotPaperBisection;shinbrotPaperBisection;shinbrotPaperBisection;shinbrotPaperBisection;shinbrotPaperBisection,0.0792544402182;-0.0378346666694;0.0804474614561;-0.0545292675495;0.0975643783808;-0.0191605940461;0.0544624913484;-0.0476262480021;0.0556270420551;NaN;0.0558222845197;-0.0407816231251;0.0308609187603;-0.0829736411572;-0.0133093059063;0.0558615982533;-0.0124187409878;-0.0843590080738;NaN;-0.0665079772472;-0.0598070524633;-0.0951702654362;-0.0779236972332;0.00546211851761;-0.0760677158833;0.0271012168378;0.0374724924564;0.0528507363051;0.00853308737278;-0.0168191611767;0.0991456231102;-0.0249031491112;-0.000256365537643;-0.0940285474062;0.00214431881905;-0.0456699550152;NaN;0.00362215414643;-0.0263267815113,1519,meanReturnCycleMatched,1.00026818778561,9.66739596279831,23.3963959627983,42.436645367573,26.921,0,0,1,0,accepted-crossing limit exhausted,114.8321248
1,9,202009,paperCycleCadenceRetargetMode,shinbrotPaperBisection,1,59,59,57,73.5492544625399,73550,0.0865456722676754,0.021360918879509,0.0865456722677;0.0526837386191;0.0163965404034;-0.0850109517574;-0.0423531934619;-0.0858779489994;-0.04088665694;0.0542892169207;0.048586406;-0.0337365448475;-0.0830935999751;-0.0215715944767;0.0519077241421;0.0217168778181;-0.00648875385523;0.00192830301821;0.0469244383276;-0.087268653512;-0.00111270174384;0.085895138979;0.0176664561033;0.0631773769855;-0.0379878416657;0.0233355849981;0.0769341886044;0.0556574803311;0.00337536036968;-0.082932280004;0.0964483178454;0.0957327891141;0.0263799607754;-0.0627285420895;0.0988127876073;0.0917004257441;-0.0984066182631;0.0180092662573;-0.00164564680308;-0.0802241533995;0.0325658231974;-0.0956139720976;0.00969547778368;0.00015932098031;-0.00348119959235;0.0962111383677;-0.0505708545446;0.0213609188795,1,1,shinbrotPaperBisection,0.0865456722676754,3,49,49,48,3,3;6;6;7;10;10;10;10;13;13;13;14;19;19;19;19;19;19;20;20;22;22;24;28;30;30;31;34;38;38;42;42;42;42;45;50;50;52;52;54;56;56;56;57;57;58;58;58,1519;3038;4557;6076;7595;9114;10633;12152;13671;15190;16709;18228;19747;21266;22785;24304;25823;27342;28861;30380;31899;33418;34937;36456;37975;39494;41013;42532;44051;45570;47089;48608;50127;51646;53165;54684;56203;57722;59241;60760;62279;63798;65317;66836;68355;69874;71393;72912,1.519;3.038;4.557;6.076;7.595;9.114;10.633;12.152;13.671;15.19;16.709;18.228;19.747;21.266;22.785;24.304;25.823;27.342;28.861;30.38;31.899;33.418;34.937;36.456;37.975;39.494;41.013;42.532;44.051;45.57;47.089;48.608;50.127;51.646;53.165;54.684;56.203;57.722;59.241;60.7599999999;62.2789999999;63.7979999999;65.3169999999;66.836;68.355;69.874;71.393;72.912,shinbrotPaperBisection;shinbrotPaperBisection;shinbrotPaperBisection;shinbrotPaperBisection;shinbrotPaperBisection;shinbrotPaperBisection;shinbrotPaperBisection;shinbrotPaperBisection;shinbrotPaperBisection;shinbrotPaperBisection;shinbrotPaperBisection;shinbrotPaperBisection;shinbrotPaperBisection;shinbrotPaperBisection;shinbrotPaperBisection;shinbrotPaperBisection;shinbrotPaperBisection;shinbrotPaperBisection;shinbrotPaperBisection;shinbrotPaperBisection;shinbrotPaperBisection;shinbrotPaperBisection;shinbrotPaperBisection;shinbrotPaperBisection;shinbrotPaperBisection;shinbrotPaperBisection;shinbrotPaperBisection;shinbrotPaperBisection;shinbrotPaperBisection;shinbrotPaperBisection;shinbrotPaperBisection;shinbrotPaperBisection;shinbrotPaperBisection;shinbrotPaperBisection;shinbrotPaperBisection;shinbrotPaperBisection;shinbrotPaperBisection;shinbrotPaperBisection;shinbrotPaperBisection;shinbrotPaperBisection;shinbrotPaperBisection;shinbrotPaperBisection;shinbrotPaperBisection;shinbrotPaperBisection;shinbrotPaperBisection;shinbrotPaperBisection;shinbrotPaperBisection;shinbrotPaperBisection,0.0526837386191;0.0163965404034;-0.0850109517574;-0.0423531934619;-0.0858779489994;-0.04088665694;0.0542892169207;0.048586406;-0.0337365448475;-0.0830935999751;-0.0215715944767;0.0519077241421;0.0217168778181;NaN;-0.00648875385523;0.00192830301821;0.0469244383276;-0.087268653512;-0.00111270174384;NaN;0.085895138979;0.0176664561033;0.0631773769855;-0.0379878416657;0.0233355849981;0.0769341886044;NaN;0.0556574803311;0.00337536036968;-0.082932280004;0.0964483178454;0.0957327891141;0.0263799607754;-0.0627285420895;0.0988127876073;0.0917004257441;-0.0984066182631;0.0180092662573;-0.00164564680308;-0.0802241533995;0.0325658231974;-0.0956139720976;0.00969547778368;0.00015932098031;-0.00348119959235;0.0962111383677;-0.0505708545446;0.0213609188795,1519,meanReturnCycleMatched,1.00026818778561,0.00761641041976624,13.7366164104198,8.60439408901308,26.921,0,0,0,0,,121.0196809
1,10,202010,paperCycleCadenceRetargetMode,shinbrotPaperBisection,0,NaN,60,64,NaN,68343,0.0865456722676754,-0.00850161910057068,0.0865456722677;-0.0566196143627;0.0435318261385;0.0983328030445;-0.0401953175664;-0.0561002194881;0.0276785880327;0.0936540435185;-0.0750626146793;-0.0377340923063;-0.0827523425221;-0.004570569098;0.0407949507236;-0.0838888019323;0.0245871009305;0.0249761372805;0.0276914905757;-0.00690883994102;0.0889994570985;0.0771507173777;-0.0786538153887;0.0410564720631;0.0311031520367;-0.0434187948704;0.00859795883298;0.0621957331896;-0.0383994886652;0.0650724384934;0.0990195125341;0.0492997892201;-0.00758774131536;-0.0565563112497;-0.065071412921;-0.0481158938259;0.0584317117929;-0.0241058066487;0.0611789315939;0.0916589576751;-0.0703683674335;-0.0975464999676;0.00035374769941;0.0288637660444;0.0172703683376;-0.00850161910057,1,1,shinbrotPaperBisection,0.0865456722676754,3,45,45,44,1,2;2;4;6;7;7;9;10;14;15;15;19;23;29;30;33;35;37;38;38;39;39;40;40;43;43;44;44;46;47;47;48;50;50;51;51;53;53;55;55;55;56;59;59,1519;3038;4557;6076;7595;9114;10633;12152;13671;15190;16709;18228;19747;21266;22785;24304;25823;27342;28861;30380;31899;33418;34937;36456;37975;39494;41013;42532;44051;45570;47089;48608;50127;51646;53165;54684;56203;57722;59241;60760;62279;63798;65317;66836,1.519;3.038;4.557;6.076;7.595;9.114;10.633;12.152;13.671;15.19;16.709;18.228;19.747;21.266;22.785;24.304;25.823;27.342;28.861;30.38;31.899;33.418;34.937;36.456;37.975;39.494;41.013;42.532;44.051;45.57;47.089;48.608;50.127;51.646;53.165;54.684;56.203;57.722;59.241;60.7599999999;62.2789999999;63.7979999999;65.3169999999;66.836,shinbrotPaperBisection;shinbrotPaperBisection;shinbrotPaperBisection;shinbrotPaperBisection;shinbrotPaperBisection;shinbrotPaperBisection;shinbrotPaperBisection;shinbrotPaperBisection;shinbrotPaperBisection;shinbrotPaperBisection;shinbrotPaperBisection;shinbrotPaperBisection;shinbrotPaperBisection;shinbrotPaperBisection;shinbrotPaperBisection;shinbrotPaperBisection;shinbrotPaperBisection;shinbrotPaperBisection;shinbrotPaperBisection;shinbrotPaperBisection;shinbrotPaperBisection;shinbrotPaperBisection;shinbrotPaperBisection;shinbrotPaperBisection;shinbrotPaperBisection;shinbrotPaperBisection;shinbrotPaperBisection;shinbrotPaperBisection;shinbrotPaperBisection;shinbrotPaperBisection;shinbrotPaperBisection;shinbrotPaperBisection;shinbrotPaperBisection;shinbrotPaperBisection;shinbrotPaperBisection;shinbrotPaperBisection;shinbrotPaperBisection;shinbrotPaperBisection;shinbrotPaperBisection;shinbrotPaperBisection;shinbrotPaperBisection;shinbrotPaperBisection;shinbrotPaperBisection;shinbrotPaperBisection,-0.0566196143627;0.0435318261385;0.0983328030445;-0.0401953175664;-0.0561002194881;0.0276785880327;0.0936540435185;-0.0750626146793;-0.0377340923063;-0.0827523425221;-0.004570569098;0.0407949507236;-0.0838888019323;0.0245871009305;0.0249761372805;0.0276914905757;-0.00690883994102;0.0889994570985;0.0771507173777;-0.0786538153887;0.0410564720631;0.0311031520367;-0.0434187948704;0.00859795883298;0.0621957331896;-0.0383994886652;0.0650724384934;0.0990195125341;0.0492997892201;-0.00758774131536;-0.0565563112497;-0.065071412921;-0.0481158938259;0.0584317117929;-0.0241058066487;0.0611789315939;0.0916589576751;-0.0703683674335;-0.0975464999676;0.00035374769941;NaN;0.0288637660444;0.0172703683376;-0.00850161910057,1519,meanReturnCycleMatched,1.00026818778561,5.42210003724966,19.1511000372497,10.253997073585,26.921,0,0,1,0,accepted-crossing limit exhausted,95.9798571
