SigmaNoise,TrialNumber,Seed,Mode,SearchMethod,Hit,NumCrossings,PhysicalTime,NumRk4Steps,SelectedPInitial,SelectedPFinal,SelectedPValues,NumRetargetingEvents,NumRetargetingFailures,RetargetingCrossingIndices,RetargetingTimes,RetargetingSearchMethods,RetargetingSelectedP,FinalTargetError,FinalStateX,FinalStateY,FinalStateZ,IntegrationFailed,FailureReason,ComputationalTime,IsSmokeTest
0,1,192001,sectionRetargetMode,shinbrotDiscontinuityAwareBisection,1,3,6.09857092445248,6100,0.08671875,0.0875,0.08671875;0.08515625;0.0875,3,0,0;1;2,0;0.808716666678;2.4974820701,shinbrotDiscontinuityAwareBisection;shinbrotDiscontinuityAwareBisection;shinbrotDiscontinuityAwareBisection,0.08671875;0.08515625;0.0875,0.00208516827873595,13.7269148317213,19.5556656838098,26.921,0,,0.7264023,0
0,2,192002,sectionRetargetMode,shinbrotDiscontinuityAwareBisection,1,3,6.09857092445248,6100,0.08671875,0.0875,0.08671875;0.08515625;0.0875,3,0,0;1;2,0;0.808716666678;2.4974820701,shinbrotDiscontinuityAwareBisection;shinbrotDiscontinuityAwareBisection;shinbrotDiscontinuityAwareBisection,0.08671875;0.08515625;0.0875,0.00208516827873595,13.7269148317213,19.5556656838098,26.921,0,,0.5560534,0
0,3,192003,sectionRetargetMode,shinbrotDiscontinuityAwareBisection,1,3,6.09857092445248,6100,0.08671875,0.0875,0.08671875;0.08515625;0.0875,3,0,0;1;2,0;0.808716666678;2.4974820701,shinbrotDiscontinuityAwareBisection;shinbrotDiscontinuityAwareBisection;shinbrotDiscontinuityAwareBisection,0.08671875;0.08515625;0.0875,0.00208516827873595,13.7269148317213,19.5556656838098,26.921,0,,0.5432422,0
0,4,192004,sectionRetargetMode,shinbrotDiscontinuityAwareBisection,1,3,6.09857092445248,6100,0.08671875,0.0875,0.08671875;0.08515625;0.0875,3,0,0;1;2,0;0.808716666678;2.4974820701,shinbrotDiscontinuityAwareBisection;shinbrotDiscontinuityAwareBisection;shinbrotDiscontinuityAwareBisection,0.08671875;0.08515625;0.0875,0.00208516827873595,13.7269148317213,19.5556656838098,26.921,0,,0.4750911,0
0,5,192005,sectionRetargetMode,shinbrotDiscontinuityAwareBisection,1,3,6.09857092445248,6100,0.08671875,0.0875,0.08671875;0.08515625;0.0875,3,0,0;1;2,0;0.808716666678;2.4974820701,shinbrotDiscontinuityAwareBisection;shinbrotDiscontinuityAwareBisection;shinbrotDiscontinuityAwareBisection,0.08671875;0.08515625;0.0875,0.00208516827873595,13.7269148317213,19.5556656838098,26.921,0,,0.6002186,0
0,6,192006,sectionRetargetMode,shinbrotDiscontinuityAwareBisection,1,3,6.09857092445248,6100,0.08671875,0.0875,0.08671875;0.08515625;0.0875,3,0,0;1;2,0;0.808716666678;2.4974820701,shinbrotDiscontinuityAwareBisection;shinbrotDiscontinuityAwareBisection;shinbrotDiscontinuityAwareBisection,0.08671875;0.08515625;0.0875,0.00208516827873595,13.7269148317213,19.5556656838098,26.921,0,,0.4455953,0
0,7,192007,sectionRetargetMode,shinbrotDiscontinuityAwareBisection,1,3,6.09857092445248,6100,0.08671875,0.0875,0.08671875;0.08515625;0.0875,3,0,0;1;2,0;0.808716666678;2.4974820701,shinbrotDiscontinuityAwareBisection;shinbrotDiscontinuityAwareBisection;shinbrotDiscontinuityAwareBisection,0.08671875;0.08515625;0.0875,0.00208516827873595,13.7269148317213,19.5556656838098,26.921,0,,0.4824522,0
0,8,192008,sectionRetargetMode,shinbrotDiscontinuityAwareBisection,1,3,6.09857092445248,6100,0.08671875,0.0875,0.08671875;0.08515625;0.0875,3,0,0;1;2,0;0.808716666678;2.4974820701,shinbrotDiscontinuityAwareBisection;shinbrotDiscontinuityAwareBisection;shinbrotDiscontinuityAwareBisection,0.08671875;0.08515625;0.0875,0.00208516827873595,13.7269148317213,19.5556656838098,26.921,0,,0.4654347,0
0,9,192009,sectionRetargetMode,shinbrotDiscontinuityAwareBisection,1,3,6.09857092445248,6100,0.08671875,0.0875,0.08671875;0.08515625;0.0875,3,0,0;1;2,0;0.808716666678;2.4974820701,shinbrotDiscontinuityAwareBisection;shinbrotDiscontinuityAwareBisection;shinbrotDiscontinuityAwareBisection,0.08671875;0.08515625;0.0875,0.00208516827873595,13.7269148317213,19.5556656838098,26.921,0,,0.503751,0
0,10,192010,sectionRetargetMode,shinbrotDiscontinuityAwareBisection,1,3,6.09857092445248,6100,0.08671875,0.0875,0.08671875;0.08515625;0.0875,3,0,0;1;2,0;0.808716666678;2.4974820701,shinbrotDiscontinuityAwareBisection;shinbrotDiscontinuityAwareBisection;shinbrotDiscontinuityAwareBisection,0.08671875;0.08515625;0.0875,0.00208516827873595,13.7269148317213,19.5556656838098,26.921,0,,0.5822715,0
0.01,1,193001,sectionRetargetMode,shinbrotDiscontinuityAwareBisection,0,NaN,NaN,46914,0.08671875,-0.0671875,0.08671875;-0.09375;-0.015625;-0.009375;-0.03125;0.025;0.075;0.075;0.05;-0.0734375;-0.0640625;-0.0625;0.042578125;0.096875;0.00859375;-0.020703125;-0.02890625;0.00625;-0.0296875;-0.025;-0.084375;-0.028125;-0.03515625;-0.03671875;-0.00478515625;0.06533203125;-0.0421875;-0.01953125;-0.053125;-0.0875;-0.0828125;-0.04375;-0.051171875;0.04970703125;-0.01328125;-0.09296875;-0.03203125;-0.068359375;-0.062890625;-0.07578125;-0.0046875;-0.0451171875;-0.0256713867188;0.0375;0.0996025085449;-0.0734375;-0.0765625;-0.048046875;-0.062109375;-0.0625;-0.021875;-0.05;-0.078125;-0.07265625;0.085546875;0.0435913085938;-0.049609375;-0.07734375;-0.0127075195312;-0.01875;-0.0671875,61,0,0;1;2;3;4;5;6;7;8;9;10;11;12;13;14;15;16;17;18;19;20;21;22;23;24;25;26;27;28;29;30;31;32;33;34;35;36;37;38;39;40;41;42;43;44;45;46;47;48;49;50;51;52;53;54;55;56;57;58;59;60,0;0.797529382498;0.797557608282;0.797571831106;0.797596684961;2.33798446686;2.33800910022;2.33803196333;2.33803939384;3.92999412083;3.93005375533;5.63010171493;9.44153891353;9.44157982767;14.3387088747;14.3387138119;14.3387403762;15.1559564376;16.7313794616;18.9840544946;18.9841321144;19.9307209296;19.9307426818;19.9307462062;23.4978413244;23.4979279488;24.2813294535;25.8647018898;25.8647130634;27.5308403651;27.530842537;31.2621828769;31.2622672661;31.8991467213;32.5530729766;32.5533197298;33.2176545379;33.2176736351;33.2177615698;33.2178670271;33.2179212705;33.2180309905;33.8941133993;34.5908207434;35.3145881031;35.314622601;35.3146898408;36.1080346833;36.1080632311;37.7274107087;37.7275027292;37.7275390783;40.6898708638;40.6899510871;41.4098038082;41.4098314662;42.2073172737;43.7586130578;43.7586590893;45.3113669716;46.8692347879,shinbrotDiscontinuityAwareBisection;shinbrotDiscontinuityAwareBisection;shinbrotDiscontinuityAwareBisection;shinbrotDiscontinuityAwareBisection;shinbrotDiscontinuityAwareBisection;shinbrotDiscontinuityAwareBisection;shinbrotDiscontinuityAwareBisection;shinbrotDiscontinuityAwareBisection;shinbrotDiscontinuityAwareBisection;shinbrotDiscontinuityAwareBisection;shinbrotDiscontinuityAwareBisection;shinbrotDiscontinuityAwareBisection;shinbrotDiscontinuityAwareBisection;shinbrotDiscontinuityAwareBisection;shinbrotDiscontinuityAwareBisection;shinbrotDiscontinuityAwareBisection;shinbrotDiscontinuityAwareBisection;shinbrotDiscontinuityAwareBisection;shinbrotDiscontinuityAwareBisection;shinbrotDiscontinuityAwareBisection;shinbrotDiscontinuityAwareBisection;shinbrotDiscontinuityAwareBisection;shinbrotDiscontinuityAwareBisection;shinbrotDiscontinuityAwareBisection;shinbrotDiscontinuityAwareBisection;shinbrotDiscontinuityAwareBisection;shinbrotDiscontinuityAwareBisection;shinbrotDiscontinuityAwareBisection;shinbrotDiscontinuityAwareBisection;shinbrotDiscontinuityAwareBisection;shinbrotDiscontinuityAwareBisection;shinbrotDiscontinuityAwareBisection;shinbrotDiscontinuityAwareBisection;shinbrotDiscontinuityAwareBisection;shinbrotDiscontinuityAwareBisection;shinbrotDiscontinuityAwareBisection;shinbrotDiscontinuityAwareBisection;shinbrotDiscontinuityAwareBisection;shinbrotDiscontinuityAwareBisection;shinbrotDiscontinuityAwareBisection;shinbrotDiscontinuityAwareBisection;shinbrotDiscontinuityAwareBisection;shinbrotDiscontinuityAwareBisection;shinbrotDiscontinuityAwareBisection;shinbrotDiscontinuityAwareBisection;shinbrotDiscontinuityAwareBisection;shinbrotDiscontinuityAwareBisection;shinbrotDiscontinuityAwareBisection;shinbrotDiscontinuityAwareBisection;shinbrotDiscontinuityAwareBisection;shinbrotDiscontinuityAwareBisection;shinbrotDiscontinuityAwareBisection;shinbrotDiscontinuityAwareBisection;shinbrotDiscontinuityAwareBisection;shinbrotDiscontinuityAwareBisection;shinbrotDiscontinuityAwareBisection;shinbrotDiscontinuityAwareBisection;shinbrotDiscontinuityAwareBisection;shinbrotDiscontinuityAwareBisection;shinbrotDiscontinuityAwareBisection;shinbrotDiscontinuityAwareBisection,0.08671875;-0.09375;-0.015625;-0.009375;-0.03125;0.025;0.075;0.075;0.05;-0.0734375;-0.0640625;-0.0625;0.042578125;0.096875;0.00859375;-0.020703125;-0.02890625;0.00625;-0.0296875;-0.025;-0.084375;-0.028125;-0.03515625;-0.03671875;-0.00478515625;0.06533203125;-0.0421875;-0.01953125;-0.053125;-0.0875;-0.0828125;-0.04375;-0.051171875;0.04970703125;-0.01328125;-0.09296875;-0.03203125;-0.068359375;-0.062890625;-0.07578125;-0.0046875;-0.0451171875;-0.0256713867188;0.0375;0.0996025085449;-0.0734375;-0.0765625;-0.048046875;-0.062109375;-0.0625;-0.021875;-0.05;-0.078125;-0.07265625;0.085546875;0.0435913085938;-0.049609375;-0.07734375;-0.0127075195312;-0.01875;-0.0671875,1.91210808691309,11.8168919130869,15.3932636463763,26.921,0,,46.5704908,0
0.01,2,193002,sectionRetargetMode,shinbrotDiscontinuityAwareBisection,0,NaN,NaN,63862,0.08671875,0.025,0.08671875;-0.0521484375;0.098828125;-2.44140625e-05;0.0234375;-0.0125;0.0125;0.01796875;0;-0.028125;-0.0162109375;-0.04609375;0.099609375;-0.000146484375;0.0654296875;-0.0765625;-0.071875;-0.01875;-0.02734375;-0.0744140625;-0.096875;-0.096875;-0.040625;-0.07265625;-0.059375;-0.04765625;-0.084375;0.0447265625;-0.0400390625;0.02421875;0.015234375;0.0328125;-0.00625;-0.015625;-0.0078125;-0.071875;0.04921875;-0.0015625;-0.040625;0.0208984375;0.0015625;0.003515625;-0.09296875;-0.03125;-0.0375;0.0875;0.075;-0.06875;-0.0625;-0.0375;0.040625;0.03125;0.04375;-0.06953125;0.09921875;-0.0205078125;0.0328125;0.046875;0.1;0.084375;0.025,61,0,0;1;2;3;4;5;6;7;8;9;10;11;12;13;14;15;16;17;18;19;20;21;22;23;24;25;26;27;28;29;30;31;32;33;34;35;36;37;38;39;40;41;42;43;44;45;46;47;48;49;50;51;52;53;54;55;56;57;58;59;60,0;1.45507447037e-05;0.803580370585;0.803588627328;0.803601492162;2.42695907613;5.49010618434;9.32614844032;14.2797294685;14.2797768952;17.8862958872;19.4483560594;20.9835796039;20.9836416002;20.9836840239;22.5178647555;23.2949150136;24.8590960713;24.8590974136;26.4012079058;26.4012848976;27.2043266267;28.7381207742;30.284276214;30.2843282743;31.8901594808;32.5630581773;33.2699687345;33.9936598767;34.8030276571;34.8030661971;36.4007406127;36.4007454439;36.4007675212;39.350374009;40.0574072478;40.8974134798;43.1917375911;44.7167982436;46.2769965352;47.9248599769;51.5377859438;52.3124716937;53.8511061396;53.8511382978;54.6876534054;54.6876563833;56.9134873652;56.9135653513;56.9135816485;56.9135920629;56.9136393999;56.913686371;57.8135172144;60.134231723;60.1342697323;60.1343081506;60.1343617485;60.1343835434;63.8186594491;63.8186859961,shinbrotDiscontinuityAwareBisection;shinbrotDiscontinuityAwareBisection;shinbrotDiscontinuityAwareBisection;shinbrotDiscontinuityAwareBisection;shinbrotDiscontinuityAwareBisection;shinbrotDiscontinuityAwareBisection;shinbrotDiscontinuityAwareBisection;shinbrotDiscontinuityAwareBisection;shinbrotDiscontinuityAwareBisection;shinbrotDiscontinuityAwareBisection;shinbrotDiscontinuityAwareBisection;shinbrotDiscontinuityAwareBisection;shinbrotDiscontinuityAwareBisection;shinbrotDiscontinuityAwareBisection;shinbrotDiscontinuityAwareBisection;shinbrotDiscontinuityAwareBisection;shinbrotDiscontinuityAwareBisection;shinbrotDiscontinuityAwareBisection;shinbrotDiscontinuityAwareBisection;shinbrotDiscontinuityAwareBisection;shinbrotDiscontinuityAwareBisection;shinbrotDiscontinuityAwareBisection;shinbrotDiscontinuityAwareBisection;shinbrotDiscontinuityAwareBisection;shinbrotDiscontinuityAwareBisection;shinbrotDiscontinuityAwareBisection;shinbrotDiscontinuityAwareBisection;shinbrotDiscontinuityAwareBisection;shinbrotDiscontinuityAwareBisection;shinbrotDiscontinuityAwareBisection;shinbrotDiscontinuityAwareBisection;shinbrotDiscontinuityAwareBisection;shinbrotDiscontinuityAwareBisection;shinbrotDiscontinuityAwareBisection;shinbrotDiscontinuityAwareBisection;shinbrotDiscontinuityAwareBisection;shinbrotDiscontinuityAwareBisection;shinbrotDiscontinuityAwareBisection;shinbrotDiscontinuityAwareBisection;shinbrotDiscontinuityAwareBisection;shinbrotDiscontinuityAwareBisection;shinbrotDiscontinuityAwareBisection;shinbrotDiscontinuityAwareBisection;shinbrotDiscontinuityAwareBisection;shinbrotDiscontinuityAwareBisection;shinbrotDiscontinuityAwareBisection;shinbrotDiscontinuityAwareBisection;shinbrotDiscontinuityAwareBisection;shinbrotDiscontinuityAwareBisection;shinbrotDiscontinuityAwareBisection;shinbrotDiscontinuityAwareBisection;shinbrotDiscontinuityAwareBisection;shinbrotDiscontinuityAwareBisection;shinbrotDiscontinuityAwareBisection;shinbrotDiscontinuityAwareBisection;shinbrotDiscontinuityAwareBisection;shinbrotDiscontinuityAwareBisection;shinbrotDiscontinuityAwareBisection;shinbrotDiscontinuityAwareBisection;shinbrotDiscontinuityAwareBisection;shinbrotDiscontinuityAwareBisection,0.08671875;-0.0521484375;0.098828125;-2.44140625e-05;0.0234375;-0.0125;0.0125;0.01796875;0;-0.028125;-0.0162109375;-0.04609375;0.099609375;-0.000146484375;0.0654296875;-0.0765625;-0.071875;-0.01875;-0.02734375;-0.0744140625;-0.096875;-0.096875;-0.040625;-0.07265625;-0.059375;-0.04765625;-0.084375;0.0447265625;-0.0400390625;0.02421875;0.015234375;0.0328125;-0.00625;-0.015625;-0.0078125;-0.071875;0.04921875;-0.0015625;-0.040625;0.0208984375;0.0015625;0.003515625;-0.09296875;-0.03125;-0.0375;0.0875;0.075;-0.06875;-0.0625;-0.0375;0.040625;0.03125;0.04375;-0.06953125;0.09921875;-0.0205078125;0.0328125;0.046875;0.1;0.084375;0.025,0.532843225316558,13.1961567746834,18.1573018196002,26.921,0,,47.6391427,0
0.01,3,193003,sectionRetargetMode,shinbrotDiscontinuityAwareBisection,1,7,6.18802791086862,6192,0.08671875,0.034375,0.08671875;-0.0611328125;-0.1;-0.0268920898438;-0.06015625;-0.0515625;0.034375,7,0,0;1;2;3;4;5;6,0;2.07262409902e-05;0.830519784973;3.14848276506;5.39844656395;5.39852108528;6.18801348208,shinbrotDiscontinuityAwareBisection;shinbrotDiscontinuityAwareBisection;shinbrotDiscontinuityAwareBisection;shinbrotDiscontinuityAwareBisection;shinbrotDiscontinuityAwareBisection;shinbrotDiscontinuityAwareBisection;shinbrotDiscontinuityAwareBisection,0.08671875;-0.0611328125;-0.1;-0.0268920898438;-0.06015625;-0.0515625;0.034375,0.00449991555416851,13.7334999155542,19.4856142385728,26.921,0,,5.2298509,0
0.01,4,193004,sectionRetargetMode,shinbrotDiscontinuityAwareBisection,0,NaN,NaN,42247,0.08671875,0.028125,0.08671875;-0.0999938964844;0.08828125;-0.0609375;-0.0203125;-0.0625;-0.034375;-0.03125;-0.01875;-0.01875;-0.025;0.09833984375;0.0745681762695;0.0994659423828;-0.078125;-0.02109375;0.06875;0.0393310546875;0.04775390625;0.0998779296875;0.024560546875;0.02763671875;0.015234375;-0.099462890625;0.092578125;0.08125;0.0953125;0.0048828125;-0.0003662109375;-0.08203125;-0.08125;0.03359375;-0.0390625;0.0666442871094;-0.03984375;0.09853515625;-0.0453125;0.0624908447266;-0.0328125;-0.07109375;-0.075;-0.0203125;0.0171875;-0.059375;0.04765625;-0.0502807617187;-0.0109375;0.015625;0.01328125;0.01875;-0.090625;-0.09375;-0.0625;0.00703125;-0.083203125;0.0046875;0.0140625;0.015625;0.0203125;0.0375;0.028125,61,0,0;1;2;3;4;5;6;7;8;9;10;11;12;13;14;15;16;17;18;19;20;21;22;23;24;25;26;27;28;29;30;31;32;33;34;35;36;37;38;39;40;41;42;43;44;45;46;47;48;49;50;51;52;53;54;55;56;57;58;59;60,0;1.75505528725e-06;1.69693045912e-05;0.80540797741;0.805445392838;2.36314964415;2.36316586589;2.36318440434;2.36320664852;5.45467919024;6.12642498262;6.82558110339;6.82561511735;6.8256797019;6.82569567902;6.82573748528;7.57612837755;9.12283440454;9.12289223432;9.12300449336;9.83152083701;9.83159895651;10.5797347596;10.579775633;10.579785525;12.1826673581;12.182709643;12.182753647;12.1828801054;12.1830146938;12.183223175;12.8516194795;13.5458173599;14.2634776059;15.0747705485;16.7113905635;16.7113936563;16.7114022901;16.7114160875;19.6090531576;19.6090605978;21.1450981103;21.1451272913;21.1452210315;22.1570798302;26.4732216171;29.4214266845;29.421465986;31.124495601;31.1245158302;34.8342335209;34.8342467041;34.8342640052;39.1359246298;39.8532090074;40.6429120312;42.2007691076;42.2007804505;42.2008023023;42.2008768876;42.2009411505,shinbrotDiscontinuityAwareBisection;shinbrotDiscontinuityAwareBisection;shinbrotDiscontinuityAwareBisection;shinbrotDiscontinuityAwareBisection;shinbrotDiscontinuityAwareBisection;shinbrotDiscontinuityAwareBisection;shinbrotDiscontinuityAwareBisection;shinbrotDiscontinuityAwareBisection;shinbrotDiscontinuityAwareBisection;shinbrotDiscontinuityAwareBisection;shinbrotDiscontinuityAwareBisection;shinbrotDiscontinuityAwareBisection;shinbrotDiscontinuityAwareBisection;shinbrotDiscontinuityAwareBisection;shinbrotDiscontinuityAwareBisection;shinbrotDiscontinuityAwareBisection;shinbrotDiscontinuityAwareBisection;shinbrotDiscontinuityAwareBisection;shinbrotDiscontinuityAwareBisection;shinbrotDiscontinuityAwareBisection;shinbrotDiscontinuityAwareBisection;shinbrotDiscontinuityAwareBisection;shinbrotDiscontinuityAwareBisection;shinbrotDiscontinuityAwareBisection;shinbrotDiscontinuityAwareBisection;shinbrotDiscontinuityAwareBisection;shinbrotDiscontinuityAwareBisection;shinbrotDiscontinuityAwareBisection;shinbrotDiscontinuityAwareBisection;shinbrotDiscontinuityAwareBisection;shinbrotDiscontinuityAwareBisection;shinbrotDiscontinuityAwareBisection;shinbrotDiscontinuityAwareBisection;shinbrotDiscontinuityAwareBisection;shinbrotDiscontinuityAwareBisection;shinbrotDiscontinuityAwareBisection;shinbrotDiscontinuityAwareBisection;shinbrotDiscontinuityAwareBisection;shinbrotDiscontinuityAwareBisection;shinbrotDiscontinuityAwareBisection;shinbrotDiscontinuityAwareBisection;shinbrotDiscontinuityAwareBisection;shinbrotDiscontinuityAwareBisection;shinbrotDiscontinuityAwareBisection;shinbrotDiscontinuityAwareBisection;shinbrotDiscontinuityAwareBisection;shinbrotDiscontinuityAwareBisection;shinbrotDiscontinuityAwareBisection;shinbrotDiscontinuityAwareBisection;shinbrotDiscontinuityAwareBisection;shinbrotDiscontinuityAwareBisection;shinbrotDiscontinuityAwareBisection;shinbrotDiscontinuityAwareBisection;shinbrotDiscontinuityAwareBisection;shinbrotDiscontinuityAwareBisection;shinbrotDiscontinuityAwareBisection;shinbrotDiscontinuityAwareBisection;shinbrotDiscontinuityAwareBisection;shinbrotDiscontinuityAwareBisection;shinbrotDiscontinuityAwareBisection;shinbrotDiscontinuityAwareBisection,0.08671875;-0.0999938964844;0.08828125;-0.0609375;-0.0203125;-0.0625;-0.034375;-0.03125;-0.01875;-0.01875;-0.025;0.09833984375;0.0745681762695;0.0994659423828;-0.078125;-0.02109375;0.06875;0.0393310546875;0.04775390625;0.0998779296875;0.024560546875;0.02763671875;0.015234375;-0.099462890625;0.092578125;0.08125;0.0953125;0.0048828125;-0.0003662109375;-0.08203125;-0.08125;0.03359375;-0.0390625;0.0666442871094;-0.03984375;0.09853515625;-0.0453125;0.0624908447266;-0.0328125;-0.07109375;-0.075;-0.0203125;0.0171875;-0.059375;0.04765625;-0.0502807617187;-0.0109375;0.015625;0.01328125;0.01875;-0.090625;-0.09375;-0.0625;0.00703125;-0.083203125;0.0046875;0.0140625;0.015625;0.0203125;0.0375;0.028125,0.14440556882049,13.5845944311795,19.4452517120519,26.921,0,,58.6986928,0
0.01,5,193005,sectionRetargetMode,shinbrotDiscontinuityAwareBisection,0,NaN,NaN,40044,0.08671875,-0.0359375,0.08671875;-0.0505126953125;0.065625;0.045703125;0.04677734375;0.009375;0;0.0458984375;0.095703125;-0.09921875;-0.090625;-0.02578125;-0.02890625;0.03125;-0.08125;-0.0234375;0.084716796875;0.0109375;-0.05263671875;-0.05107421875;-0.09970703125;-0.03134765625;-0.051953125;0.09296875;0.06875;0.040625;0.003125;0.05234375;0.02431640625;0.096484375;-0.0007568359375;-0.099658203125;0.0169921875;0.0625;-0.03671875;-7.62939453125e-05;0.078125;0.06875;0.059375;-0.1;-0.05;0.06640625;0.04765625;0.09375;0.0875;0.065625;0.0212890625;0.0875;0.0625;0.0515625;0.015625;-0.021875;0.028125;0.0962890625;0.00634765625;0.059375;-0.034375;-0.075;-0.05;0.009375;-0.0359375,61,0,0;1;2;3;4;5;6;7;8;9;10;11;12;13;14;15;16;17;18;19;20;21;22;23;24;25;26;27;28;29;30;31;32;33;34;35;36;37;38;39;40;41;42;43;44;45;46;47;48;49;50;51;52;53;54;55;56;57;58;59;60,0;4.57823913114e-06;0.00012291080604;0.000134767902456;0.847110715387;3.10668290681;3.85278390861;3.85278615367;4.85686066349;9.16220331805;9.16220668521;9.16222348228;12.0949635963;12.8325720364;13.721481579;16.6307493104;18.1875722768;18.8869688732;19.6364432806;19.6364969143;19.6365535122;19.6366277758;21.2038758537;21.2038819511;21.8924009337;21.8924177534;22.64058038;24.2094057619;24.8947452941;24.8947514974;24.8948018385;25.633173659;25.6332137572;27.3165458608;27.9662509559;28.6308258543;29.2920909091;29.2921462736;29.2921713112;29.9746042229;29.9746858328;30.6916550933;30.6916687763;31.476566669;31.476628514;31.4767089983;31.4767246521;31.4767459645;31.4767995786;31.4769022079;33.0067613033;33.0067631308;33.0068309782;33.9228627145;36.8437171546;38.3947056819;39.135830411;39.1358697234;39.1358901667;39.1358916918;40.0015386151,shinbrotDiscontinuityAwareBisection;shinbrotDiscontinuityAwareBisection;shinbrotDiscontinuityAwareBisection;shinbrotDiscontinuityAwareBisection;shinbrotDiscontinuityAwareBisection;shinbrotDiscontinuityAwareBisection;shinbrotDiscontinuityAwareBisection;shinbrotDiscontinuityAwareBisection;shinbrotDiscontinuityAwareBisection;shinbrotDiscontinuityAwareBisection;shinbrotDiscontinuityAwareBisection;shinbrotDiscontinuityAwareBisection;shinbrotDiscontinuityAwareBisection;shinbrotDiscontinuityAwareBisection;shinbrotDiscontinuityAwareBisection;shinbrotDiscontinuityAwareBisection;shinbrotDiscontinuityAwareBisection;shinbrotDiscontinuityAwareBisection;shinbrotDiscontinuityAwareBisection;shinbrotDiscontinuityAwareBisection;shinbrotDiscontinuityAwareBisection;shinbrotDiscontinuityAwareBisection;shinbrotDiscontinuityAwareBisection;shinbrotDiscontinuityAwareBisection;shinbrotDiscontinuityAwareBisection;shinbrotDiscontinuityAwareBisection;shinbrotDiscontinuityAwareBisection;shinbrotDiscontinuityAwareBisection;shinbrotDiscontinuityAwareBisection;shinbrotDiscontinuityAwareBisection;shinbrotDiscontinuityAwareBisection;shinbrotDiscontinuityAwareBisection;shinbrotDiscontinuityAwareBisection;shinbrotDiscontinuityAwareBisection;shinbrotDiscontinuityAwareBisection;shinbrotDiscontinuityAwareBisection;shinbrotDiscontinuityAwareBisection;shinbrotDiscontinuityAwareBisection;shinbrotDiscontinuityAwareBisection;shinbrotDiscontinuityAwareBisection;shinbrotDiscontinuityAwareBisection;shinbrotDiscontinuityAwareBisection;shinbrotDiscontinuityAwareBisection;shinbrotDiscontinuityAwareBisection;shinbrotDiscontinuityAwareBisection;shinbrotDiscontinuityAwareBisection;shinbrotDiscontinuityAwareBisection;shinbrotDiscontinuityAwareBisection;shinbrotDiscontinuityAwareBisection;shinbrotDiscontinuityAwareBisection;shinbrotDiscontinuityAwareBisection;shinbrotDiscontinuityAwareBisection;shinbrotDiscontinuityAwareBisection;shinbrotDiscontinuityAwareBisection;shinbrotDiscontinuityAwareBisection;shinbrotDiscontinuityAwareBisection;shinbrotDiscontinuityAwareBisection;shinbrotDiscontinuityAwareBisection;shinbrotDiscontinuityAwareBisection;shinbrotDiscontinuityAwareBisection;shinbrotDiscontinuityAwareBisection,0.08671875;-0.0505126953125;0.065625;0.045703125;0.04677734375;0.009375;0;0.0458984375;0.095703125;-0.09921875;-0.090625;-0.02578125;-0.02890625;0.03125;-0.08125;-0.0234375;0.084716796875;0.0109375;-0.05263671875;-0.05107421875;-0.09970703125;-0.03134765625;-0.051953125;0.09296875;0.06875;0.040625;0.003125;0.05234375;0.02431640625;0.096484375;-0.0007568359375;-0.099658203125;0.0169921875;0.0625;-0.03671875;-7.62939453125e-05;0.078125;0.06875;0.059375;-0.1;-0.05;0.06640625;0.04765625;0.09375;0.0875;0.065625;0.0212890625;0.0875;0.0625;0.0515625;0.015625;-0.021875;0.028125;0.0962890625;0.00634765625;0.059375;-0.034375;-0.075;-0.05;0.009375;-0.0359375,0.829004587475126,14.5580045874751,21.4133245092844,26.921,0,,44.6669675,0
0.01,6,193006,sectionRetargetMode,shinbrotDiscontinuityAwareBisection,1,51,34.8087934500629,34850,0.08671875,0.0125,0.08671875;0;0.087890625;0.034765625;0.038671875;0.04736328125;-0.0171875;-0.0375;-0.06875;0.0875;-0.0048828125;0.084375;0.0921875;-0.08125;0.0515625;-0.0484375;0.1;-0.04453125;-0.0515625;-0.03828125;-0.0109375;0.012890625;-0.065625;0.034375;0.0640625;-0.02734375;0.0925537109375;0.0628295898438;0.1;0.0958984375;0.0386474609375;0.0716796875;0.0484375;-0.01875;-0.0390625;0.1;-0.0875;-0.021875;0.074560546875;-0.046875;-0.0125;0.09931640625;-0.08125;-0.05859375;-0.07578125;-0.06328125;-0.1;0.034716796875;0.0296875;0.015625;0.0125,51,0,0;1;2;3;4;5;6;7;8;9;10;11;12;13;14;15;16;17;18;19;20;21;22;23;24;25;26;27;28;29;30;31;32;33;34;35;36;37;38;39;40;41;42;43;44;45;46;47;48;49;50,0;5.7111490299e-05;9.90967707025e-05;0.000171593313294;0.000217182734727;0.00029924227031;0.805951381513;2.49073067049;6.05690963719;6.05693939616;6.91731858818;9.83037548437;9.83038313154;11.578634685;12.2331890088;12.9010931589;13.5746051265;13.574743666;13.574774435;13.5748219277;14.2720974984;15.011426503;15.8815252639;18.5445962833;27.2569971237;28.7863097389;28.7863842932;28.7863980548;28.7865020027;28.786561772;28.7866162401;28.7866326666;29.586867199;31.9726611379;31.9728439869;32.6312551817;34.0185587705;34.0186285458;34.0186512735;34.0187992653;34.018952553;34.0189798744;34.0191271133;34.0191570353;34.0192878334;34.019325804;34.0194216374;34.0194763387;34.8087422817;34.8087601909;34.8087831761,shinbrotDiscontinuityAwareBisection;shinbrotDiscontinuityAwareBisection;shinbrotDiscontinuityAwareBisection;shinbrotDiscontinuityAwareBisection;shinbrotDiscontinuityAwareBisection;shinbrotDiscontinuityAwareBisection;shinbrotDiscontinuityAwareBisection;shinbrotDiscontinuityAwareBisection;shinbrotDiscontinuityAwareBisection;shinbrotDiscontinuityAwareBisection;shinbrotDiscontinuityAwareBisection;shinbrotDiscontinuityAwareBisection;shinbrotDiscontinuityAwareBisection;shinbrotDiscontinuityAwareBisection;shinbrotDiscontinuityAwareBisection;shinbrotDiscontinuityAwareBisection;shinbrotDiscontinuityAwareBisection;shinbrotDiscontinuityAwareBisection;shinbrotDiscontinuityAwareBisection;shinbrotDiscontinuityAwareBisection;shinbrotDiscontinuityAwareBisection;shinbrotDiscontinuityAwareBisection;shinbrotDiscontinuityAwareBisection;shinbrotDiscontinuityAwareBisection;shinbrotDiscontinuityAwareBisection;shinbrotDiscontinuityAwareBisection;shinbrotDiscontinuityAwareBisection;shinbrotDiscontinuityAwareBisection;shinbrotDiscontinuityAwareBisection;shinbrotDiscontinuityAwareBisection;shinbrotDiscontinuityAwareBisection;shinbrotDiscontinuityAwareBisection;shinbrotDiscontinuityAwareBisection;shinbrotDiscontinuityAwareBisection;shinbrotDiscontinuityAwareBisection;shinbrotDiscontinuityAwareBisection;shinbrotDiscontinuityAwareBisection;shinbrotDiscontinuityAwareBisection;shinbrotDiscontinuityAwareBisection;shinbrotDiscontinuityAwareBisection;shinbrotDiscontinuityAwareBisection;shinbrotDiscontinuityAwareBisection;shinbrotDiscontinuityAwareBisection;shinbrotDiscontinuityAwareBisection;shinbrotDiscontinuityAwareBisection;shinbrotDiscontinuityAwareBisection;shinbrotDiscontinuityAwareBisection;shinbrotDiscontinuityAwareBisection;shinbrotDiscontinuityAwareBisection;shinbrotDiscontinuityAwareBisection;shinbrotDiscontinuityAwareBisection,0.08671875;0;0.087890625;0.034765625;0.038671875;0.04736328125;-0.0171875;-0.0375;-0.06875;0.0875;-0.0048828125;0.084375;0.0921875;-0.08125;0.0515625;-0.0484375;0.1;-0.04453125;-0.0515625;-0.03828125;-0.0109375;0.012890625;-0.065625;0.034375;0.0640625;-0.02734375;0.0925537109375;0.0628295898438;0.1;0.0958984375;0.0386474609375;0.0716796875;0.0484375;-0.01875;-0.0390625;0.1;-0.0875;-0.021875;0.074560546875;-0.046875;-0.0125;0.09931640625;-0.08125;-0.05859375;-0.07578125;-0.06328125;-0.1;0.034716796875;0.0296875;0.015625;0.0125,0.00566251666353068,13.7233374833365,19.4527422477742,26.921,0,,43.7919312,0
0.01,7,193007,sectionRetargetMode,shinbrotDiscontinuityAwareBisection,0,NaN,NaN,34201,0.08671875,-0.03125,0.08671875;0.0724853515625;0.098176574707;0.07578125;0.075;0.015625;0.0521484375;-0.0046875;-0.0927734375;-0.09609375;-0.0046875;0.05703125;0.0546875;0.08671875;0.0953125;-0.04453125;-0.05546875;0.0867065429688;-0.0293062210083;-0.0931640625;-0.005078125;-0.05;-0.025;-0.075;-0.0875;-0.0262359619141;-0.04296875;0.08125;0.053125;0.090625;-0.003515625;-0.065625;-0.05;-0.003515625;-0.000390625;0.033984375;-0.090234375;-0.0572265625;-0.09765625;-0.034375;-0.0234375;0.033984375;0.0472290039062;0.018359375;-0.025390625;-0.071875;-0.07890625;-0.0890625;0.075;0.073828125;0.0478515625;-0.000927734375;-0.046875;-0.009375;-0.01328125;-0.0484375;-0.03671875;-0.0234375;-0.07421875;-0.0453125;-0.03125,61,0,0;1;2;3;4;5;6;7;8;9;10;11;12;13;14;15;16;17;18;19;20;21;22;23;24;25;26;27;28;29;30;31;32;33;34;35;36;37;38;39;40;41;42;43;44;45;46;47;48;49;50;51;52;53;54;55;56;57;58;59;60,0;0.817222827729;0.817242281635;2.77336466218;9.57722194851;10.3268209855;12.8300949028;13.4642014903;13.4642483556;13.4643258134;13.4644554818;14.103230856;14.1033060259;14.1034770942;14.1036183296;14.103679235;14.742328554;14.7424578256;15.3894170453;16.043691089;16.043729001;16.6973800312;16.6975219925;16.6976253041;16.6977045168;17.3585637075;18.0296753149;18.7299457147;18.7299979441;18.7300822436;19.4880702742;21.1682337645;21.8208490992;22.4758458468;22.475897004;22.4759246187;22.4759313856;22.476045675;22.4761789936;23.1375856077;23.1376419983;23.8054316939;24.4917819047;25.218370688;26.1208323977;29.0480499961;29.0481041948;29.0481938854;31.6048774546;32.2418217817;32.2419680703;32.2421598907;32.8806810507;33.5147754864;33.5149610493;33.5149768433;33.5151101501;33.5151944269;33.5153785405;34.1589276644;34.1590102443,shinbrotDiscontinuityAwareBisection;shinbrotDiscontinuityAwareBisection;shinbrotDiscontinuityAwareBisection;shinbrotDiscontinuityAwareBisection;shinbrotDiscontinuityAwareBisection;shinbrotDiscontinuityAwareBisection;shinbrotDiscontinuityAwareBisection;shinbrotDiscontinuityAwareBisection;shinbrotDiscontinuityAwareBisection;shinbrotDiscontinuityAwareBisection;shinbrotDiscontinuityAwareBisection;shinbrotDiscontinuityAwareBisection;shinbrotDiscontinuityAwareBisection;shinbrotDiscontinuityAwareBisection;shinbrotDiscontinuityAwareBisection;shinbrotDiscontinuityAwareBisection;shinbrotDiscontinuityAwareBisection;shinbrotDiscontinuityAwareBisection;shinbrotDiscontinuityAwareBisection;shinbrotDiscontinuityAwareBisection;shinbrotDiscontinuityAwareBisection;shinbrotDiscontinuityAwareBisection;shinbrotDiscontinuityAwareBisection;shinbrotDiscontinuityAwareBisection;shinbrotDiscontinuityAwareBisection;shinbrotDiscontinuityAwareBisection;shinbrotDiscontinuityAwareBisection;shinbrotDiscontinuityAwareBisection;shinbrotDiscontinuityAwareBisection;shinbrotDiscontinuityAwareBisection;shinbrotDiscontinuityAwareBisection;shinbrotDiscontinuityAwareBisection;shinbrotDiscontinuityAwareBisection;shinbrotDiscontinuityAwareBisection;shinbrotDiscontinuityAwareBisection;shinbrotDiscontinuityAwareBisection;shinbrotDiscontinuityAwareBisection;shinbrotDiscontinuityAwareBisection;shinbrotDiscontinuityAwareBisection;shinbrotDiscontinuityAwareBisection;shinbrotDiscontinuityAwareBisection;shinbrotDiscontinuityAwareBisection;shinbrotDiscontinuityAwareBisection;shinbrotDiscontinuityAwareBisection;shinbrotDiscontinuityAwareBisection;shinbrotDiscontinuityAwareBisection;shinbrotDiscontinuityAwareBisection;shinbrotDiscontinuityAwareBisection;shinbrotDiscontinuityAwareBisection;shinbrotDiscontinuityAwareBisection;shinbrotDiscontinuityAwareBisection;shinbrotDiscontinuityAwareBisection;shinbrotDiscontinuityAwareBisection;shinbrotDiscontinuityAwareBisection;shinbrotDiscontinuityAwareBisection;shinbrotDiscontinuityAwareBisection;shinbrotDiscontinuityAwareBisection;shinbrotDiscontinuityAwareBisection;shinbrotDiscontinuityAwareBisection;shinbrotDiscontinuityAwareBisection;shinbrotDiscontinuityAwareBisection,0.08671875;0.0724853515625;0.098176574707;0.07578125;0.075;0.015625;0.0521484375;-0.0046875;-0.0927734375;-0.09609375;-0.0046875;0.05703125;0.0546875;0.08671875;0.0953125;-0.04453125;-0.05546875;0.0867065429688;-0.0293062210083;-0.0931640625;-0.005078125;-0.05;-0.025;-0.075;-0.0875;-0.0262359619141;-0.04296875;0.08125;0.053125;0.090625;-0.003515625;-0.065625;-0.05;-0.003515625;-0.000390625;0.033984375;-0.090234375;-0.0572265625;-0.09765625;-0.034375;-0.0234375;0.033984375;0.0472290039062;0.018359375;-0.025390625;-0.071875;-0.07890625;-0.0890625;0.075;0.073828125;0.0478515625;-0.000927734375;-0.046875;-0.009375;-0.01328125;-0.0484375;-0.03671875;-0.0234375;-0.07421875;-0.0453125;-0.03125,2.91527432403355,10.8137256759664,13.2156284009925,26.921,0,,64.6154376,0
0.01,8,193008,sectionRetargetMode,shinbrotDiscontinuityAwareBisection,1,38,27.3104476296344,27340,0.08671875,0.086962890625,0.08671875;0.07275390625;-0.03125;0.00625;0.01875;0.05625;0.05;-0.09814453125;0.08701171875;-0.00029296875;0.032421875;-0.00817260742188;-0.00478515625;-0.0143859863281;0.0572265625;0.0699340820312;-0.04921875;-0.0375;-0.090625;-0.025;-0.0625;-0.053125;-0.021875;-0.0962890625;0.046875;0.09609375;-0.1;-0.0375;0.03125;0.025;0.042578125;-0.0875;0.0486328125;0.0953125;0.05634765625;-0.0765625;-0.075;0.086962890625,38,0,0;1;2;3;4;5;6;7;8;9;10;11;12;13;14;15;16;17;18;19;20;21;22;23;24;25;26;27;28;29;30;31;32;33;34;35;36;37,0;2.34870663421;3.94472667851;3.94474427496;3.94477294214;3.94482078275;3.94489955949;7.6030971896;8.31526643987;10.7601923735;10.7602232273;10.7602822377;10.7603095824;10.7603376365;13.7045098166;13.7045673773;13.7046876793;13.7047193298;13.7047690036;14.5794536689;17.5539645138;17.5540546649;18.2556523799;19.0258070219;19.025876219;19.0259196526;20.5870164712;21.3246554702;21.3246769587;21.3247759712;22.1463866436;24.4725430745;25.1290655773;25.8110743712;25.8111927841;26.5186484146;26.5186792415;26.5187243885,shinbrotDiscontinuityAwareBisection;shinbrotDiscontinuityAwareBisection;shinbrotDiscontinuityAwareBisection;shinbrotDiscontinuityAwareBisection;shinbrotDiscontinuityAwareBisection;shinbrotDiscontinuityAwareBisection;shinbrotDiscontinuityAwareBisection;shinbrotDiscontinuityAwareBisection;shinbrotDiscontinuityAwareBisection;shinbrotDiscontinuityAwareBisection;shinbrotDiscontinuityAwareBisection;shinbrotDiscontinuityAwareBisection;shinbrotDiscontinuityAwareBisection;shinbrotDiscontinuityAwareBisection;shinbrotDiscontinuityAwareBisection;shinbrotDiscontinuityAwareBisection;shinbrotDiscontinuityAwareBisection;shinbrotDiscontinuityAwareBisection;shinbrotDiscontinuityAwareBisection;shinbrotDiscontinuityAwareBisection;shinbrotDiscontinuityAwareBisection;shinbrotDiscontinuityAwareBisection;shinbrotDiscontinuityAwareBisection;shinbrotDiscontinuityAwareBisection;shinbrotDiscontinuityAwareBisection;shinbrotDiscontinuityAwareBisection;shinbrotDiscontinuityAwareBisection;shinbrotDiscontinuityAwareBisection;shinbrotDiscontinuityAwareBisection;shinbrotDiscontinuityAwareBisection;shinbrotDiscontinuityAwareBisection;shinbrotDiscontinuityAwareBisection;shinbrotDiscontinuityAwareBisection;shinbrotDiscontinuityAwareBisection;shinbrotDiscontinuityAwareBisection;shinbrotDiscontinuityAwareBisection;shinbrotDiscontinuityAwareBisection;shinbrotDiscontinuityAwareBisection,0.08671875;0.07275390625;-0.03125;0.00625;0.01875;0.05625;0.05;-0.09814453125;0.08701171875;-0.00029296875;0.032421875;-0.00817260742188;-0.00478515625;-0.0143859863281;0.0572265625;0.0699340820312;-0.04921875;-0.0375;-0.090625;-0.025;-0.0625;-0.053125;-0.021875;-0.0962890625;0.046875;0.09609375;-0.1;-0.0375;0.03125;0.025;0.042578125;-0.0875;0.0486328125;0.0953125;0.05634765625;-0.0765625;-0.075;0.086962890625,0.00408068009786433,13.7330806800979,19.5907484664753,26.921,0,,38.7577508,0
0.01,9,193009,sectionRetargetMode,shinbrotDiscontinuityAwareBisection,0,NaN,NaN,47346,0.08671875,0.01875,0.08671875;0;0.05;-0.025;-0.05078125;-0.0375;-0.04296875;-0.0796875;0.0953125;-0.00625;-0.00390625;0.009375;0.041796875;-0.046875;-0.040625;-0.0875;-0.07626953125;-0.051953125;0.03515625;0.0125;0.053125;-0.06875;-0.085546875;-0.021875;-0.0300048828125;0.05;-0.05;-0.04296875;0.01171875;0.09609375;-0.00048828125;0.1;0.1;0.01875;-0.059375;-0.053125;0.021875;-0.0046875;-0.0109375;0.0421875;0.0390625;-0.09970703125;-0.06953125;0.046875;0.0640625;0.0796875;-0.1;-0.0015625;-0.0578125;0.0895751953125;0.0954345703125;0.08740234375;-0.04228515625;0.08828125;0.0875;-0.1;0.0078125;-0.03046875;-0.053857421875;-0.0125;0.01875,61,0,0;1;2;3;4;5;6;7;8;9;10;11;12;13;14;15;16;17;18;19;20;21;22;23;24;25;26;27;28;29;30;31;32;33;34;35;36;37;38;39;40;41;42;43;44;45;46;47;48;49;50;51;52;53;54;55;56;57;58;59;60,0;0.777699751562;0.777734116885;0.777842295357;2.33410445442;3.93067220539;3.93069878809;6.34912966475;6.34935381718;6.99278350107;7.63193358302;8.27760522154;8.93912158641;9.60937383382;9.60946956924;10.3032034933;11.0469807569;11.0469893389;12.6837718176;13.3782882567;14.1179626557;17.9400743352;18.706654217;20.30640299;20.3064907866;20.9906648616;20.9907077193;21.7080187418;21.7080450526;22.5352058094;22.5352276155;24.7730449009;24.7730498778;25.5542160507;27.1056162687;28.6328779039;30.2518053445;30.2518642737;30.9178168819;31.6023671678;32.3127495765;33.0771324053;34.6503967651;35.5674369598;35.5674619148;35.5674934621;35.5675125906;38.5137656649;40.7592219696;40.7592427859;40.7593706799;40.7594016796;41.5772186044;44.0107165978;44.0108672367;44.646774731;45.2922225147;45.9461640129;46.6119295051;47.3075784596;47.3076966142,shinbrotDiscontinuityAwareBisection;shinbrotDiscontinuityAwareBisection;shinbrotDiscontinuityAwareBisection;shinbrotDiscontinuityAwareBisection;shinbrotDiscontinuityAwareBisection;shinbrotDiscontinuityAwareBisection;shinbrotDiscontinuityAwareBisection;shinbrotDiscontinuityAwareBisection;shinbrotDiscontinuityAwareBisection;shinbrotDiscontinuityAwareBisection;shinbrotDiscontinuityAwareBisection;shinbrotDiscontinuityAwareBisection;shinbrotDiscontinuityAwareBisection;shinbrotDiscontinuityAwareBisection;shinbrotDiscontinuityAwareBisection;shinbrotDiscontinuityAwareBisection;shinbrotDiscontinuityAwareBisection;shinbrotDiscontinuityAwareBisection;shinbrotDiscontinuityAwareBisection;shinbrotDiscontinuityAwareBisection;shinbrotDiscontinuityAwareBisection;shinbrotDiscontinuityAwareBisection;shinbrotDiscontinuityAwareBisection;shinbrotDiscontinuityAwareBisection;shinbrotDiscontinuityAwareBisection;shinbrotDiscontinuityAwareBisection;shinbrotDiscontinuityAwareBisection;shinbrotDiscontinuityAwareBisection;shinbrotDiscontinuityAwareBisection;shinbrotDiscontinuityAwareBisection;shinbrotDiscontinuityAwareBisection;shinbrotDiscontinuityAwareBisection;shinbrotDiscontinuityAwareBisection;shinbrotDiscontinuityAwareBisection;shinbrotDiscontinuityAwareBisection;shinbrotDiscontinuityAwareBisection;shinbrotDiscontinuityAwareBisection;shinbrotDiscontinuityAwareBisection;shinbrotDiscontinuityAwareBisection;shinbrotDiscontinuityAwareBisection;shinbrotDiscontinuityAwareBisection;shinbrotDiscontinuityAwareBisection;shinbrotDiscontinuityAwareBisection;shinbrotDiscontinuityAwareBisection;shinbrotDiscontinuityAwareBisection;shinbrotDiscontinuityAwareBisection;shinbrotDiscontinuityAwareBisection;shinbrotDiscontinuityAwareBisection;shinbrotDiscontinuityAwareBisection;shinbrotDiscontinuityAwareBisection;shinbrotDiscontinuityAwareBisection;shinbrotDiscontinuityAwareBisection;shinbrotDiscontinuityAwareBisection;shinbrotDiscontinuityAwareBisection;shinbrotDiscontinuityAwareBisection;shinbrotDiscontinuityAwareBisection;shinbrotDiscontinuityAwareBisection;shinbrotDiscontinuityAwareBisection;shinbrotDiscontinuityAwareBisection;shinbrotDiscontinuityAwareBisection;shinbrotDiscontinuityAwareBisection,0.08671875;0;0.05;-0.025;-0.05078125;-0.0375;-0.04296875;-0.0796875;0.0953125;-0.00625;-0.00390625;0.009375;0.041796875;-0.046875;-0.040625;-0.0875;-0.07626953125;-0.051953125;0.03515625;0.0125;0.053125;-0.06875;-0.085546875;-0.021875;-0.0300048828125;0.05;-0.05;-0.04296875;0.01171875;0.09609375;-0.00048828125;0.1;0.1;0.01875;-0.059375;-0.053125;0.021875;-0.0046875;-0.0109375;0.0421875;0.0390625;-0.09970703125;-0.06953125;0.046875;0.0640625;0.0796875;-0.1;-0.0015625;-0.0578125;0.0895751953125;0.0954345703125;0.08740234375;-0.04228515625;0.08828125;0.0875;-0.1;0.0078125;-0.03046875;-0.053857421875;-0.0125;0.01875,1.46389936992302,12.265100630077,16.2881956187974,26.921,0,,49.4042813,0
0.01,10,193010,sectionRetargetMode,shinbrotDiscontinuityAwareBisection,1,46,21.8577889473704,21893,0.08671875,-0.0234375,0.08671875;-0.021484375;-0.03671875;0.0171875;0.0234375;0.015625;0.028125;0.0525390625;0;-0.025;0.0125;-0.05;0.1;0.0984375;0.0953125;-0.034375;-0.040625;-0.0140625;0.0046875;-0.06796875;-0.015625;-0.0984375;-0.0953125;-0.09375;0.085546875;0.049609375;0.026171875;-0.1;-0.034375;-0.065625;-0.025;-0.0765625;-0.0705078125;0.079296875;-0.09560546875;-0.0859375;-0.0921875;0.09453125;-0.02109375;-0.06875;-0.02265625;-0.0203125;-0.065625;-0.09375;-0.01953125;-0.0234375,46,0,0;1;2;3;4;5;6;7;8;9;10;11;12;13;14;15;16;17;18;19;20;21;22;23;24;25;26;27;28;29;30;31;32;33;34;35;36;37;38;39;40;41;42;43;44;45,0;3.0273465088e-05;0.840251298458;0.840265358753;3.10171254829;3.86004533506;3.86007452907;5.53002042189;6.18126091744;6.18134150475;6.18143795078;6.18163161058;6.85324244242;6.85338803546;7.53589169763;8.25947227323;8.25953210501;9.10392968463;9.10394982906;11.361502781;11.3615040863;12.9291026656;12.9291874807;12.9292256215;13.6244918723;14.3742882256;14.3743246236;14.3743476647;14.37436548;14.3743943606;14.3744186077;15.9908193219;15.990839018;15.9909101208;15.9909769957;16.6599051732;16.66004212;17.3451111242;18.0444509757;18.0445017031;18.7888727563;18.7888837595;20.3861537772;20.3862289469;20.3862619018;21.0856949886,shinbrotDiscontinuityAwareBisection;shinbrotDiscontinuityAwareBisection;shinbrotDiscontinuityAwareBisection;shinbrotDiscontinuityAwareBisection;shinbrotDiscontinuityAwareBisection;shinbrotDiscontinuityAwareBisection;shinbrotDiscontinuityAwareBisection;shinbrotDiscontinuityAwareBisection;shinbrotDiscontinuityAwareBisection;shinbrotDiscontinuityAwareBisection;shinbrotDiscontinuityAwareBisection;shinbrotDiscontinuityAwareBisection;shinbrotDiscontinuityAwareBisection;shinbrotDiscontinuityAwareBisection;shinbrotDiscontinuityAwareBisection;shinbrotDiscontinuityAwareBisection;shinbrotDiscontinuityAwareBisection;shinbrotDiscontinuityAwareBisection;shinbrotDiscontinuityAwareBisection;shinbrotDiscontinuityAwareBisection;shinbrotDiscontinuityAwareBisection;shinbrotDiscontinuityAwareBisection;shinbrotDiscontinuityAwareBisection;shinbrotDiscontinuityAwareBisection;shinbrotDiscontinuityAwareBisection;shinbrotDiscontinuityAwareBisection;shinbrotDiscontinuityAwareBisection;shinbrotDiscontinuityAwareBisection;shinbrotDiscontinuityAwareBisection;shinbrotDiscontinuityAwareBisection;shinbrotDiscontinuityAwareBisection;shinbrotDiscontinuityAwareBisection;shinbrotDiscontinuityAwareBisection;shinbrotDiscontinuityAwareBisection;shinbrotDiscontinuityAwareBisection;shinbrotDiscontinuityAwareBisection;shinbrotDiscontinuityAwareBisection;shinbrotDiscontinuityAwareBisection;shinbrotDiscontinuityAwareBisection;shinbrotDiscontinuityAwareBisection;shinbrotDiscontinuityAwareBisection;shinbrotDiscontinuityAwareBisection;shinbrotDiscontinuityAwareBisection;shinbrotDiscontinuityAwareBisection;shinbrotDiscontinuityAwareBisection;shinbrotDiscontinuityAwareBisection,0.08671875;-0.021484375;-0.03671875;0.0171875;0.0234375;0.015625;0.028125;0.0525390625;0;-0.025;0.0125;-0.05;0.1;0.0984375;0.0953125;-0.034375;-0.040625;-0.0140625;0.0046875;-0.06796875;-0.015625;-0.0984375;-0.0953125;-0.09375;0.085546875;0.049609375;0.026171875;-0.1;-0.034375;-0.065625;-0.025;-0.0765625;-0.0705078125;0.079296875;-0.09560546875;-0.0859375;-0.0921875;0.09453125;-0.02109375;-0.06875;-0.02265625;-0.0203125;-0.065625;-0.09375;-0.01953125;-0.0234375,0.00676980742799493,13.722230192572,19.3506624135299,26.921,0,,30.6513662,0
0.03,1,194001,sectionRetargetMode,shinbrotDiscontinuityAwareBisection,0,NaN,NaN,56582,0.08671875,-0.021875,0.08671875;0.05546875;-0.059765625;0.091015625;0.0109375;-0.039453125;-0.0529296875;-0.0625;-0.09921875;-0.09765625;-0.08515625;-0.0859375;-0.04375;-0.0625;-0.0984375;0.096875;0.0625;0.0861328125;0.07734375;0.084765625;0.0078125;-0.021875;-0.0828125;-0.0546875;-0.0625;-0.05;-0.0953125;0.09921875;-0.0001220703125;0.01875;-0.059375;0.05;0.0375;0.025;-0.00812683105469;0.0375;0.02421875;0;0;0.09375;-0.049609375;-0.0875;0.009375;-0.0453125;-0.07265625;-0.05078125;0.023046875;-0.1;0.0125;0.053125;-0.0796875;-0.06875;0.028125;-0.00625;-0.015625;-0.047265625;0.098828125;-0.008203125;-0.0125915527344;-0.09453125;-0.021875,61,0,0;1;2;3;4;5;6;7;8;9;10;11;12;13;14;15;16;17;18;19;20;21;22;23;24;25;26;27;28;29;30;31;32;33;34;35;36;37;38;39;40;41;42;43;44;45;46;47;48;49;50;51;52;53;54;55;56;57;58;59;60,0;0.000226742762398;0.000404024422335;0.000418116046975;0.000571484234739;0.000835726776275;0.789173707467;0.789375047029;2.3536254836;2.35371108938;2.35387326174;3.3272295616;3.32738695896;3.32742101208;8.31919020361;9.1219646558;13.0947592685;13.0949366326;15.9916799896;15.991756846;18.2164832629;20.5057806679;20.5058310958;22.8666976368;24.4880303833;24.4880617442;26.7786667885;29.739857167;30.4637419871;32.1222101967;34.4708670904;36.7614317781;36.7615609924;36.7616894803;39.7392885287;40.6662149378;40.6662836892;42.9006012583;42.9006755986;43.8127619429;43.8127967884;43.8128852185;43.8130546857;43.8130589227;43.8130743625;43.813154115;47.5559789133;48.9906321157;48.9908686184;50.5731424855;52.1029696521;52.9676501117;52.9676830871;52.9676891159;52.9677042003;55.8714373573;55.8714924131;55.8719169902;55.8720865923;55.8721726948;56.5417361284,shinbrotDiscontinuityAwareBisection;shinbrotDiscontinuityAwareBisection;shinbrotDiscontinuityAwareBisection;shinbrotDiscontinuityAwareBisection;shinbrotDiscontinuityAwareBisection;shinbrotDiscontinuityAwareBisection;shinbrotDiscontinuityAwareBisection;shinbrotDiscontinuityAwareBisection;shinbrotDiscontinuityAwareBisection;shinbrotDiscontinuityAwareBisection;shinbrotDiscontinuityAwareBisection;shinbrotDiscontinuityAwareBisection;shinbrotDiscontinuityAwareBisection;shinbrotDiscontinuityAwareBisection;shinbrotDiscontinuityAwareBisection;shinbrotDiscontinuityAwareBisection;shinbrotDiscontinuityAwareBisection;shinbrotDiscontinuityAwareBisection;shinbrotDiscontinuityAwareBisection;shinbrotDiscontinuityAwareBisection;shinbrotDiscontinuityAwareBisection;shinbrotDiscontinuityAwareBisection;shinbrotDiscontinuityAwareBisection;shinbrotDiscontinuityAwareBisection;shinbrotDiscontinuityAwareBisection;shinbrotDiscontinuityAwareBisection;shinbrotDiscontinuityAwareBisection;shinbrotDiscontinuityAwareBisection;shinbrotDiscontinuityAwareBisection;shinbrotDiscontinuityAwareBisection;shinbrotDiscontinuityAwareBisection;shinbrotDiscontinuityAwareBisection;shinbrotDiscontinuityAwareBisection;shinbrotDiscontinuityAwareBisection;shinbrotDiscontinuityAwareBisection;shinbrotDiscontinuityAwareBisection;shinbrotDiscontinuityAwareBisection;shinbrotDiscontinuityAwareBisection;shinbrotDiscontinuityAwareBisection;shinbrotDiscontinuityAwareBisection;shinbrotDiscontinuityAwareBisection;shinbrotDiscontinuityAwareBisection;shinbrotDiscontinuityAwareBisection;shinbrotDiscontinuityAwareBisection;shinbrotDiscontinuityAwareBisection;shinbrotDiscontinuityAwareBisection;shinbrotDiscontinuityAwareBisection;shinbrotDiscontinuityAwareBisection;shinbrotDiscontinuityAwareBisection;shinbrotDiscontinuityAwareBisection;shinbrotDiscontinuityAwareBisection;shinbrotDiscontinuityAwareBisection;shinbrotDiscontinuityAwareBisection;shinbrotDiscontinuityAwareBisection;shinbrotDiscontinuityAwareBisection;shinbrotDiscontinuityAwareBisection;shinbrotDiscontinuityAwareBisection;shinbrotDiscontinuityAwareBisection;shinbrotDiscontinuityAwareBisection;shinbrotDiscontinuityAwareBisection;shinbrotDiscontinuityAwareBisection,0.08671875;0.05546875;-0.059765625;0.091015625;0.0109375;-0.039453125;-0.0529296875;-0.0625;-0.09921875;-0.09765625;-0.08515625;-0.0859375;-0.04375;-0.0625;-0.0984375;0.096875;0.0625;0.0861328125;0.07734375;0.084765625;0.0078125;-0.021875;-0.0828125;-0.0546875;-0.0625;-0.05;-0.0953125;0.09921875;-0.0001220703125;0.01875;-0.059375;0.05;0.0375;0.025;-0.00812683105469;0.0375;0.02421875;0;0;0.09375;-0.049609375;-0.0875;0.009375;-0.0453125;-0.07265625;-0.05078125;0.023046875;-0.1;0.0125;0.053125;-0.0796875;-0.06875;0.028125;-0.00625;-0.015625;-0.047265625;0.098828125;-0.008203125;-0.0125915527344;-0.09453125;-0.021875,1.75935278518121,11.9696472148188,15.3559271531888,26.921,0,,41.0794805,0
0.03,2,194002,sectionRetargetMode,shinbrotDiscontinuityAwareBisection,1,10,3.11773515965886,3126,0.08671875,-0.025,0.08671875;-0.0251953125;-0.07783203125;0.087109375;-0.03203125;-0.045703125;0.019921875;-0.00439453125;-0.05;-0.025,10,0,0;1;2;3;4;5;6;7;8;9,0;0.798197471361;2.31869389006;2.31870548948;2.31879554449;2.31889270362;2.31941427081;2.3195202747;3.11754764065;3.11765508533,shinbrotDiscontinuityAwareBisection;shinbrotDiscontinuityAwareBisection;shinbrotDiscontinuityAwareBisection;shinbrotDiscontinuityAwareBisection;shinbrotDiscontinuityAwareBisection;shinbrotDiscontinuityAwareBisection;shinbrotDiscontinuityAwareBisection;shinbrotDiscontinuityAwareBisection;shinbrotDiscontinuityAwareBisection;shinbrotDiscontinuityAwareBisection,0.08671875;-0.0251953125;-0.07783203125;0.087109375;-0.03203125;-0.045703125;0.019921875;-0.00439453125;-0.05;-0.025,0.00742778686498013,13.721572213135,19.5650854642244,26.921,0,,6.4823596,0
0.03,3,194003,sectionRetargetMode,shinbrotDiscontinuityAwareBisection,1,45,62.2395109909923,62272,0.08671875,-0.0170654296875,0.08671875;0.0375;-0.0375;-0.000216674804687;-0.009375;-0.0625;-0.0187805175781;-0.090234375;-0.078125;0.028125;-0.0640625;-0.035107421875;0.084375;-0.070703125;0.0171875;-0.0203125;0.026953125;0.059375;-0.021875;-0.084375;-0.0890625;0;-0.05;-0.08203125;-0.0254638671875;-0.0250366210938;-0.05;0.0625;0.084375;0.03359375;-0.01796875;-0.0390625;0.0999267578125;0.0943359375;0.0991653442383;0.088525390625;-0.07578125;-0.096875;-0.0171875;-0.06875;0;0.0625;0.0404174804688;-0.033740234375;-0.0170654296875,45,0,0;1;2;3;4;5;6;7;8;9;10;11;12;13;14;15;16;17;18;19;20;21;22;23;24;25;26;27;28;29;30;31;32;33;34;35;36;37;38;39;40;41;42;43;44,0;0.78455728113;0.784672103095;2.61119491513;10.1630001842;10.1630582625;15.2214408036;15.2214414064;15.92145039;15.9216072339;15.9218745342;16.7766916579;16.7768579077;20.4081144801;22.2183838427;22.2183888211;26.7454125561;26.7454880089;33.5603139846;33.5603229722;33.560353237;36.5739842036;36.5741092201;36.5743880341;36.5745514104;36.574616816;37.4593176693;37.4594511612;44.3266224666;51.0774551754;51.9483035921;51.9483960144;51.9484163208;51.9484836618;54.4944718793;54.4944998556;60.766109839;60.7662201674;60.7663167103;61.4575676089;61.4575913488;61.4576828616;61.4577242832;61.4579167905;61.4579895422,shinbrotDiscontinuityAwareBisection;shinbrotDiscontinuityAwareBisection;shinbrotDiscontinuityAwareBisection;shinbrotDiscontinuityAwareBisection;shinbrotDiscontinuityAwareBisection;shinbrotDiscontinuityAwareBisection;shinbrotDiscontinuityAwareBisection;shinbrotDiscontinuityAwareBisection;shinbrotDiscontinuityAwareBisection;shinbrotDiscontinuityAwareBisection;shinbrotDiscontinuityAwareBisection;shinbrotDiscontinuityAwareBisection;shinbrotDiscontinuityAwareBisection;shinbrotDiscontinuityAwareBisection;shinbrotDiscontinuityAwareBisection;shinbrotDiscontinuityAwareBisection;shinbrotDiscontinuityAwareBisection;shinbrotDiscontinuityAwareBisection;shinbrotDiscontinuityAwareBisection;shinbrotDiscontinuityAwareBisection;shinbrotDiscontinuityAwareBisection;shinbrotDiscontinuityAwareBisection;shinbrotDiscontinuityAwareBisection;shinbrotDiscontinuityAwareBisection;shinbrotDiscontinuityAwareBisection;shinbrotDiscontinuityAwareBisection;shinbrotDiscontinuityAwareBisection;shinbrotDiscontinuityAwareBisection;shinbrotDiscontinuityAwareBisection;shinbrotDiscontinuityAwareBisection;shinbrotDiscontinuityAwareBisection;shinbrotDiscontinuityAwareBisection;shinbrotDiscontinuityAwareBisection;shinbrotDiscontinuityAwareBisection;shinbrotDiscontinuityAwareBisection;shinbrotDiscontinuityAwareBisection;shinbrotDiscontinuityAwareBisection;shinbrotDiscontinuityAwareBisection;shinbrotDiscontinuityAwareBisection;shinbrotDiscontinuityAwareBisection;shinbrotDiscontinuityAwareBisection;shinbrotDiscontinuityAwareBisection;shinbrotDiscontinuityAwareBisection;shinbrotDiscontinuityAwareBisection;shinbrotDiscontinuityAwareBisection,0.08671875;0.0375;-0.0375;-0.000216674804687;-0.009375;-0.0625;-0.0187805175781;-0.090234375;-0.078125;0.028125;-0.0640625;-0.035107421875;0.084375;-0.070703125;0.0171875;-0.0203125;0.026953125;0.059375;-0.021875;-0.084375;-0.0890625;0;-0.05;-0.08203125;-0.0254638671875;-0.0250366210938;-0.05;0.0625;0.084375;0.03359375;-0.01796875;-0.0390625;0.0999267578125;0.0943359375;0.0991653442383;0.088525390625;-0.07578125;-0.096875;-0.0171875;-0.06875;0;0.0625;0.0404174804688;-0.033740234375;-0.0170654296875,0.00395206938530279,13.7250479306147,19.2926081981486,26.921,0,,40.2938371,0
0.03,4,194004,sectionRetargetMode,shinbrotDiscontinuityAwareBisection,1,33,22.0696840449235,22092,0.08671875,-0.096484375,0.08671875;-0.07109375;0.0359375;0.001171875;-0.0125;0.075;-0.0251159667969;0.036328125;-0.0421875;-0.09921875;0.096875;-0.0251953125;-0.0125;0.06298828125;-0.08740234375;0.071484375;-0.0828918457031;0.1;0.0109375;-0.047265625;0.0234375;-0.034375;-0.050390625;0.078125;-0.038671875;-0.0859375;-0.01875;-0.021875;-0.090625;0.04375;-0.04375;0.025;-0.096484375,33,0,0;1;2;3;4;5;6;7;8;9;10;11;12;13;14;15;16;17;18;19;20;21;22;23;24;25;26;27;28;29;30;31;32,0;6.26632937167e-05;0.769746824495;2.28817902073;2.2883196311;3.06365314272;3.06382920928;3.06383423815;3.0640155871;3.06402033557;3.9769053061;3.97707917295;3.97725214329;7.69056711611;8.42381961085;8.42421075456;8.42433022841;8.42482831661;8.42522997938;8.42539302675;9.3081985245;9.30826919489;9.30834224682;12.8436280257;13.7151416889;13.715297484;15.9189143124;15.9190045739;15.9191752438;16.8627592513;16.8629341426;19.7908794683;21.3095772866,shinbrotDiscontinuityAwareBisection;shinbrotDiscontinuityAwareBisection;shinbrotDiscontinuityAwareBisection;shinbrotDiscontinuityAwareBisection;shinbrotDiscontinuityAwareBisection;shinbrotDiscontinuityAwareBisection;shinbrotDiscontinuityAwareBisection;shinbrotDiscontinuityAwareBisection;shinbrotDiscontinuityAwareBisection;shinbrotDiscontinuityAwareBisection;shinbrotDiscontinuityAwareBisection;shinbrotDiscontinuityAwareBisection;shinbrotDiscontinuityAwareBisection;shinbrotDiscontinuityAwareBisection;shinbrotDiscontinuityAwareBisection;shinbrotDiscontinuityAwareBisection;shinbrotDiscontinuityAwareBisection;shinbrotDiscontinuityAwareBisection;shinbrotDiscontinuityAwareBisection;shinbrotDiscontinuityAwareBisection;shinbrotDiscontinuityAwareBisection;shinbrotDiscontinuityAwareBisection;shinbrotDiscontinuityAwareBisection;shinbrotDiscontinuityAwareBisection;shinbrotDiscontinuityAwareBisection;shinbrotDiscontinuityAwareBisection;shinbrotDiscontinuityAwareBisection;shinbrotDiscontinuityAwareBisection;shinbrotDiscontinuityAwareBisection;shinbrotDiscontinuityAwareBisection;shinbrotDiscontinuityAwareBisection;shinbrotDiscontinuityAwareBisection;shinbrotDiscontinuityAwareBisection,0.08671875;-0.07109375;0.0359375;0.001171875;-0.0125;0.075;-0.0251159667969;0.036328125;-0.0421875;-0.09921875;0.096875;-0.0251953125;-0.0125;0.06298828125;-0.08740234375;0.071484375;-0.0828918457031;0.1;0.0109375;-0.047265625;0.0234375;-0.034375;-0.050390625;0.078125;-0.038671875;-0.0859375;-0.01875;-0.021875;-0.090625;0.04375;-0.04375;0.025;-0.096484375,0.00400271116984996,13.7249972888301,19.1678191502827,26.921,0,,25.6454957,0
0.03,5,194005,sectionRetargetMode,shinbrotDiscontinuityAwareBisection,0,NaN,NaN,74272,0.08671875,0.034375,0.08671875;-0.050390625;0.046875;0.0984375;-0.025;-0.0373046875;0.01103515625;0.06015625;-0.001171875;0.014453125;0.025;-0.00205078125;0.074658203125;-0.08125;-0.0015625;0.090625;0.0015625;-0.015625;-0.0375;0.01171875;-0.046875;-0.0171875;-0.0734375;-0.05859375;0.0457275390625;-0.0203125;0.0109375;-0.021875;0.08876953125;-0.0994873046875;0.02109375;-0.084375;-0.028125;-0.06103515625;-0.0015625;-0.0828125;-0.0484375;0.0296875;-0.06875;0.03125;0.025;0.008984375;0.0140625;0.0560546875;-3.87191772461e-05;-0.0828125;-0.0375;0.0546875;0.0203125;-0.078125;-0.085546875;0.086328125;0.00205078125;-0.00252685546875;-0.04375;0.01796875;-0.084375;-0.09609375;0.086181640625;-0.1;0.034375,61,0,0;1;2;3;4;5;6;7;8;9;10;11;12;13;14;15;16;17;18;19;20;21;22;23;24;25;26;27;28;29;30;31;32;33;34;35;36;37;38;39;40;41;42;43;44;45;46;47;48;49;50;51;52;53;54;55;56;57;58;59;60,0;1.43851719415e-05;0.849956816697;3.90431214949;3.90445355838;5.76233673588;5.76234183883;5.76245219283;5.76249355443;5.76263639521;10.7282023229;12.2505662333;12.25061944;13.0180918348;14.1349537469;27.1302001057;29.384441715;29.3844757089;29.3848106869;29.3850358436;29.3852642462;30.0875814189;30.8373459214;31.6736011702;33.9038148089;34.6615591048;36.2862759208;36.2862891064;37.2398919455;39.453523986;41.0334641067;42.6539547533;42.653965687;43.3778157661;44.5139713069;44.5141212723;44.514144502;56.2576333079;58.5252712304;60.0941130474;60.793518058;60.7936641994;60.7938889224;60.7941451459;60.7943671055;60.7944910743;60.7945732447;61.566188082;61.5663370712;61.5664752597;63.1522110413;63.831535157;64.4944145153;64.494637871;65.1563629398;66.1308840375;69.0739581375;69.074086332;70.6975442099;70.6975543262;74.234324107,shinbrotDiscontinuityAwareBisection;shinbrotDiscontinuityAwareBisection;shinbrotDiscontinuityAwareBisection;shinbrotDiscontinuityAwareBisection;shinbrotDiscontinuityAwareBisection;shinbrotDiscontinuityAwareBisection;shinbrotDiscontinuityAwareBisection;shinbrotDiscontinuityAwareBisection;shinbrotDiscontinuityAwareBisection;shinbrotDiscontinuityAwareBisection;shinbrotDiscontinuityAwareBisection;shinbrotDiscontinuityAwareBisection;shinbrotDiscontinuityAwareBisection;shinbrotDiscontinuityAwareBisection;shinbrotDiscontinuityAwareBisection;shinbrotDiscontinuityAwareBisection;shinbrotDiscontinuityAwareBisection;shinbrotDiscontinuityAwareBisection;shinbrotDiscontinuityAwareBisection;shinbrotDiscontinuityAwareBisection;shinbrotDiscontinuityAwareBisection;shinbrotDiscontinuityAwareBisection;shinbrotDiscontinuityAwareBisection;shinbrotDiscontinuityAwareBisection;shinbrotDiscontinuityAwareBisection;shinbrotDiscontinuityAwareBisection;shinbrotDiscontinuityAwareBisection;shinbrotDiscontinuityAwareBisection;shinbrotDiscontinuityAwareBisection;shinbrotDiscontinuityAwareBisection;shinbrotDiscontinuityAwareBisection;shinbrotDiscontinuityAwareBisection;shinbrotDiscontinuityAwareBisection;shinbrotDiscontinuityAwareBisection;shinbrotDiscontinuityAwareBisection;shinbrotDiscontinuityAwareBisection;shinbrotDiscontinuityAwareBisection;shinbrotDiscontinuityAwareBisection;shinbrotDiscontinuityAwareBisection;shinbrotDiscontinuityAwareBisection;shinbrotDiscontinuityAwareBisection;shinbrotDiscontinuityAwareBisection;shinbrotDiscontinuityAwareBisection;shinbrotDiscontinuityAwareBisection;shinbrotDiscontinuityAwareBisection;shinbrotDiscontinuityAwareBisection;shinbrotDiscontinuityAwareBisection;shinbrotDiscontinuityAwareBisection;shinbrotDiscontinuityAwareBisection;shinbrotDiscontinuityAwareBisection;shinbrotDiscontinuityAwareBisection;shinbrotDiscontinuityAwareBisection;shinbrotDiscontinuityAwareBisection;shinbrotDiscontinuityAwareBisection;shinbrotDiscontinuityAwareBisection;shinbrotDiscontinuityAwareBisection;shinbrotDiscontinuityAwareBisection;shinbrotDiscontinuityAwareBisection;shinbrotDiscontinuityAwareBisection;shinbrotDiscontinuityAwareBisection;shinbrotDiscontinuityAwareBisection,0.08671875;-0.050390625;0.046875;0.0984375;-0.025;-0.0373046875;0.01103515625;0.06015625;-0.001171875;0.014453125;0.025;-0.00205078125;0.074658203125;-0.08125;-0.0015625;0.090625;0.0015625;-0.015625;-0.0375;0.01171875;-0.046875;-0.0171875;-0.0734375;-0.05859375;0.0457275390625;-0.0203125;0.0109375;-0.021875;0.08876953125;-0.0994873046875;0.02109375;-0.084375;-0.028125;-0.06103515625;-0.0015625;-0.0828125;-0.0484375;0.0296875;-0.06875;0.03125;0.025;0.008984375;0.0140625;0.0560546875;-3.87191772461e-05;-0.0828125;-0.0375;0.0546875;0.0203125;-0.078125;-0.085546875;0.086328125;0.00205078125;-0.00252685546875;-0.04375;0.01796875;-0.084375;-0.09609375;0.086181640625;-0.1;0.034375,0.156278973871984,13.885278973872,20.4026695415927,26.921,0,,59.0948718,0
0.03,6,194006,sectionRetargetMode,shinbrotDiscontinuityAwareBisection,1,2,0.800096669775104,802,0.08671875,-0.0193359375,0.08671875;-0.0193359375,2,0,0;1,0;2.2627475142e-05,shinbrotDiscontinuityAwareBisection;shinbrotDiscontinuityAwareBisection,0.08671875;-0.0193359375,0.00518167012944737,13.7238183298706,20.3143755996686,26.921,0,,1.8241082,0
0.03,7,194007,sectionRetargetMode,shinbrotDiscontinuityAwareBisection,1,5,4.61516987335565,4618,0.08671875,0.0296875,0.08671875;-0.07578125;-0.0515625;-0.023828125;0.0296875,5,0,0;1;2;3;4,0;0.000321292843581;0.735129894377;2.41424481807;2.41434132893,shinbrotDiscontinuityAwareBisection;shinbrotDiscontinuityAwareBisection;shinbrotDiscontinuityAwareBisection;shinbrotDiscontinuityAwareBisection;shinbrotDiscontinuityAwareBisection,0.08671875;-0.07578125;-0.0515625;-0.023828125;0.0296875,0.00452650445445357,13.7335265044545,19.7630470129695,26.921,0,,3.0836979,0
0.03,8,194008,sectionRetargetMode,shinbrotDiscontinuityAwareBisection,0,NaN,NaN,62518,0.08671875,-0.02578125,0.08671875;0.0801132202148;0.080859375;0.071875;-0.015625;0.0046875;-0.042578125;0.1;0.071875;0.075;0.0375;-0.1;0.0591796875;0.098828125;-0.05703125;-0.0375;-0.0125;-0.1;0.0433837890625;0.09609375;-0.0403198242188;0.0171875;-0.04453125;0.07421875;0.031640625;0.1;0.0448852539063;-0.04921875;0.01171875;0.09765625;0.1;-0.01328125;-0.0015625;-0.075;-0.03125;-0.0671875;0.0921875;-0.0875;0.0171875;-0.091796875;-0.020703125;0;0.03671875;-0.0280517578125;0.0291015625;-0.003125;-0.03046875;0.0568359375;0.0995788574219;0.08310546875;0.077880859375;0.0046875;0;0.0125;0.1;-0.0921875;0.084375;-1.220703125e-05;-0.0921875;-0.0796875;-0.02578125,61,0,0;1;2;3;4;5;6;7;8;9;10;11;12;13;14;15;16;17;18;19;20;21;22;23;24;25;26;27;28;29;30;31;32;33;34;35;36;37;38;39;40;41;42;43;44;45;46;47;48;49;50;51;52;53;54;55;56;57;58;59;60,0;0.000176450986697;2.33051367876;2.33058410233;2.33068594102;3.30061389101;8.84935510228;10.4728150744;10.4730649797;11.072039456;11.0721898942;11.0722975461;11.7569320205;12.414164788;13.1006955674;13.8475010009;14.6060698451;15.5323706365;18.5148281941;19.407258053;19.4072582406;23.114417406;23.114433477;23.1144889085;23.114528258;23.1145424523;25.4810163591;27.6628259678;30.8904345505;30.8904365975;34.5155609373;34.5155865577;34.5156702918;34.5157209516;36.0366568518;36.0366740121;36.7795806467;36.7797665971;37.6123120063;39.8527692839;39.8528164752;39.8531818633;41.332530263;42.0874790427;42.0877286889;43.6369771922;45.0729474575;45.0732355216;45.0733329923;46.0775417191;46.0777068596;51.1875055931;51.1875529555;53.5533298321;58.5783486071;58.5784449387;58.5785196117;58.5787299559;60.9332956847;62.4784810348;62.4785210828,shinbrotDiscontinuityAwareBisection;shinbrotDiscontinuityAwareBisection;shinbrotDiscontinuityAwareBisection;shinbrotDiscontinuityAwareBisection;shinbrotDiscontinuityAwareBisection;shinbrotDiscontinuityAwareBisection;shinbrotDiscontinuityAwareBisection;shinbrotDiscontinuityAwareBisection;shinbrotDiscontinuityAwareBisection;shinbrotDiscontinuityAwareBisection;shinbrotDiscontinuityAwareBisection;shinbrotDiscontinuityAwareBisection;shinbrotDiscontinuityAwareBisection;shinbrotDiscontinuityAwareBisection;shinbrotDiscontinuityAwareBisection;shinbrotDiscontinuityAwareBisection;shinbrotDiscontinuityAwareBisection;shinbrotDiscontinuityAwareBisection;shinbrotDiscontinuityAwareBisection;shinbrotDiscontinuityAwareBisection;shinbrotDiscontinuityAwareBisection;shinbrotDiscontinuityAwareBisection;shinbrotDiscontinuityAwareBisection;shinbrotDiscontinuityAwareBisection;shinbrotDiscontinuityAwareBisection;shinbrotDiscontinuityAwareBisection;shinbrotDiscontinuityAwareBisection;shinbrotDiscontinuityAwareBisection;shinbrotDiscontinuityAwareBisection;shinbrotDiscontinuityAwareBisection;shinbrotDiscontinuityAwareBisection;shinbrotDiscontinuityAwareBisection;shinbrotDiscontinuityAwareBisection;shinbrotDiscontinuityAwareBisection;shinbrotDiscontinuityAwareBisection;shinbrotDiscontinuityAwareBisection;shinbrotDiscontinuityAwareBisection;shinbrotDiscontinuityAwareBisection;shinbrotDiscontinuityAwareBisection;shinbrotDiscontinuityAwareBisection;shinbrotDiscontinuityAwareBisection;shinbrotDiscontinuityAwareBisection;shinbrotDiscontinuityAwareBisection;shinbrotDiscontinuityAwareBisection;shinbrotDiscontinuityAwareBisection;shinbrotDiscontinuityAwareBisection;shinbrotDiscontinuityAwareBisection;shinbrotDiscontinuityAwareBisection;shinbrotDiscontinuityAwareBisection;shinbrotDiscontinuityAwareBisection;shinbrotDiscontinuityAwareBisection;shinbrotDiscontinuityAwareBisection;shinbrotDiscontinuityAwareBisection;shinbrotDiscontinuityAwareBisection;shinbrotDiscontinuityAwareBisection;shinbrotDiscontinuityAwareBisection;shinbrotDiscontinuityAwareBisection;shinbrotDiscontinuityAwareBisection;shinbrotDiscontinuityAwareBisection;shinbrotDiscontinuityAwareBisection;shinbrotDiscontinuityAwareBisection,0.08671875;0.0801132202148;0.080859375;0.071875;-0.015625;0.0046875;-0.042578125;0.1;0.071875;0.075;0.0375;-0.1;0.0591796875;0.098828125;-0.05703125;-0.0375;-0.0125;-0.1;0.0433837890625;0.09609375;-0.0403198242188;0.0171875;-0.04453125;0.07421875;0.031640625;0.1;0.0448852539063;-0.04921875;0.01171875;0.09765625;0.1;-0.01328125;-0.0015625;-0.075;-0.03125;-0.0671875;0.0921875;-0.0875;0.0171875;-0.091796875;-0.020703125;0;0.03671875;-0.0280517578125;0.0291015625;-0.003125;-0.03046875;0.0568359375;0.0995788574219;0.08310546875;0.077880859375;0.0046875;0;0.0125;0.1;-0.0921875;0.084375;-1.220703125e-05;-0.0921875;-0.0796875;-0.02578125,0.580095788754269,14.3090957887543,20.7788955454558,26.921,0,,56.5571947,0
0.03,9,194009,sectionRetargetMode,shinbrotDiscontinuityAwareBisection,0,NaN,NaN,53221,0.08671875,-0.1,0.08671875;0.0578125;0.025;-0.0129150390625;0.003125;-0.001171875;0;0.0916870117188;0.0171875;-0.0125;-0.0046875;-0.08046875;-0.03203125;-0.034375;-0.0265625;0.0265625;-0.0921875;-0.05625;0.093359375;0.06123046875;-0.075;0.0875;-0.0296875;-0.078125;0.071875;0;0.0933349609375;-0.0390625;-0.0015625;-0.05078125;0;0.1;0.0672058105469;-0.000390625;0.019921875;-0.05;-0.075;-0.05078125;-0.059375;-0.0875;-0.03046875;0;-0.1;-0.008154296875;-0.07265625;-0.084765625;0.0296875;0.04765625;-0.025;0.0734375;-9.765625e-05;-0.0125;0.0625;0.0828125;-0.0046875;0.04375;-0.046875;-0.0078125;-0.09921875;0;-0.1,61,0,0;1;2;3;4;5;6;7;8;9;10;11;12;13;14;15;16;17;18;19;20;21;22;23;24;25;26;27;28;29;30;31;32;33;34;35;36;37;38;39;40;41;42;43;44;45;46;47;48;49;50;51;52;53;54;55;56;57;58;59;60,0;0.787490669034;0.787586278808;2.35251640404;2.35278033699;3.91541356676;4.78503666374;6.98100102357;6.98100476497;7.75798277296;9.29459966462;10.8483736448;11.4947441033;12.8569284586;12.8571346129;12.8575752512;12.8576919035;13.576040736;14.3048587976;15.8934311555;15.8934516035;16.6576693012;16.6577445313;16.6578966831;17.5538057252;20.5632056015;22.1087837763;23.8643428655;23.8643631373;29.9726221491;33.5538133848;33.5540059312;34.3915419876;34.3915705499;36.7880663297;40.3643012091;40.3643699682;40.3644928764;40.3645437541;40.3646123686;41.9241455779;42.6445569664;42.6446473459;43.3943214102;44.9258843874;45.6214963022;46.3753916677;48.0169090162;48.0175245474;48.0179745594;48.0182171993;48.0183008059;48.0186536109;48.0187978097;48.7024935113;49.4166801462;49.416773479;50.2146846713;52.4791635224;53.1848168025;53.1850798651,shinbrotDiscontinuityAwareBisection;shinbrotDiscontinuityAwareBisection;shinbrotDiscontinuityAwareBisection;shinbrotDiscontinuityAwareBisection;shinbrotDiscontinuityAwareBisection;shinbrotDiscontinuityAwareBisection;shinbrotDiscontinuityAwareBisection;shinbrotDiscontinuityAwareBisection;shinbrotDiscontinuityAwareBisection;shinbrotDiscontinuityAwareBisection;shinbrotDiscontinuityAwareBisection;shinbrotDiscontinuityAwareBisection;shinbrotDiscontinuityAwareBisection;shinbrotDiscontinuityAwareBisection;shinbrotDiscontinuityAwareBisection;shinbrotDiscontinuityAwareBisection;shinbrotDiscontinuityAwareBisection;shinbrotDiscontinuityAwareBisection;shinbrotDiscontinuityAwareBisection;shinbrotDiscontinuityAwareBisection;shinbrotDiscontinuityAwareBisection;shinbrotDiscontinuityAwareBisection;shinbrotDiscontinuityAwareBisection;shinbrotDiscontinuityAwareBisection;shinbrotDiscontinuityAwareBisection;shinbrotDiscontinuityAwareBisection;shinbrotDiscontinuityAwareBisection;shinbrotDiscontinuityAwareBisection;shinbrotDiscontinuityAwareBisection;shinbrotDiscontinuityAwareBisection;shinbrotDiscontinuityAwareBisection;shinbrotDiscontinuityAwareBisection;shinbrotDiscontinuityAwareBisection;shinbrotDiscontinuityAwareBisection;shinbrotDiscontinuityAwareBisection;shinbrotDiscontinuityAwareBisection;shinbrotDiscontinuityAwareBisection;shinbrotDiscontinuityAwareBisection;shinbrotDiscontinuityAwareBisection;shinbrotDiscontinuityAwareBisection;shinbrotDiscontinuityAwareBisection;shinbrotDiscontinuityAwareBisection;shinbrotDiscontinuityAwareBisection;shinbrotDiscontinuityAwareBisection;shinbrotDiscontinuityAwareBisection;shinbrotDiscontinuityAwareBisection;shinbrotDiscontinuityAwareBisection;shinbrotDiscontinuityAwareBisection;shinbrotDiscontinuityAwareBisection;shinbrotDiscontinuityAwareBisection;shinbrotDiscontinuityAwareBisection;shinbrotDiscontinuityAwareBisection;shinbrotDiscontinuityAwareBisection;shinbrotDiscontinuityAwareBisection;shinbrotDiscontinuityAwareBisection;shinbrotDiscontinuityAwareBisection;shinbrotDiscontinuityAwareBisection;shinbrotDiscontinuityAwareBisection;shinbrotDiscontinuityAwareBisection;shinbrotDiscontinuityAwareBisection;shinbrotDiscontinuityAwareBisection,0.08671875;0.0578125;0.025;-0.0129150390625;0.003125;-0.001171875;0;0.0916870117188;0.0171875;-0.0125;-0.0046875;-0.08046875;-0.03203125;-0.034375;-0.0265625;0.0265625;-0.0921875;-0.05625;0.093359375;0.06123046875;-0.075;0.0875;-0.0296875;-0.078125;0.071875;0;0.0933349609375;-0.0390625;-0.0015625;-0.05078125;0;0.1;0.0672058105469;-0.000390625;0.019921875;-0.05;-0.075;-0.05078125;-0.059375;-0.0875;-0.03046875;0;-0.1;-0.008154296875;-0.07265625;-0.084765625;0.0296875;0.04765625;-0.025;0.0734375;-9.765625e-05;-0.0125;0.0625;0.0828125;-0.0046875;0.04375;-0.046875;-0.0078125;-0.09921875;0;-0.1,1.34114807310248,12.3878519268975,17.3262878595641,26.921,0,,37.9594454,0
0.03,10,194010,sectionRetargetMode,shinbrotDiscontinuityAwareBisection,0,NaN,NaN,41189,0.08671875,0.021875,0.08671875;-0.098876953125;-0.0258483886719;-0.08076171875;0.037109375;0.0557861328125;0.0987060546875;-0.1;-0.025;0.0359375;-0.075;-0.07421875;-0.0296875;0.03203125;-0.086328125;0.0875;0.076904296875;-0.071875;0.090234375;0.0848266601563;0.0961181640625;-0.021875;0.0375;0.059375;0.0609375;-0.0312622070313;-0.078125;-0.048828125;-0.025;-0.075732421875;-0.015234375;-0.058203125;-0.05859375;-0.0982421875;0.0396484375;-0.0921875;0.08115234375;0.084912109375;0.08212890625;-0.01875;0.078125;-0.0890625;-0.03515625;-0.0293212890625;-0.02734375;-0.05;0.0890625;0.044921875;0.09375;0.1;-0.001171875;0.1;0;0.1;0.09375;0.0625;-0.05;-0.0892578125;0.07734375;0.06875;0.021875,61,0,0;1;2;3;4;5;6;7;8;9;10;11;12;13;14;15;16;17;18;19;20;21;22;23;24;25;26;27;28;29;30;31;32;33;34;35;36;37;38;39;40;41;42;43;44;45;46;47;48;49;50;51;52;53;54;55;56;57;58;59;60,0;6.06692961224e-05;0.000282994160826;0.000362646909445;0.000531935551921;0.00105479077612;0.794109599356;1.61706021437;1.61707373253;1.6171901584;1.61734815403;3.13105507779;3.93670406846;3.9367685698;3.93678082353;5.45394624703;6.26734085704;9.33511482386;10.0573892244;10.8643255863;10.8643539208;10.8644417398;12.3907205934;14.6905757911;14.690725458;14.6911841221;14.6913314998;15.3927175421;15.3929221383;16.0685953793;16.0686137061;16.7476900382;16.7477650379;16.7478339416;16.7479161291;17.531208293;19.0588843682;19.0589250399;19.0590169097;19.059059308;22.0670209378;22.8745347578;25.1588335244;25.9030103772;27.4906066636;28.9918022709;29.748818648;29.7490252054;31.9899873843;31.9902253964;31.9904740328;31.9904920814;31.990514377;31.9908678342;32.8228115546;32.8230714006;35.0705448398;35.8577708167;36.7396838495;41.1486792336;41.1487718072,shinbrotDiscontinuityAwareBisection;shinbrotDiscontinuityAwareBisection;shinbrotDiscontinuityAwareBisection;shinbrotDiscontinuityAwareBisection;shinbrotDiscontinuityAwareBisection;shinbrotDiscontinuityAwareBisection;shinbrotDiscontinuityAwareBisection;shinbrotDiscontinuityAwareBisection;shinbrotDiscontinuityAwareBisection;shinbrotDiscontinuityAwareBisection;shinbrotDiscontinuityAwareBisection;shinbrotDiscontinuityAwareBisection;shinbrotDiscontinuityAwareBisection;shinbrotDiscontinuityAwareBisection;shinbrotDiscontinuityAwareBisection;shinbrotDiscontinuityAwareBisection;shinbrotDiscontinuityAwareBisection;shinbrotDiscontinuityAwareBisection;shinbrotDiscontinuityAwareBisection;shinbrotDiscontinuityAwareBisection;shinbrotDiscontinuityAwareBisection;shinbrotDiscontinuityAwareBisection;shinbrotDiscontinuityAwareBisection;shinbrotDiscontinuityAwareBisection;shinbrotDiscontinuityAwareBisection;shinbrotDiscontinuityAwareBisection;shinbrotDiscontinuityAwareBisection;shinbrotDiscontinuityAwareBisection;shinbrotDiscontinuityAwareBisection;shinbrotDiscontinuityAwareBisection;shinbrotDiscontinuityAwareBisection;shinbrotDiscontinuityAwareBisection;shinbrotDiscontinuityAwareBisection;shinbrotDiscontinuityAwareBisection;shinbrotDiscontinuityAwareBisection;shinbrotDiscontinuityAwareBisection;shinbrotDiscontinuityAwareBisection;shinbrotDiscontinuityAwareBisection;shinbrotDiscontinuityAwareBisection;shinbrotDiscontinuityAwareBisection;shinbrotDiscontinuityAwareBisection;shinbrotDiscontinuityAwareBisection;shinbrotDiscontinuityAwareBisection;shinbrotDiscontinuityAwareBisection;shinbrotDiscontinuityAwareBisection;shinbrotDiscontinuityAwareBisection;shinbrotDiscontinuityAwareBisection;shinbrotDiscontinuityAwareBisection;shinbrotDiscontinuityAwareBisection;shinbrotDiscontinuityAwareBisection;shinbrotDiscontinuityAwareBisection;shinbrotDiscontinuityAwareBisection;shinbrotDiscontinuityAwareBisection;shinbrotDiscontinuityAwareBisection;shinbrotDiscontinuityAwareBisection;shinbrotDiscontinuityAwareBisection;shinbrotDiscontinuityAwareBisection;shinbrotDiscontinuityAwareBisection;shinbrotDiscontinuityAwareBisection;shinbrotDiscontinuityAwareBisection;shinbrotDiscontinuityAwareBisection,0.08671875;-0.098876953125;-0.0258483886719;-0.08076171875;0.037109375;0.0557861328125;0.0987060546875;-0.1;-0.025;0.0359375;-0.075;-0.07421875;-0.0296875;0.03203125;-0.086328125;0.0875;0.076904296875;-0.071875;0.090234375;0.0848266601563;0.0961181640625;-0.021875;0.0375;0.059375;0.0609375;-0.0312622070313;-0.078125;-0.048828125;-0.025;-0.075732421875;-0.015234375;-0.058203125;-0.05859375;-0.0982421875;0.0396484375;-0.0921875;0.08115234375;0.084912109375;0.08212890625;-0.01875;0.078125;-0.0890625;-0.03515625;-0.0293212890625;-0.02734375;-0.05;0.0890625;0.044921875;0.09375;0.1;-0.001171875;0.1;0;0.1;0.09375;0.0625;-0.05;-0.0892578125;0.07734375;0.06875;0.021875,1.84541475752636,11.8835852424736,15.683398370947,26.921,0,,52.2338652,0
0.05,1,195001,sectionRetargetMode,shinbrotDiscontinuityAwareBisection,0,NaN,NaN,62579,0.08671875,-0.034375,0.08671875;-0.0296875;-0.08828125;-0.034375;0.04609375;0.09765625;-0.00625;0.0625;0.0015625;-0.065625;-0.004296875;0.05888671875;-0.08125;-0.1;0.0689453125;0.01640625;0.021875;-0.01328125;-0.0328125;-0.0890625;-0.00390625;0.0994384765625;0.03125;-0.04375;0.0998046875;-0.067431640625;0.090625;0.0862945556641;-0.09765625;0.0470703125;0.0390625;0.02109375;-0.076953125;0.00234375;-0.090625;0.0078125;0.090625;0.025;-0.025;0.062255859375;-0.00625;0.014453125;-0.03203125;-0.0875;0.03671875;0.0983032226563;0.09951171875;-0.01875;-0.01630859375;-0.01875;-0.07509765625;-0.0314453125;-0.05703125;-0.0297090530396;0.028515625;-0.077734375;-0.075;0.01328125;0.040625;-0.046875;-0.034375,61,0,0;1;2;3;4;5;6;7;8;9;10;11;12;13;14;15;16;17;18;19;20;21;22;23;24;25;26;27;28;29;30;31;32;33;34;35;36;37;38;39;40;41;42;43;44;45;46;47;48;49;50;51;52;53;54;55;56;57;58;59;60,0;0.000454782217314;0.00107136427887;1.81593664366;1.81608623542;1.8162759423;11.057978333;11.9521343986;14.8820557015;14.882093259;14.8821260361;17.0229843511;19.1951089908;20.5856426657;20.5857415721;21.214912214;21.8789011836;22.6200037679;23.488372293;23.488415777;23.4887162343;26.428705216;26.4287330958;26.4288076292;28.867775682;28.8677889933;31.9472050311;32.7117514488;32.7118147132;34.216200301;34.9080695523;34.9083830607;36.8758013899;42.8175692597;42.8182938123;42.8183062987;42.8184362315;44.3433985544;44.3439819217;46.1637293437;46.1646773586;46.8174293363;47.4363760873;47.4366311525;48.088899831;48.7748768174;49.5654065139;50.5968092175;50.5968746262;50.5969601296;53.4926261298;53.492927005;53.4929295039;54.2330888937;55.7347215586;56.496616041;56.4970290237;58.9985374968;58.9988634449;62.5451081552;62.5451737643,shinbrotDiscontinuityAwareBisection;shinbrotDiscontinuityAwareBisection;shinbrotDiscontinuityAwareBisection;shinbrotDiscontinuityAwareBisection;shinbrotDiscontinuityAwareBisection;shinbrotDiscontinuityAwareBisection;shinbrotDiscontinuityAwareBisection;shinbrotDiscontinuityAwareBisection;shinbrotDiscontinuityAwareBisection;shinbrotDiscontinuityAwareBisection;shinbrotDiscontinuityAwareBisection;shinbrotDiscontinuityAwareBisection;shinbrotDiscontinuityAwareBisection;shinbrotDiscontinuityAwareBisection;shinbrotDiscontinuityAwareBisection;shinbrotDiscontinuityAwareBisection;shinbrotDiscontinuityAwareBisection;shinbrotDiscontinuityAwareBisection;shinbrotDiscontinuityAwareBisection;shinbrotDiscontinuityAwareBisection;shinbrotDiscontinuityAwareBisection;shinbrotDiscontinuityAwareBisection;shinbrotDiscontinuityAwareBisection;shinbrotDiscontinuityAwareBisection;shinbrotDiscontinuityAwareBisection;shinbrotDiscontinuityAwareBisection;shinbrotDiscontinuityAwareBisection;shinbrotDiscontinuityAwareBisection;shinbrotDiscontinuityAwareBisection;shinbrotDiscontinuityAwareBisection;shinbrotDiscontinuityAwareBisection;shinbrotDiscontinuityAwareBisection;shinbrotDiscontinuityAwareBisection;shinbrotDiscontinuityAwareBisection;shinbrotDiscontinuityAwareBisection;shinbrotDiscontinuityAwareBisection;shinbrotDiscontinuityAwareBisection;shinbrotDiscontinuityAwareBisection;shinbrotDiscontinuityAwareBisection;shinbrotDiscontinuityAwareBisection;shinbrotDiscontinuityAwareBisection;shinbrotDiscontinuityAwareBisection;shinbrotDiscontinuityAwareBisection;shinbrotDiscontinuityAwareBisection;shinbrotDiscontinuityAwareBisection;shinbrotDiscontinuityAwareBisection;shinbrotDiscontinuityAwareBisection;shinbrotDiscontinuityAwareBisection;shinbrotDiscontinuityAwareBisection;shinbrotDiscontinuityAwareBisection;shinbrotDiscontinuityAwareBisection;shinbrotDiscontinuityAwareBisection;shinbrotDiscontinuityAwareBisection;shinbrotDiscontinuityAwareBisection;shinbrotDiscontinuityAwareBisection;shinbrotDiscontinuityAwareBisection;shinbrotDiscontinuityAwareBisection;shinbrotDiscontinuityAwareBisection;shinbrotDiscontinuityAwareBisection;shinbrotDiscontinuityAwareBisection;shinbrotDiscontinuityAwareBisection,0.08671875;-0.0296875;-0.08828125;-0.034375;0.04609375;0.09765625;-0.00625;0.0625;0.0015625;-0.065625;-0.004296875;0.05888671875;-0.08125;-0.1;0.0689453125;0.01640625;0.021875;-0.01328125;-0.0328125;-0.0890625;-0.00390625;0.0994384765625;0.03125;-0.04375;0.0998046875;-0.067431640625;0.090625;0.0862945556641;-0.09765625;0.0470703125;0.0390625;0.02109375;-0.076953125;0.00234375;-0.090625;0.0078125;0.090625;0.025;-0.025;0.062255859375;-0.00625;0.014453125;-0.03203125;-0.0875;0.03671875;0.0983032226563;0.09951171875;-0.01875;-0.01630859375;-0.01875;-0.07509765625;-0.0314453125;-0.05703125;-0.0297090530396;0.028515625;-0.077734375;-0.075;0.01328125;0.040625;-0.046875;-0.034375,0.313592345073925,14.0425923450739,19.7531299020485,26.921,0,,58.8931613,0
0.05,2,195002,sectionRetargetMode,shinbrotDiscontinuityAwareBisection,0,NaN,NaN,41749,0.08671875,0.0673095703125,0.08671875;0.0119140625;0.0810791015625;0.0222595214844;-0.073828125;0.0484375;0.1;0.0601013183594;0.06953125;0.0796875;-0.0015625;-0.00244140625;-0.0125;-0.0671875;-0.075;0.01875;0;0.0875;-0.0625;0.0703125;-0.0875;0.087451171875;-0.025;0.05859375;-0.05;0;0.0990234375;-0.02734375;-0.09365234375;0.063671875;-0.0258666992188;-0.013134765625;-0.087109375;0.084375;-0.009375;0.08125;-0.0697265625;-0.065625;0.1;0.0890625;-0.028515625;-0.0484375;0;-0.00078125;0.0671875;0.025;-0.025;0.1;0.0546875;-0.021875;-0.031640625;-0.053125;-0.0976928710937;0.05;-0.09814453125;-0.0125;0.09130859375;0.028955078125;-0.02568359375;0.0673095703125,61,1,0;1;2;3;4;5;6;7;8;9;10;11;12;13;14;15;16;17;18;19;20;21;22;23;24;25;26;27;28;29;30;31;32;33;34;35;36;37;38;39;40;41;42;43;44;45;46;47;48;49;50;51;52;53;54;55;56;57;58;59;60,0;0.000434949685918;0.000612842023446;0.000824009088054;0.000836903342133;0.910471490132;4.01148942343;4.69131731092;4.69138470437;4.69143714117;4.69190351557;5.32947462886;6.00236908921;6.75416962437;7.5882760019;7.58831174653;10.0368908387;12.96666521;12.9670897224;12.9679581169;12.9680039142;13.6509150156;14.2575249713;17.3901067282;17.9579941166;18.5630722474;18.5636950674;19.203127957;19.9008242714;20.5843537048;20.5843879242;21.2742420433;21.2742636051;22.8656916691;23.4989848337;24.139307777;24.7726048176;24.7726400705;26.2817951197;26.9267052992;27.6282172891;28.4141205426;28.4144216248;28.4146074314;30.7044404484;30.7048498527;31.3446814672;32.0281999264;32.0286628874;32.6747383876;34.1232508168;34.1236723812;34.8613119993;34.861966777;35.654725715;38.7936363479;38.7939671963;41.0524736681;41.0529090209;41.0532038636;41.7171879984,shinbrotDiscontinuityAwareBisection;shinbrotDiscontinuityAwareBisection;shinbrotDiscontinuityAwareBisection;shinbrotDiscontinuityAwareBisection;shinbrotDiscontinuityAwareBisection;shinbrotDiscontinuityAwareBisection;shinbrotDiscontinuityAwareBisection;shinbrotDiscontinuityAwareBisection;shinbrotDiscontinuityAwareBisection;shinbrotDiscontinuityAwareBisection;shinbrotDiscontinuityAwareBisection;shinbrotDiscontinuityAwareBisection;shinbrotDiscontinuityAwareBisection;shinbrotDiscontinuityAwareBisection;shinbrotDiscontinuityAwareBisection;shinbrotDiscontinuityAwareBisection;shinbrotDiscontinuityAwareBisection;shinbrotDiscontinuityAwareBisection;shinbrotDiscontinuityAwareBisection;shinbrotDiscontinuityAwareBisection;shinbrotDiscontinuityAwareBisection;shinbrotDiscontinuityAwareBisection;shinbrotDiscontinuityAwareBisection;shinbrotDiscontinuityAwareBisection;shinbrotDiscontinuityAwareBisection;shinbrotDiscontinuityAwareBisection;shinbrotDiscontinuityAwareBisection;shinbrotDiscontinuityAwareBisection;shinbrotDiscontinuityAwareBisection;shinbrotDiscontinuityAwareBisection;shinbrotDiscontinuityAwareBisection;shinbrotDiscontinuityAwareBisection;shinbrotDiscontinuityAwareBisection;shinbrotDiscontinuityAwareBisection;shinbrotDiscontinuityAwareBisection;shinbrotDiscontinuityAwareBisection;shinbrotDiscontinuityAwareBisection;shinbrotDiscontinuityAwareBisection;shinbrotDiscontinuityAwareBisection;shinbrotDiscontinuityAwareBisection;shinbrotDiscontinuityAwareBisection;shinbrotDiscontinuityAwareBisection;shinbrotDiscontinuityAwareBisection;shinbrotDiscontinuityAwareBisection;shinbrotDiscontinuityAwareBisection;shinbrotDiscontinuityAwareBisection;shinbrotDiscontinuityAwareBisection;shinbrotDiscontinuityAwareBisection;shinbrotDiscontinuityAwareBisection;shinbrotDiscontinuityAwareBisection;shinbrotDiscontinuityAwareBisection;shinbrotDiscontinuityAwareBisection;shinbrotDiscontinuityAwareBisection;shinbrotDiscontinuityAwareBisection;shinbrotDiscontinuityAwareBisection;shinbrotDiscontinuityAwareBisection;shinbrotDiscontinuityAwareBisection;shinbrotDiscontinuityAwareBisection;shinbrotDiscontinuityAwareBisection;shinbrotDiscontinuityAwareBisection;shinbrotDiscontinuityAwareBisection,0.08671875;0.0119140625;0.0810791015625;0.0222595214844;-0.073828125;0.0484375;0.1;0.0601013183594;0.06953125;0.0796875;-0.0015625;-0.00244140625;-0.0125;-0.0671875;-0.075;0.01875;0;0.0875;-0.0625;0.0703125;-0.0875;0.087451171875;-0.025;NaN;0.05859375;-0.05;0;0.0990234375;-0.02734375;-0.09365234375;0.063671875;-0.0258666992188;-0.013134765625;-0.087109375;0.084375;-0.009375;0.08125;-0.0697265625;-0.065625;0.1;0.0890625;-0.028515625;-0.0484375;0;-0.00078125;0.0671875;0.025;-0.025;0.1;0.0546875;-0.021875;-0.031640625;-0.053125;-0.0976928710937;0.05;-0.09814453125;-0.0125;0.09130859375;0.028955078125;-0.02568359375;0.0673095703125,1.32036579541637,12.4086342045836,16.0604619001628,26.921,0,,57.0211457,0
0.05,3,195003,sectionRetargetMode,shinbrotDiscontinuityAwareBisection,1,25,46.5203958197073,46532,0.08671875,-0.075,0.08671875;0.019921875;-0.0025390625;-0.01875;-0.0484375;-0.076171875;-0.084765625;0.04375;-0.05;-0.1;-0.09375;-0.03125;0.0291015625;0.0904296875;0.02451171875;-0.0328125;0.009375;-0.04375;0.08125;0.0226928710938;-0.1;-0.015625;-0.0546875;-0.06953125;-0.075,25,0,0;1;2;3;4;5;6;7;8;9;10;11;12;13;14;15;16;17;18;19;20;21;22;23;24,0;0.000261039249421;0.965496465535;20.3741096777;21.9038483827;23.3896495537;23.390043786;27.245795671;27.2463486568;27.8802374804;28.5481176156;29.2390220613;29.2393416107;29.2399482567;29.9028831277;31.2738343411;32.1178878577;34.285268811;34.9899707833;36.0757861665;43.433368237;43.4334705567;43.4334975469;43.4336617505;44.2988283222,shinbrotDiscontinuityAwareBisection;shinbrotDiscontinuityAwareBisection;shinbrotDiscontinuityAwareBisection;shinbrotDiscontinuityAwareBisection;shinbrotDiscontinuityAwareBisection;shinbrotDiscontinuityAwareBisection;shinbrotDiscontinuityAwareBisection;shinbrotDiscontinuityAwareBisection;shinbrotDiscontinuityAwareBisection;shinbrotDiscontinuityAwareBisection;shinbrotDiscontinuityAwareBisection;shinbrotDiscontinuityAwareBisection;shinbrotDiscontinuityAwareBisection;shinbrotDiscontinuityAwareBisection;shinbrotDiscontinuityAwareBisection;shinbrotDiscontinuityAwareBisection;shinbrotDiscontinuityAwareBisection;shinbrotDiscontinuityAwareBisection;shinbrotDiscontinuityAwareBisection;shinbrotDiscontinuityAwareBisection;shinbrotDiscontinuityAwareBisection;shinbrotDiscontinuityAwareBisection;shinbrotDiscontinuityAwareBisection;shinbrotDiscontinuityAwareBisection;shinbrotDiscontinuityAwareBisection,0.08671875;0.019921875;-0.0025390625;-0.01875;-0.0484375;-0.076171875;-0.084765625;0.04375;-0.05;-0.1;-0.09375;-0.03125;0.0291015625;0.0904296875;0.02451171875;-0.0328125;0.009375;-0.04375;0.08125;0.0226928710938;-0.1;-0.015625;-0.0546875;-0.06953125;-0.075,0.00246630541378856,13.7265336945862,20.0132917136354,26.921,0,,20.2369586,0
0.05,4,195004,sectionRetargetMode,shinbrotDiscontinuityAwareBisection,0,NaN,NaN,46752,0.08671875,0.0375,0.08671875;0.06796875;-0.015625;-0.00625;-0.0078125;-0.0875;0.08828125;0.043359375;0.08671875;0.064990234375;-0.0263671875;0.0125;-0.06328125;0.0359375;-0.09375;0.067578125;-0.0552734375;0.0470703125;0.0125;0.00625;-0.00625;0;0.046875;0.047705078125;-0.075;0.06875;-0.021875;0.0125;-0.008984375;0.087109375;0.0265625;-0.00078125;0.07080078125;0.02734375;-0.07734375;-0.09375;-0.05859375;-0.04765625;-0.0375;-0.0109375;0.09609375;0.06015625;0.0203125;0.00625;0.01875;0.025;0.093359375;-0.028125;-0.0359375;-0.059375;-0.0734375;0.0685546875;0.09970703125;0.04951171875;-0.096875;-0.0978515625;-0.041796875;-0.0703125;0.0125;0.065625;0.0375,61,0,0;1;2;3;4;5;6;7;8;9;10;11;12;13;14;15;16;17;18;19;20;21;22;23;24;25;26;27;28;29;30;31;32;33;34;35;36;37;38;39;40;41;42;43;44;45;46;47;48;49;50;51;52;53;54;55;56;57;58;59;60,0;0.000387023115045;0.751803448285;4.57362142672;5.4347668781;5.43489013844;5.43490524405;5.43490993178;5.43513032687;6.9923423719;7.68077637796;8.34747057821;9.19614327508;9.19635693569;9.19646804388;10.8283809484;13.08986695;13.0903033088;13.0906448628;13.0908590695;13.0908631216;13.0910338978;14.0895073563;16.2306458616;16.2310046099;17.7268699171;18.4611431944;18.4619930891;19.2239661718;20.0228861915;21.5103222463;22.3081403414;25.957555649;25.9578366369;25.9583064895;25.9591107443;25.9593465164;25.9594182791;25.9598300076;28.2326341375;28.2328827635;28.2330545748;28.9527692881;29.8656341664;32.1474849503;34.4249834005;34.4250087783;34.4250581927;36.8570251641;36.8570819196;38.3715243265;40.5406391048;40.5410743789;40.5414684575;40.5419886726;41.5722531917;41.5723385357;45.8211916994;46.7168449473;46.7169977717;46.7173128114,shinbrotDiscontinuityAwareBisection;shinbrotDiscontinuityAwareBisection;shinbrotDiscontinuityAwareBisection;shinbrotDiscontinuityAwareBisection;shinbrotDiscontinuityAwareBisection;shinbrotDiscontinuityAwareBisection;shinbrotDiscontinuityAwareBisection;shinbrotDiscontinuityAwareBisection;shinbrotDiscontinuityAwareBisection;shinbrotDiscontinuityAwareBisection;shinbrotDiscontinuityAwareBisection;shinbrotDiscontinuityAwareBisection;shinbrotDiscontinuityAwareBisection;shinbrotDiscontinuityAwareBisection;shinbrotDiscontinuityAwareBisection;shinbrotDiscontinuityAwareBisection;shinbrotDiscontinuityAwareBisection;shinbrotDiscontinuityAwareBisection;shinbrotDiscontinuityAwareBisection;shinbrotDiscontinuityAwareBisection;shinbrotDiscontinuityAwareBisection;shinbrotDiscontinuityAwareBisection;shinbrotDiscontinuityAwareBisection;shinbrotDiscontinuityAwareBisection;shinbrotDiscontinuityAwareBisection;shinbrotDiscontinuityAwareBisection;shinbrotDiscontinuityAwareBisection;shinbrotDiscontinuityAwareBisection;shinbrotDiscontinuityAwareBisection;shinbrotDiscontinuityAwareBisection;shinbrotDiscontinuityAwareBisection;shinbrotDiscontinuityAwareBisection;shinbrotDiscontinuityAwareBisection;shinbrotDiscontinuityAwareBisection;shinbrotDiscontinuityAwareBisection;shinbrotDiscontinuityAwareBisection;shinbrotDiscontinuityAwareBisection;shinbrotDiscontinuityAwareBisection;shinbrotDiscontinuityAwareBisection;shinbrotDiscontinuityAwareBisection;shinbrotDiscontinuityAwareBisection;shinbrotDiscontinuityAwareBisection;shinbrotDiscontinuityAwareBisection;shinbrotDiscontinuityAwareBisection;shinbrotDiscontinuityAwareBisection;shinbrotDiscontinuityAwareBisection;shinbrotDiscontinuityAwareBisection;shinbrotDiscontinuityAwareBisection;shinbrotDiscontinuityAwareBisection;shinbrotDiscontinuityAwareBisection;shinbrotDiscontinuityAwareBisection;shinbrotDiscontinuityAwareBisection;shinbrotDiscontinuityAwareBisection;shinbrotDiscontinuityAwareBisection;shinbrotDiscontinuityAwareBisection;shinbrotDiscontinuityAwareBisection;shinbrotDiscontinuityAwareBisection;shinbrotDiscontinuityAwareBisection;shinbrotDiscontinuityAwareBisection;shinbrotDiscontinuityAwareBisection;shinbrotDiscontinuityAwareBisection,0.08671875;0.06796875;-0.015625;-0.00625;-0.0078125;-0.0875;0.08828125;0.043359375;0.08671875;0.064990234375;-0.0263671875;0.0125;-0.06328125;0.0359375;-0.09375;0.067578125;-0.0552734375;0.0470703125;0.0125;0.00625;-0.00625;0;0.046875;0.047705078125;-0.075;0.06875;-0.021875;0.0125;-0.008984375;0.087109375;0.0265625;-0.00078125;0.07080078125;0.02734375;-0.07734375;-0.09375;-0.05859375;-0.04765625;-0.0375;-0.0109375;0.09609375;0.06015625;0.0203125;0.00625;0.01875;0.025;0.093359375;-0.028125;-0.0359375;-0.059375;-0.0734375;0.0685546875;0.09970703125;0.04951171875;-0.096875;-0.0978515625;-0.041796875;-0.0703125;0.0125;0.065625;0.0375,1.37738769227952,15.1063876922795,23.1058532271637,26.921,0,,40.4049899,0
0.05,5,195005,sectionRetargetMode,shinbrotDiscontinuityAwareBisection,0,NaN,NaN,66143,0.08671875,-0.003125,0.08671875;-0.085546875;0.1;-0.06015625;-0.0359375;-0.037109375;-0.025;0.01484375;-0.0203125;0;0.1;0.09921875;0.0875;0.078125;0.00625;-0.053125;0.07763671875;-0.053125;-0.071484375;0.0680908203125;0.09873046875;0.0680328369141;-0.0125;-0.058203125;0.05;-0.055859375;0.0625;0.034375;-0.0265625;0.0109375;-0.03984375;0.077734375;-0.024609375;0.096875;-0.00078125;0.08720703125;-0.01875;-0.05625;-0.006640625;-0.05;-0.08515625;-0.0140625;0.076171875;0.1;0.05;0.05625;0.0283203125;0.046875;0.044921875;0.1;-0.0296875;0.0609375;0.028125;-0.0132568359375;-0.00703125;-0.084375;-0.08515625;-0.02734375;-0.0015625;0.07333984375;-0.003125,61,0,0;1;2;3;4;5;6;7;8;9;10;11;12;13;14;15;16;17;18;19;20;21;22;23;24;25;26;27;28;29;30;31;32;33;34;35;36;37;38;39;40;41;42;43;44;45;46;47;48;49;50;51;52;53;54;55;56;57;58;59;60,0;3.06447944374e-05;0.767010842294;2.29183832496;2.29229837715;2.29242041384;3.80856955927;3.80877305393;4.70318697152;4.70329544034;8.94426701312;10.5022374956;12.0927470996;12.0927741046;12.0927938589;15.9326477534;16.5769201695;16.5769889849;17.2127208027;17.2134467568;17.2135772116;17.2136748239;17.8701102827;18.5014401387;18.5019797337;20.0068099973;21.6511261312;28.0291656022;30.985589234;30.9857182227;32.4643626895;32.4646700418;34.7398577458;34.7401451061;34.7403185816;34.7412470661;36.7483621304;36.7487947127;37.5304297828;37.5305879373;39.0741385327;39.0744503113;40.3102837461;49.3640710185;50.8804427845;50.8811669223;50.8812111843;51.7532429599;51.7534255718;51.7535158752;51.7540231597;51.7542485556;55.3858129208;56.9493607053;59.3795670252;63.7062028385;63.7063812241;63.7063909066;65.3023776234;66.1071603605;66.1072966844,shinbrotDiscontinuityAwareBisection;shinbrotDiscontinuityAwareBisection;shinbrotDiscontinuityAwareBisection;shinbrotDiscontinuityAwareBisection;shinbrotDiscontinuityAwareBisection;shinbrotDiscontinuityAwareBisection;shinbrotDiscontinuityAwareBisection;shinbrotDiscontinuityAwareBisection;shinbrotDiscontinuityAwareBisection;shinbrotDiscontinuityAwareBisection;shinbrotDiscontinuityAwareBisection;shinbrotDiscontinuityAwareBisection;shinbrotDiscontinuityAwareBisection;shinbrotDiscontinuityAwareBisection;shinbrotDiscontinuityAwareBisection;shinbrotDiscontinuityAwareBisection;shinbrotDiscontinuityAwareBisection;shinbrotDiscontinuityAwareBisection;shinbrotDiscontinuityAwareBisection;shinbrotDiscontinuityAwareBisection;shinbrotDiscontinuityAwareBisection;shinbrotDiscontinuityAwareBisection;shinbrotDiscontinuityAwareBisection;shinbrotDiscontinuityAwareBisection;shinbrotDiscontinuityAwareBisection;shinbrotDiscontinuityAwareBisection;shinbrotDiscontinuityAwareBisection;shinbrotDiscontinuityAwareBisection;shinbrotDiscontinuityAwareBisection;shinbrotDiscontinuityAwareBisection;shinbrotDiscontinuityAwareBisection;shinbrotDiscontinuityAwareBisection;shinbrotDiscontinuityAwareBisection;shinbrotDiscontinuityAwareBisection;shinbrotDiscontinuityAwareBisection;shinbrotDiscontinuityAwareBisection;shinbrotDiscontinuityAwareBisection;shinbrotDiscontinuityAwareBisection;shinbrotDiscontinuityAwareBisection;shinbrotDiscontinuityAwareBisection;shinbrotDiscontinuityAwareBisection;shinbrotDiscontinuityAwareBisection;shinbrotDiscontinuityAwareBisection;shinbrotDiscontinuityAwareBisection;shinbrotDiscontinuityAwareBisection;shinbrotDiscontinuityAwareBisection;shinbrotDiscontinuityAwareBisection;shinbrotDiscontinuityAwareBisection;shinbrotDiscontinuityAwareBisection;shinbrotDiscontinuityAwareBisection;shinbrotDiscontinuityAwareBisection;shinbrotDiscontinuityAwareBisection;shinbrotDiscontinuityAwareBisection;shinbrotDiscontinuityAwareBisection;shinbrotDiscontinuityAwareBisection;shinbrotDiscontinuityAwareBisection;shinbrotDiscontinuityAwareBisection;shinbrotDiscontinuityAwareBisection;shinbrotDiscontinuityAwareBisection;shinbrotDiscontinuityAwareBisection;shinbrotDiscontinuityAwareBisection,0.08671875;-0.085546875;0.1;-0.06015625;-0.0359375;-0.037109375;-0.025;0.01484375;-0.0203125;0;0.1;0.09921875;0.0875;0.078125;0.00625;-0.053125;0.07763671875;-0.053125;-0.071484375;0.0680908203125;0.09873046875;0.0680328369141;-0.0125;-0.058203125;0.05;-0.055859375;0.0625;0.034375;-0.0265625;0.0109375;-0.03984375;0.077734375;-0.024609375;0.096875;-0.00078125;0.08720703125;-0.01875;-0.05625;-0.006640625;-0.05;-0.08515625;-0.0140625;0.076171875;0.1;0.05;0.05625;0.0283203125;0.046875;0.044921875;0.1;-0.0296875;0.0609375;0.028125;-0.0132568359375;-0.00703125;-0.084375;-0.08515625;-0.02734375;-0.0015625;0.07333984375;-0.003125,0.218413751471518,13.9474137514715,20.4697975010281,26.921,0,,43.3876499,0
0.05,6,195006,sectionRetargetMode,shinbrotDiscontinuityAwareBisection,0,NaN,NaN,40592,0.08671875,-0.0046875,0.08671875;-0.0515625;0.0015625;-0.034375;0.0947265625;-0.040625;0.036328125;0.0498291015625;-0.0734375;0.049755859375;0.0466186523437;-0.0515625;-0.084375;0.0482421875;-0.05;-0.0703125;-0.09375;-0.01953125;-0.0234375;-0.096875;-0.07421875;-0.03515625;-0.00625;0.0875;-0.0125;-0.0875;0.0998046875;0.08046875;0.054296875;0.0142578125;-0.078125;-0.0234375;0.084375;0.025;0.04375;-0.06640625;0.05859375;0.025390625;0.1;0.0828125;0.0296875;-0.071875;0.00390625;0.04296875;-0.076171875;0.0265625;0.03125;0.00771484375;0.1;-0.0265625;0.02314453125;-0.09365234375;0.05;-0.0453125;-0.01875;-0.003125;0.07939453125;0.0275390625;0.07431640625;0.05;-0.0046875,61,0,0;1;2;3;4;5;6;7;8;9;10;11;12;13;14;15;16;17;18;19;20;21;22;23;24;25;26;27;28;29;30;31;32;33;34;35;36;37;38;39;40;41;42;43;44;45;46;47;48;49;50;51;52;53;54;55;56;57;58;59;60,0;0.000195125167382;0.707951517104;0.708229458248;1.51393070344;2.92006146194;3.66758442583;3.66772220443;5.36797268516;5.36812957416;5.3682795891;7.52956657656;7.52970632461;7.53008988495;7.5304837344;8.2450531251;9.05266475552;9.05268740567;11.9372651743;11.9374924178;15.6554141554;16.3661457165;16.3661871769;16.3664751224;17.2408616922;20.1280088396;20.1284132737;20.1288117554;20.949352155;23.2984761725;23.9573606592;24.5975252855;25.2398498985;25.857715834;26.4949513686;26.4970595474;26.4971149023;26.497465481;27.1467182358;27.7715259831;28.4782034394;28.4786867787;28.4787952174;29.1253757132;29.7618832367;31.0838181334;31.0844195706;31.762963045;32.4716197217;33.1643131901;34.4849693088;34.4850136418;35.8848610758;36.7275837712;36.7276053361;38.181540125;38.9561244327;38.956224271;40.5564980072;40.5567890379;40.556994411,shinbrotDiscontinuityAwareBisection;shinbrotDiscontinuityAwareBisection;shinbrotDiscontinuityAwareBisection;shinbrotDiscontinuityAwareBisection;shinbrotDiscontinuityAwareBisection;shinbrotDiscontinuityAwareBisection;shinbrotDiscontinuityAwareBisection;shinbrotDiscontinuityAwareBisection;shinbrotDiscontinuityAwareBisection;shinbrotDiscontinuityAwareBisection;shinbrotDiscontinuityAwareBisection;shinbrotDiscontinuityAwareBisection;shinbrotDiscontinuityAwareBisection;shinbrotDiscontinuityAwareBisection;shinbrotDiscontinuityAwareBisection;shinbrotDiscontinuityAwareBisection;shinbrotDiscontinuityAwareBisection;shinbrotDiscontinuityAwareBisection;shinbrotDiscontinuityAwareBisection;shinbrotDiscontinuityAwareBisection;shinbrotDiscontinuityAwareBisection;shinbrotDiscontinuityAwareBisection;shinbrotDiscontinuityAwareBisection;shinbrotDiscontinuityAwareBisection;shinbrotDiscontinuityAwareBisection;shinbrotDiscontinuityAwareBisection;shinbrotDiscontinuityAwareBisection;shinbrotDiscontinuityAwareBisection;shinbrotDiscontinuityAwareBisection;shinbrotDiscontinuityAwareBisection;shinbrotDiscontinuityAwareBisection;shinbrotDiscontinuityAwareBisection;shinbrotDiscontinuityAwareBisection;shinbrotDiscontinuityAwareBisection;shinbrotDiscontinuityAwareBisection;shinbrotDiscontinuityAwareBisection;shinbrotDiscontinuityAwareBisection;shinbrotDiscontinuityAwareBisection;shinbrotDiscontinuityAwareBisection;shinbrotDiscontinuityAwareBisection;shinbrotDiscontinuityAwareBisection;shinbrotDiscontinuityAwareBisection;shinbrotDiscontinuityAwareBisection;shinbrotDiscontinuityAwareBisection;shinbrotDiscontinuityAwareBisection;shinbrotDiscontinuityAwareBisection;shinbrotDiscontinuityAwareBisection;shinbrotDiscontinuityAwareBisection;shinbrotDiscontinuityAwareBisection;shinbrotDiscontinuityAwareBisection;shinbrotDiscontinuityAwareBisection;shinbrotDiscontinuityAwareBisection;shinbrotDiscontinuityAwareBisection;shinbrotDiscontinuityAwareBisection;shinbrotDiscontinuityAwareBisection;shinbrotDiscontinuityAwareBisection;shinbrotDiscontinuityAwareBisection;shinbrotDiscontinuityAwareBisection;shinbrotDiscontinuityAwareBisection;shinbrotDiscontinuityAwareBisection;shinbrotDiscontinuityAwareBisection,0.08671875;-0.0515625;0.0015625;-0.034375;0.0947265625;-0.040625;0.036328125;0.0498291015625;-0.0734375;0.049755859375;0.0466186523437;-0.0515625;-0.084375;0.0482421875;-0.05;-0.0703125;-0.09375;-0.01953125;-0.0234375;-0.096875;-0.07421875;-0.03515625;-0.00625;0.0875;-0.0125;-0.0875;0.0998046875;0.08046875;0.054296875;0.0142578125;-0.078125;-0.0234375;0.084375;0.025;0.04375;-0.06640625;0.05859375;0.025390625;0.1;0.0828125;0.0296875;-0.071875;0.00390625;0.04296875;-0.076171875;0.0265625;0.03125;0.00771484375;0.1;-0.0265625;0.02314453125;-0.09365234375;0.05;-0.0453125;-0.01875;-0.003125;0.07939453125;0.0275390625;0.07431640625;0.05;-0.0046875,0.055536068362013,13.673463931638,19.8319017013155,26.921,0,,52.6414849,0
0.05,7,195007,sectionRetargetMode,shinbrotDiscontinuityAwareBisection,0,NaN,NaN,59209,0.08671875,0.028125,0.08671875;-0.00703125;0.0244140625;-0.0375;0.0896484375;0.0498046875;0.05859375;-0.08046875;-0.05;-0.05078125;0.0982421875;-0.0765625;-0.05625;-0.0004638671875;0.06240234375;-0.02421875;-0.0503662109375;0.07880859375;0.07353515625;0.06640625;-0.013671875;0.1;0.0404296875;-0.09375;0.025;0.0919921875;-0.0421875;-0.0109375;0.003125;0.009375;-0.065625;0.04296875;-0.0453125;-0.0515625;-0.05234375;-0.07421875;0.0328125;0.084375;0.06875;-0.0949951171875;-0.06015625;0.0046875;0.0734375;-0.0702392578125;0.0698852539062;-0.0701904296875;0.0923583984375;0.0458984375;-0.090625;0.0828125;0.003125;0.056103515625;-0.025;0.09296875;0.0046875;-0.03828125;-0.0625;-0.0703125;0.028125,61,2,0;1;2;3;4;5;6;7;8;9;10;11;12;13;14;15;16;17;18;19;20;21;22;23;24;25;26;27;28;29;30;31;32;33;34;35;36;37;38;39;40;41;42;43;44;45;46;47;48;49;50;51;52;53;54;55;56;57;58;59;60,0;0.000428041532191;0.000797340631664;0.845582533439;4.65585510341;9.10606733287;9.10679673656;9.10688511118;9.79679375087;10.5103708603;11.2023798006;11.2026367355;13.0962137117;13.0970893538;13.097982916;13.711746384;14.3585139216;14.3604368451;15.0716682604;16.4164478319;17.119074082;17.1194657266;17.7479709144;17.7482097835;18.330164186;18.950072563;18.950092451;19.6474127961;19.6478836128;20.3117558831;20.9414422259;24.5348385418;25.2447730796;25.948524705;26.9293767907;26.9294720812;31.1159723191;31.8123572308;32.5621183258;32.5627023954;34.1713184346;34.1714218945;35.8537559;36.4746681944;37.9226024619;37.9232768393;37.9235368569;37.9240306064;37.9243352207;38.756517526;38.7566118396;38.756668611;43.3379230176;43.3380205498;43.338104106;43.3384028889;43.3385598533;47.0250081768;47.0251367001;59.1772427035;59.1772874935,shinbrotDiscontinuityAwareBisection;shinbrotDiscontinuityAwareBisection;shinbrotDiscontinuityAwareBisection;shinbrotDiscontinuityAwareBisection;shinbrotDiscontinuityAwareBisection;shinbrotDiscontinuityAwareBisection;shinbrotDiscontinuityAwareBisection;shinbrotDiscontinuityAwareBisection;shinbrotDiscontinuityAwareBisection;shinbrotDiscontinuityAwareBisection;shinbrotDiscontinuityAwareBisection;shinbrotDiscontinuityAwareBisection;shinbrotDiscontinuityAwareBisection;shinbrotDiscontinuityAwareBisection;shinbrotDiscontinuityAwareBisection;shinbrotDiscontinuityAwareBisection;shinbrotDiscontinuityAwareBisection;shinbrotDiscontinuityAwareBisection;shinbrotDiscontinuityAwareBisection;shinbrotDiscontinuityAwareBisection;shinbrotDiscontinuityAwareBisection;shinbrotDiscontinuityAwareBisection;shinbrotDiscontinuityAwareBisection;shinbrotDiscontinuityAwareBisection;shinbrotDiscontinuityAwareBisection;shinbrotDiscontinuityAwareBisection;shinbrotDiscontinuityAwareBisection;shinbrotDiscontinuityAwareBisection;shinbrotDiscontinuityAwareBisection;shinbrotDiscontinuityAwareBisection;shinbrotDiscontinuityAwareBisection;shinbrotDiscontinuityAwareBisection;shinbrotDiscontinuityAwareBisection;shinbrotDiscontinuityAwareBisection;shinbrotDiscontinuityAwareBisection;shinbrotDiscontinuityAwareBisection;shinbrotDiscontinuityAwareBisection;shinbrotDiscontinuityAwareBisection;shinbrotDiscontinuityAwareBisection;shinbrotDiscontinuityAwareBisection;shinbrotDiscontinuityAwareBisection;shinbrotDiscontinuityAwareBisection;shinbrotDiscontinuityAwareBisection;shinbrotDiscontinuityAwareBisection;shinbrotDiscontinuityAwareBisection;shinbrotDiscontinuityAwareBisection;shinbrotDiscontinuityAwareBisection;shinbrotDiscontinuityAwareBisection;shinbrotDiscontinuityAwareBisection;shinbrotDiscontinuityAwareBisection;shinbrotDiscontinuityAwareBisection;shinbrotDiscontinuityAwareBisection;shinbrotDiscontinuityAwareBisection;shinbrotDiscontinuityAwareBisection;shinbrotDiscontinuityAwareBisection;shinbrotDiscontinuityAwareBisection;shinbrotDiscontinuityAwareBisection;shinbrotDiscontinuityAwareBisection;shinbrotDiscontinuityAwareBisection;shinbrotDiscontinuityAwareBisection;shinbrotDiscontinuityAwareBisection,0.08671875;-0.00703125;0.0244140625;-0.0375;0.0896484375;0.0498046875;0.05859375;-0.08046875;-0.05;-0.05078125;0.0982421875;-0.0765625;-0.05625;-0.0004638671875;0.06240234375;-0.02421875;-0.0503662109375;0.07880859375;0.07353515625;NaN;0.06640625;-0.013671875;0.1;0.0404296875;NaN;-0.09375;0.025;0.0919921875;-0.0421875;-0.0109375;0.003125;0.009375;-0.065625;0.04296875;-0.0453125;-0.0515625;-0.05234375;-0.07421875;0.0328125;0.084375;0.06875;-0.0949951171875;-0.06015625;0.0046875;0.0734375;-0.0702392578125;0.0698852539062;-0.0701904296875;0.0923583984375;0.0458984375;-0.090625;0.0828125;0.003125;0.056103515625;-0.025;0.09296875;0.0046875;-0.03828125;-0.0625;-0.0703125;0.028125,0.0753421619106884,13.6536578380893,20.4254598363455,26.921,0,,64.545619,0
0.05,8,195008,sectionRetargetMode,shinbrotDiscontinuityAwareBisection,0,NaN,NaN,68130,0.08671875,0.08076171875,0.08671875;0.05390625;-0.002685546875;-0.015625;-0.00625;0.06611328125;-0.0277465820312;-0.005859375;-0.0015625;-0.01796875;-0.05;-0.0484375;-0.04375;0.0109375;-0.090625;-0.0021484375;-0.015625;0.05;-0.006298828125;-0.092041015625;-0.0050048828125;0.0996704101562;0.025;0.018212890625;0.0603515625;0.0255859375;0.043359375;0.009375;0.090234375;-0.04296875;-0.0569580078125;-0.040625;-0.079296875;-0.05;0.048046875;0.087890625;0.09375;0.0125;-0.04375;0.0875;0;-0.04609375;-0.099853515625;-0.09375;-0.05;0.0958282470703;-0.0078125;-0.0671875;-0.021630859375;-0.1;0.0363830566406;0.088232421875;0.0369140625;0.084375;0.08076171875,61,6,0;1;2;3;4;5;6;7;8;9;10;11;12;13;14;15;16;17;18;19;20;21;22;23;24;25;26;27;28;29;30;31;32;33;34;35;36;37;38;39;40;41;42;43;44;45;46;47;48;49;50;51;52;53;54;55;56;57;58;59;60,0;3.9189132188e-06;0.772292709237;2.35731099453;2.35734341341;4.66082919742;6.20063812643;7.02841316321;7.02852690793;7.02870880858;7.88278109936;7.88296575506;10.254851089;12.5868201632;14.8629991131;15.5882034775;15.5882908011;17.1895252113;17.9624482718;17.9626730756;18.9077839418;24.806642717;26.3554311132;28.3945016813;29.2947442396;31.5217089872;31.5219038783;32.2831321113;33.8674921613;33.8681643646;34.5156316099;36.3228799076;36.3230857181;37.0251580928;37.7074588694;37.7077195043;37.7080629471;38.3093310491;38.9816888814;40.7162684262;47.6029460082;47.6032305317;48.3998803029;50.0445280631;52.2277563361;52.9839959833;52.9841498428;54.6041987665;55.2592658075;56.9412019509;56.9412888779;60.1402929064;60.140348135;64.2226835026;64.2233608013;64.2234373579;65.0263376247;65.0263926387;65.0265191703;66.4980169874;68.0918114561,shinbrotDiscontinuityAwareBisection;shinbrotDiscontinuityAwareBisection;shinbrotDiscontinuityAwareBisection;shinbrotDiscontinuityAwareBisection;shinbrotDiscontinuityAwareBisection;shinbrotDiscontinuityAwareBisection;shinbrotDiscontinuityAwareBisection;shinbrotDiscontinuityAwareBisection;shinbrotDiscontinuityAwareBisection;shinbrotDiscontinuityAwareBisection;shinbrotDiscontinuityAwareBisection;shinbrotDiscontinuityAwareBisection;shinbrotDiscontinuityAwareBisection;shinbrotDiscontinuityAwareBisection;shinbrotDiscontinuityAwareBisection;shinbrotDiscontinuityAwareBisection;shinbrotDiscontinuityAwareBisection;shinbrotDiscontinuityAwareBisection;shinbrotDiscontinuityAwareBisection;shinbrotDiscontinuityAwareBisection;shinbrotDiscontinuityAwareBisection;shinbrotDiscontinuityAwareBisection;shinbrotDiscontinuityAwareBisection;shinbrotDiscontinuityAwareBisection;shinbrotDiscontinuityAwareBisection;shinbrotDiscontinuityAwareBisection;shinbrotDiscontinuityAwareBisection;shinbrotDiscontinuityAwareBisection;shinbrotDiscontinuityAwareBisection;shinbrotDiscontinuityAwareBisection;shinbrotDiscontinuityAwareBisection;shinbrotDiscontinuityAwareBisection;shinbrotDiscontinuityAwareBisection;shinbrotDiscontinuityAwareBisection;shinbrotDiscontinuityAwareBisection;shinbrotDiscontinuityAwareBisection;shinbrotDiscontinuityAwareBisection;shinbrotDiscontinuityAwareBisection;shinbrotDiscontinuityAwareBisection;shinbrotDiscontinuityAwareBisection;shinbrotDiscontinuityAwareBisection;shinbrotDiscontinuityAwareBisection;shinbrotDiscontinuityAwareBisection;shinbrotDiscontinuityAwareBisection;shinbrotDiscontinuityAwareBisection;shinbrotDiscontinuityAwareBisection;shinbrotDiscontinuityAwareBisection;shinbrotDiscontinuityAwareBisection;shinbrotDiscontinuityAwareBisection;shinbrotDiscontinuityAwareBisection;shinbrotDiscontinuityAwareBisection;shinbrotDiscontinuityAwareBisection;shinbrotDiscontinuityAwareBisection;shinbrotDiscontinuityAwareBisection;shinbrotDiscontinuityAwareBisection;shinbrotDiscontinuityAwareBisection;shinbrotDiscontinuityAwareBisection;shinbrotDiscontinuityAwareBisection;shinbrotDiscontinuityAwareBisection;shinbrotDiscontinuityAwareBisection;shinbrotDiscontinuityAwareBisection,0.08671875;0.05390625;-0.002685546875;-0.015625;-0.00625;0.06611328125;-0.0277465820312;-0.005859375;-0.0015625;-0.01796875;-0.05;-0.0484375;-0.04375;0.0109375;-0.090625;-0.0021484375;-0.015625;0.05;-0.006298828125;-0.092041015625;-0.0050048828125;0.0996704101562;0.025;0.018212890625;0.0603515625;0.0255859375;0.043359375;0.009375;NaN;NaN;NaN;NaN;NaN;NaN;0.090234375;-0.04296875;-0.0569580078125;-0.040625;-0.079296875;-0.05;0.048046875;0.087890625;0.09375;0.0125;-0.04375;0.0875;0;-0.04609375;-0.099853515625;-0.09375;-0.05;0.0958282470703;-0.0078125;-0.0671875;-0.021630859375;-0.1;0.0363830566406;0.088232421875;0.0369140625;0.084375;0.08076171875,0.0659809123550748,13.7949809123551,19.0312980910746,26.921,0,,59.4080512,0
0.05,9,195009,sectionRetargetMode,shinbrotDiscontinuityAwareBisection,0,NaN,NaN,78073,0.08671875,-0.0896484375,0.08671875;-0.0625;0.037451171875;-0.0859375;-0.0859375;0.0453125;0.0296875;-0.0305908203125;-0.0162963867188;0.0125;0.009375;-0.01015625;-0.05;-0.00078125;-0.0328125;-0.01171875;0.0421875;0.0109375;0.04921875;-0.03515625;-0.015625;-0.003125;0;-0.025;-0.075;0.1;0.1;0;0.095068359375;-0.075;-0.0484375;-0.01328125;0.0015625;-0.025;-0.075;0.0921875;0.05;0.0359375;-0.0375;-0.015625;0.0015625;0.090673828125;-0.0984375;-0.065625;0.0390625;-0.084375;0.021875;-0.08125;0.05625;-0.075;-0.0234375;-0.034375;0.0453125;0.1;0.0923522949219;-0.015234375;0.06025390625;-0.03359375;-0.03359375;0.0749984741211;-0.0896484375,61,0,0;1;2;3;4;5;6;7;8;9;10;11;12;13;14;15;16;17;18;19;20;21;22;23;24;25;26;27;28;29;30;31;32;33;34;35;36;37;38;39;40;41;42;43;44;45;46;47;48;49;50;51;52;53;54;55;56;57;58;59;60,0;0.840117076607;0.840443201519;3.81581922275;12.8754274681;13.6867623475;16.5515882465;16.5516108255;28.6142486475;28.6144126381;30.6462945984;30.6465113035;30.6465298806;33.6240290929;33.6240537074;35.9586337892;37.5730366559;37.5736133188;37.5737803908;37.5739174968;37.5742654959;39.0414248452;42.953156803;42.9536221776;42.9537588662;44.4524706802;44.4530669909;44.4531634259;45.1567374211;45.9393403554;48.1922282804;48.1923205062;48.9169081398;48.9173332335;49.6324690277;50.4742498828;50.4745375445;50.4750427732;50.4750511272;52.3675879403;63.5966966064;64.3689427756;64.3689446487;65.1686725075;65.168698921;66.7101683156;68.271963184;68.2719684704;69.8375030807;70.4888605191;71.1674363418;71.1676225411;71.1680908253;71.9595751427;71.959889082;71.9603445275;71.9606007109;74.2818724882;77.3008532491;78.0364293018;78.0368491749,shinbrotDiscontinuityAwareBisection;shinbrotDiscontinuityAwareBisection;shinbrotDiscontinuityAwareBisection;shinbrotDiscontinuityAwareBisection;shinbrotDiscontinuityAwareBisection;shinbrotDiscontinuityAwareBisection;shinbrotDiscontinuityAwareBisection;shinbrotDiscontinuityAwareBisection;shinbrotDiscontinuityAwareBisection;shinbrotDiscontinuityAwareBisection;shinbrotDiscontinuityAwareBisection;shinbrotDiscontinuityAwareBisection;shinbrotDiscontinuityAwareBisection;shinbrotDiscontinuityAwareBisection;shinbrotDiscontinuityAwareBisection;shinbrotDiscontinuityAwareBisection;shinbrotDiscontinuityAwareBisection;shinbrotDiscontinuityAwareBisection;shinbrotDiscontinuityAwareBisection;shinbrotDiscontinuityAwareBisection;shinbrotDiscontinuityAwareBisection;shinbrotDiscontinuityAwareBisection;shinbrotDiscontinuityAwareBisection;shinbrotDiscontinuityAwareBisection;shinbrotDiscontinuityAwareBisection;shinbrotDiscontinuityAwareBisection;shinbrotDiscontinuityAwareBisection;shinbrotDiscontinuityAwareBisection;shinbrotDiscontinuityAwareBisection;shinbrotDiscontinuityAwareBisection;shinbrotDiscontinuityAwareBisection;shinbrotDiscontinuityAwareBisection;shinbrotDiscontinuityAwareBisection;shinbrotDiscontinuityAwareBisection;shinbrotDiscontinuityAwareBisection;shinbrotDiscontinuityAwareBisection;shinbrotDiscontinuityAwareBisection;shinbrotDiscontinuityAwareBisection;shinbrotDiscontinuityAwareBisection;shinbrotDiscontinuityAwareBisection;shinbrotDiscontinuityAwareBisection;shinbrotDiscontinuityAwareBisection;shinbrotDiscontinuityAwareBisection;shinbrotDiscontinuityAwareBisection;shinbrotDiscontinuityAwareBisection;shinbrotDiscontinuityAwareBisection;shinbrotDiscontinuityAwareBisection;shinbrotDiscontinuityAwareBisection;shinbrotDiscontinuityAwareBisection;shinbrotDiscontinuityAwareBisection;shinbrotDiscontinuityAwareBisection;shinbrotDiscontinuityAwareBisection;shinbrotDiscontinuityAwareBisection;shinbrotDiscontinuityAwareBisection;shinbrotDiscontinuityAwareBisection;shinbrotDiscontinuityAwareBisection;shinbrotDiscontinuityAwareBisection;shinbrotDiscontinuityAwareBisection;shinbrotDiscontinuityAwareBisection;shinbrotDiscontinuityAwareBisection;shinbrotDiscontinuityAwareBisection,0.08671875;-0.0625;0.037451171875;-0.0859375;-0.0859375;0.0453125;0.0296875;-0.0305908203125;-0.0162963867188;0.0125;0.009375;-0.01015625;-0.05;-0.00078125;-0.0328125;-0.01171875;0.0421875;0.0109375;0.04921875;-0.03515625;-0.015625;-0.003125;0;-0.025;-0.075;0.1;0.1;0;0.095068359375;-0.075;-0.0484375;-0.01328125;0.0015625;-0.025;-0.075;0.0921875;0.05;0.0359375;-0.0375;-0.015625;0.0015625;0.090673828125;-0.0984375;-0.065625;0.0390625;-0.084375;0.021875;-0.08125;0.05625;-0.075;-0.0234375;-0.034375;0.0453125;0.1;0.0923522949219;-0.015234375;0.06025390625;-0.03359375;-0.03359375;0.0749984741211;-0.0896484375,0.292420760689875,13.4365792393101,18.8923823774733,26.921,0,,44.208776,0
0.05,10,195010,sectionRetargetMode,shinbrotDiscontinuityAwareBisection,0,NaN,NaN,41738,0.08671875,0.0556640625,0.08671875;0.094921875;-0.0516357421875;-0.09609375;0.0484375;-0.0875;0.0703125;-0.06875;0.0999084472656;-0.010302734375;0.088330078125;0.0484375;0.0375;0.0125;-0.096875;0.0875;0.0453125;-0.002734375;-0.067236328125;-0.07734375;0.0625;0.033203125;0.0375;0.078125;0.0734375;-0.05;-0.059765625;-0.01953125;-0.0390625;-0.0921875;0.0546875;-0.01875;-0.0921875;-0.0953125;-0.09609375;0.05;0;-0.05859375;0.0971435546875;0.021875;0.0984375;-0.01015625;0.09375;-0.1;0.049658203125;-0.0625;-0.05078125;0.025;-0.01171875;-0.0984375;0.08203125;-0.0521484375;-0.01875;0.059375;0.0892578125;-0.0625;-0.021337890625;-0.00650634765625;0.0306884765625;-0.05703125;0.0556640625,61,0,0;1;2;3;4;5;6;7;8;9;10;11;12;13;14;15;16;17;18;19;20;21;22;23;24;25;26;27;28;29;30;31;32;33;34;35;36;37;38;39;40;41;42;43;44;45;46;47;48;49;50;51;52;53;54;55;56;57;58;59;60,0;1.57617038789;2.3907951776;4.71486182714;7.77933197531;9.38621853938;10.2364709436;10.2365337728;10.2369330422;10.2369342665;11.8590474116;13.9358095575;14.7812881619;14.7816489657;14.7817600094;14.7820070861;14.782261037;17.7886940803;17.7887335791;17.7894673312;19.232456592;19.9314958939;20.7429452699;22.2554146944;22.2555445119;22.255810339;23.952025821;24.5819763033;24.582027286;25.2916765967;25.2921924836;25.2925123845;25.2927746188;25.293609922;25.9692579293;25.9692863783;25.9698165135;25.9705854864;25.9712447637;26.6654605493;26.6655482756;26.6661199664;28.226025003;28.2265993967;28.2266681503;28.9195194645;29.5910714047;29.5914147105;30.2650949173;31.1244472712;33.5665778956;33.5667680808;38.4890652475;38.4892372908;39.3083762064;40.8067795697;40.8071277225;41.7001776831;41.7003747501;41.7005298577;41.7005553605,shinbrotDiscontinuityAwareBisection;shinbrotDiscontinuityAwareBisection;shinbrotDiscontinuityAwareBisection;shinbrotDiscontinuityAwareBisection;shinbrotDiscontinuityAwareBisection;shinbrotDiscontinuityAwareBisection;shinbrotDiscontinuityAwareBisection;shinbrotDiscontinuityAwareBisection;shinbrotDiscontinuityAwareBisection;shinbrotDiscontinuityAwareBisection;shinbrotDiscontinuityAwareBisection;shinbrotDiscontinuityAwareBisection;shinbrotDiscontinuityAwareBisection;shinbrotDiscontinuityAwareBisection;shinbrotDiscontinuityAwareBisection;shinbrotDiscontinuityAwareBisection;shinbrotDiscontinuityAwareBisection;shinbrotDiscontinuityAwareBisection;shinbrotDiscontinuityAwareBisection;shinbrotDiscontinuityAwareBisection;shinbrotDiscontinuityAwareBisection;shinbrotDiscontinuityAwareBisection;shinbrotDiscontinuityAwareBisection;shinbrotDiscontinuityAwareBisection;shinbrotDiscontinuityAwareBisection;shinbrotDiscontinuityAwareBisection;shinbrotDiscontinuityAwareBisection;shinbrotDiscontinuityAwareBisection;shinbrotDiscontinuityAwareBisection;shinbrotDiscontinuityAwareBisection;shinbrotDiscontinuityAwareBisection;shinbrotDiscontinuityAwareBisection;shinbrotDiscontinuityAwareBisection;shinbrotDiscontinuityAwareBisection;shinbrotDiscontinuityAwareBisection;shinbrotDiscontinuityAwareBisection;shinbrotDiscontinuityAwareBisection;shinbrotDiscontinuityAwareBisection;shinbrotDiscontinuityAwareBisection;shinbrotDiscontinuityAwareBisection;shinbrotDiscontinuityAwareBisection;shinbrotDiscontinuityAwareBisection;shinbrotDiscontinuityAwareBisection;shinbrotDiscontinuityAwareBisection;shinbrotDiscontinuityAwareBisection;shinbrotDiscontinuityAwareBisection;shinbrotDiscontinuityAwareBisection;shinbrotDiscontinuityAwareBisection;shinbrotDiscontinuityAwareBisection;shinbrotDiscontinuityAwareBisection;shinbrotDiscontinuityAwareBisection;shinbrotDiscontinuityAwareBisection;shinbrotDiscontinuityAwareBisection;shinbrotDiscontinuityAwareBisection;shinbrotDiscontinuityAwareBisection;shinbrotDiscontinuityAwareBisection;shinbrotDiscontinuityAwareBisection;shinbrotDiscontinuityAwareBisection;shinbrotDiscontinuityAwareBisection;shinbrotDiscontinuityAwareBisection;shinbrotDiscontinuityAwareBisection,0.08671875;0.094921875;-0.0516357421875;-0.09609375;0.0484375;-0.0875;0.0703125;-0.06875;0.0999084472656;-0.010302734375;0.088330078125;0.0484375;0.0375;0.0125;-0.096875;0.0875;0.0453125;-0.002734375;-0.067236328125;-0.07734375;0.0625;0.033203125;0.0375;0.078125;0.0734375;-0.05;-0.059765625;-0.01953125;-0.0390625;-0.0921875;0.0546875;-0.01875;-0.0921875;-0.0953125;-0.09609375;0.05;0;-0.05859375;0.0971435546875;0.021875;0.0984375;-0.01015625;0.09375;-0.1;0.049658203125;-0.0625;-0.05078125;0.025;-0.01171875;-0.0984375;0.08203125;-0.0521484375;-0.01875;0.059375;0.0892578125;-0.0625;-0.021337890625;-0.00650634765625;0.0306884765625;-0.05703125;0.0556640625,1.67620043446242,15.4052004344624,22.3596393970317,26.921,0,,50.5583843,0
0.075,1,196001,sectionRetargetMode,shinbrotDiscontinuityAwareBisection,0,NaN,NaN,71115,0.08671875,0.04921875,0.08671875;-0.01708984375;-0.09765625;0.038330078125;-0.07109375;-0.09375;0.00419921875;-0.0203125;0.049658203125;-0.00390625;0.028125;0.071875;-0.09375;-0.0203125;-0.0234375;-0.0994140625;0.040625;0.0828125;0.083984375;-0.0375;0.046875;-0.046875;0.05625;0.0548828125;-0.065625;-0.0875;-0.05625;0.0328125;0.04970703125;-0.09921875;0.074609375;-0.0375;-0.0546875;0.0390625;-0.089892578125;-0.0250366210938;-0.000653839111328;0.0978515625;0.0908248901367;0.099609375;-0.0796875;-0.0998046875;-0.03125;-0.0703125;-0.0640625;-0.09375;-0.078125;-0.08515625;-0.030859375;0.0875;0.0625;0.04921875,61,9,0;1;2;3;4;5;6;7;8;9;10;11;12;13;14;15;16;17;18;19;20;21;22;23;24;25;26;27;28;29;30;31;32;33;34;35;36;37;38;39;40;41;42;43;44;45;46;47;48;49;50;51;52;53;54;55;56;57;58;59;60,0;0.72676007959;0.727112539043;1.46626434262;2.95298496215;2.95315618935;2.95316294257;4.55538633075;6.2037184788;6.20382171725;6.20395135117;7.6197966793;8.53260631218;8.53302948806;10.6028595362;19.7299462867;20.8332580635;20.8333314875;20.8334445693;24.9737965528;26.431932184;26.4319779567;26.4326827707;26.4328239115;28.1139666846;32.9469059002;35.2037814549;35.2038232167;37.4001520323;38.7659599715;38.7664318316;39.4395165838;39.4403809417;39.4406699365;40.1376626971;42.126299433;42.9937719111;45.361558863;45.3624323205;46.6758503816;46.6764931878;46.6787009788;47.3330001823;48.6903220124;48.6904659906;50.1098528963;55.1031418872;58.1270544442;60.4323695222;60.4324382152;67.8254451994;67.8261718023;68.6526405844;68.682819765;68.6861856735;68.9106979203;68.9980985914;69.2983371911;69.8381051728;69.8479474395;71.0800122458,shinbrotDiscontinuityAwareBisection;shinbrotDiscontinuityAwareBisection;shinbrotDiscontinuityAwareBisection;shinbrotDiscontinuityAwareBisection;shinbrotDiscontinuityAwareBisection;shinbrotDiscontinuityAwareBisection;shinbrotDiscontinuityAwareBisection;shinbrotDiscontinuityAwareBisection;shinbrotDiscontinuityAwareBisection;shinbrotDiscontinuityAwareBisection;shinbrotDiscontinuityAwareBisection;shinbrotDiscontinuityAwareBisection;shinbrotDiscontinuityAwareBisection;shinbrotDiscontinuityAwareBisection;shinbrotDiscontinuityAwareBisection;shinbrotDiscontinuityAwareBisection;shinbrotDiscontinuityAwareBisection;shinbrotDiscontinuityAwareBisection;shinbrotDiscontinuityAwareBisection;shinbrotDiscontinuityAwareBisection;shinbrotDiscontinuityAwareBisection;shinbrotDiscontinuityAwareBisection;shinbrotDiscontinuityAwareBisection;shinbrotDiscontinuityAwareBisection;shinbrotDiscontinuityAwareBisection;shinbrotDiscontinuityAwareBisection;shinbrotDiscontinuityAwareBisection;shinbrotDiscontinuityAwareBisection;shinbrotDiscontinuityAwareBisection;shinbrotDiscontinuityAwareBisection;shinbrotDiscontinuityAwareBisection;shinbrotDiscontinuityAwareBisection;shinbrotDiscontinuityAwareBisection;shinbrotDiscontinuityAwareBisection;shinbrotDiscontinuityAwareBisection;shinbrotDiscontinuityAwareBisection;shinbrotDiscontinuityAwareBisection;shinbrotDiscontinuityAwareBisection;shinbrotDiscontinuityAwareBisection;shinbrotDiscontinuityAwareBisection;shinbrotDiscontinuityAwareBisection;shinbrotDiscontinuityAwareBisection;shinbrotDiscontinuityAwareBisection;shinbrotDiscontinuityAwareBisection;shinbrotDiscontinuityAwareBisection;shinbrotDiscontinuityAwareBisection;shinbrotDiscontinuityAwareBisection;shinbrotDiscontinuityAwareBisection;shinbrotDiscontinuityAwareBisection;shinbrotDiscontinuityAwareBisection;shinbrotDiscontinuityAwareBisection;shinbrotDiscontinuityAwareBisection;shinbrotDiscontinuityAwareBisection;shinbrotDiscontinuityAwareBisection;shinbrotDiscontinuityAwareBisection;shinbrotDiscontinuityAwareBisection;shinbrotDiscontinuityAwareBisection;shinbrotDiscontinuityAwareBisection;shinbrotDiscontinuityAwareBisection;shinbrotDiscontinuityAwareBisection;shinbrotDiscontinuityAwareBisection,0.08671875;-0.01708984375;-0.09765625;0.038330078125;-0.07109375;-0.09375;0.00419921875;-0.0203125;0.049658203125;-0.00390625;0.028125;0.071875;-0.09375;-0.0203125;-0.0234375;-0.0994140625;0.040625;0.0828125;0.083984375;-0.0375;0.046875;-0.046875;0.05625;0.0548828125;-0.065625;-0.0875;-0.05625;0.0328125;0.04970703125;-0.09921875;0.074609375;-0.0375;-0.0546875;0.0390625;-0.089892578125;-0.0250366210938;-0.000653839111328;0.0978515625;0.0908248901367;0.099609375;-0.0796875;-0.0998046875;-0.03125;-0.0703125;-0.0640625;-0.09375;-0.078125;-0.08515625;-0.030859375;0.0875;0.0625;NaN;NaN;NaN;NaN;NaN;NaN;NaN;NaN;NaN;0.04921875,3.32216001045972,10.4068399895403,13.2882524590471,26.921,0,,47.7952996,0
0.075,2,196002,sectionRetargetMode,shinbrotDiscontinuityAwareBisection,1,5,3.03279431795843,3035,0.08671875,-0.0515625,0.08671875;0.03671875;0.0447509765625;-0.015625;-0.0515625,5,0,0;1;2;3;4,0;0.710794966906;0.71091449363;2.22139035825;2.22184408859,shinbrotDiscontinuityAwareBisection;shinbrotDiscontinuityAwareBisection;shinbrotDiscontinuityAwareBisection;shinbrotDiscontinuityAwareBisection;shinbrotDiscontinuityAwareBisection,0.08671875;0.03671875;0.0447509765625;-0.015625;-0.0515625,0.00396036488894325,13.7250396351111,19.2236018365185,26.921,0,,4.9064132,0
0.075,3,196003,sectionRetargetMode,shinbrotDiscontinuityAwareBisection,0,NaN,NaN,57078,0.08671875,-0.0296875,0.08671875;0.0499488830566;-0.0125;-0.03125;0.09375;0.0451171875;-0.009375;-0.002294921875;0;-0.05;0.1;0.075;-0.0671875;-0.0625;0.0140625;0.082421875;-0.00353317260742;0.0671875;-0.040625;-0.0453125;0.0650390625;-0.0106689453125;0.0544921875;-0.003125;-0.084375;-0.06328125;-0.0125;0.05;-0.0421875;0;-0.080078125;-0.053125;-0.028125;-0.00078125;0.0578125;-0.084375;0;0.08125;-0.096875;-0.0875;0.01875;-0.090625;0.057421875;-0.06640625;0.08125;0.06669921875;-0.000390625;-0.1;0.0625;0.0640625;-0.075;-0.025;-0.040625;-0.0140625;-0.09140625;-0.0875;-0.075;-0.019140625;-0.0296875,61,2,0;1;2;3;4;5;6;7;8;9;10;11;12;13;14;15;16;17;18;19;20;21;22;23;24;25;26;27;28;29;30;31;32;33;34;35;36;37;38;39;40;41;42;43;44;45;46;47;48;49;50;51;52;53;54;55;56;57;58;59;60,0;0.000965709652818;0.830415702051;0.830780664527;0.831073806648;0.831530183815;0.831939508425;2.51750624052;2.51825261488;2.51843783034;3.41079531759;3.41081950198;6.34019395388;10.5358537416;13.5520664799;16.455783123;18.241508574;18.9015480957;19.5202387031;20.1492893106;20.7794962107;22.2415764998;27.536567737;27.5372411423;27.5376821406;31.9021582377;31.9021791213;32.7501479041;34.3736685677;39.8172043336;39.8179547967;41.2788442261;41.2789192111;42.909615809;42.9097867047;44.5124575698;48.2007583558;48.2015573701;48.2016533605;48.2018033667;48.2020587814;48.2025473487;48.2025651685;48.2041471089;49.0257328616;49.0258212692;49.0258345511;49.0259869283;50.4750683394;50.4755444494;50.4760450807;50.4763824331;51.2518199296;51.2521919021;52.8599864907;55.7264943033;55.7268020732;56.3921959762;57.0427105962;57.0433415139;57.0435951557,shinbrotDiscontinuityAwareBisection;shinbrotDiscontinuityAwareBisection;shinbrotDiscontinuityAwareBisection;shinbrotDiscontinuityAwareBisection;shinbrotDiscontinuityAwareBisection;shinbrotDiscontinuityAwareBisection;shinbrotDiscontinuityAwareBisection;shinbrotDiscontinuityAwareBisection;shinbrotDiscontinuityAwareBisection;shinbrotDiscontinuityAwareBisection;shinbrotDiscontinuityAwareBisection;shinbrotDiscontinuityAwareBisection;shinbrotDiscontinuityAwareBisection;shinbrotDiscontinuityAwareBisection;shinbrotDiscontinuityAwareBisection;shinbrotDiscontinuityAwareBisection;shinbrotDiscontinuityAwareBisection;shinbrotDiscontinuityAwareBisection;shinbrotDiscontinuityAwareBisection;shinbrotDiscontinuityAwareBisection;shinbrotDiscontinuityAwareBisection;shinbrotDiscontinuityAwareBisection;shinbrotDiscontinuityAwareBisection;shinbrotDiscontinuityAwareBisection;shinbrotDiscontinuityAwareBisection;shinbrotDiscontinuityAwareBisection;shinbrotDiscontinuityAwareBisection;shinbrotDiscontinuityAwareBisection;shinbrotDiscontinuityAwareBisection;shinbrotDiscontinuityAwareBisection;shinbrotDiscontinuityAwareBisection;shinbrotDiscontinuityAwareBisection;shinbrotDiscontinuityAwareBisection;shinbrotDiscontinuityAwareBisection;shinbrotDiscontinuityAwareBisection;shinbrotDiscontinuityAwareBisection;shinbrotDiscontinuityAwareBisection;shinbrotDiscontinuityAwareBisection;shinbrotDiscontinuityAwareBisection;shinbrotDiscontinuityAwareBisection;shinbrotDiscontinuityAwareBisection;shinbrotDiscontinuityAwareBisection;shinbrotDiscontinuityAwareBisection;shinbrotDiscontinuityAwareBisection;shinbrotDiscontinuityAwareBisection;shinbrotDiscontinuityAwareBisection;shinbrotDiscontinuityAwareBisection;shinbrotDiscontinuityAwareBisection;shinbrotDiscontinuityAwareBisection;shinbrotDiscontinuityAwareBisection;shinbrotDiscontinuityAwareBisection;shinbrotDiscontinuityAwareBisection;shinbrotDiscontinuityAwareBisection;shinbrotDiscontinuityAwareBisection;shinbrotDiscontinuityAwareBisection;shinbrotDiscontinuityAwareBisection;shinbrotDiscontinuityAwareBisection;shinbrotDiscontinuityAwareBisection;shinbrotDiscontinuityAwareBisection;shinbrotDiscontinuityAwareBisection;shinbrotDiscontinuityAwareBisection,0.08671875;0.0499488830566;-0.0125;-0.03125;0.09375;0.0451171875;-0.009375;-0.002294921875;0;-0.05;0.1;0.075;-0.0671875;-0.0625;0.0140625;0.082421875;NaN;NaN;-0.00353317260742;0.0671875;-0.040625;-0.0453125;0.0650390625;-0.0106689453125;0.0544921875;-0.003125;-0.084375;-0.06328125;-0.0125;0.05;-0.0421875;0;-0.080078125;-0.053125;-0.028125;-0.00078125;0.0578125;-0.084375;0;0.08125;-0.096875;-0.0875;0.01875;-0.090625;0.057421875;-0.06640625;0.08125;0.06669921875;-0.000390625;-0.1;0.0625;0.0640625;-0.075;-0.025;-0.040625;-0.0140625;-0.09140625;-0.0875;-0.075;-0.019140625;-0.0296875,1.60681877348537,12.1221812265146,14.6618790925129,26.921,0,,42.6499114,0
0.075,4,196004,sectionRetargetMode,shinbrotDiscontinuityAwareBisection,0,NaN,NaN,55879,0.08671875,-0.09765625,0.08671875;-0.03125;-0.058984375;-0.05234375;0.003125;0.097265625;-0.00170288085937;0.025;0.025;0.098828125;0.03984375;-0.0671875;-0.015869140625;0.003125;0.01875;0.025;-0.08515625;-0.0111206054688;0.0640625;-0.028125;-0.0625;0.06640625;-0.0171875;0.1;-0.085546875;0.046875;0.074462890625;0.07314453125;-0.0375;-0.1;0.05;-0.075;0.05078125;0.0671875;0.0591796875;-0.075;-0.011328125;0.003125;-0.09296875;-0.04609375;0.091015625;-0.096875;-0.01953125;-0.04130859375;-0.0890625;0.08203125;-0.0921875;0.084375;0.07255859375;-3.96728515625e-05;0.0046875;-0.0625;-0.0046875;-0.0546875;-0.021875;-0.003125;-0.0953125;-0.01875;-0.09921875;-0.090625;-0.09765625,61,0,0;1;2;3;4;5;6;7;8;9;10;11;12;13;14;15;16;17;18;19;20;21;22;23;24;25;26;27;28;29;30;31;32;33;34;35;36;37;38;39;40;41;42;43;44;45;46;47;48;49;50;51;52;53;54;55;56;57;58;59;60,0;0.734071724068;0.734073818493;0.734367761736;2.252590269;3.84152840643;3.8418051718;4.79255891444;4.79278148906;7.65234997707;7.65287037631;7.65295552276;12.2908214384;12.2908337767;14.3247063857;14.3253501514;14.9311508316;14.9312517723;15.5822121963;15.5855055863;15.5861810337;15.5865369071;15.5869045871;15.5873905023;16.2841651621;16.2845555734;16.9546403146;16.9547408485;16.9556267922;16.956040857;16.9585428512;17.6319094629;18.5468421998;18.5468595287;18.5470224258;22.4293835663;28.3582719026;31.9441150287;34.8140765058;34.8145759465;34.8149680948;36.2369856016;36.2370382417;38.6130000403;40.3258534605;42.576757102;44.0534515001;44.0536614671;44.053699259;44.0538202911;45.5047511534;49.2489190976;49.9249106276;49.9249929503;49.9262195387;54.3935253457;54.3936057958;55.0710224617;55.8457227325;55.8458094967;55.8462303649,shinbrotDiscontinuityAwareBisection;shinbrotDiscontinuityAwareBisection;shinbrotDiscontinuityAwareBisection;shinbrotDiscontinuityAwareBisection;shinbrotDiscontinuityAwareBisection;shinbrotDiscontinuityAwareBisection;shinbrotDiscontinuityAwareBisection;shinbrotDiscontinuityAwareBisection;shinbrotDiscontinuityAwareBisection;shinbrotDiscontinuityAwareBisection;shinbrotDiscontinuityAwareBisection;shinbrotDiscontinuityAwareBisection;shinbrotDiscontinuityAwareBisection;shinbrotDiscontinuityAwareBisection;shinbrotDiscontinuityAwareBisection;shinbrotDiscontinuityAwareBisection;shinbrotDiscontinuityAwareBisection;shinbrotDiscontinuityAwareBisection;shinbrotDiscontinuityAwareBisection;shinbrotDiscontinuityAwareBisection;shinbrotDiscontinuityAwareBisection;shinbrotDiscontinuityAwareBisection;shinbrotDiscontinuityAwareBisection;shinbrotDiscontinuityAwareBisection;shinbrotDiscontinuityAwareBisection;shinbrotDiscontinuityAwareBisection;shinbrotDiscontinuityAwareBisection;shinbrotDiscontinuityAwareBisection;shinbrotDiscontinuityAwareBisection;shinbrotDiscontinuityAwareBisection;shinbrotDiscontinuityAwareBisection;shinbrotDiscontinuityAwareBisection;shinbrotDiscontinuityAwareBisection;shinbrotDiscontinuityAwareBisection;shinbrotDiscontinuityAwareBisection;shinbrotDiscontinuityAwareBisection;shinbrotDiscontinuityAwareBisection;shinbrotDiscontinuityAwareBisection;shinbrotDiscontinuityAwareBisection;shinbrotDiscontinuityAwareBisection;shinbrotDiscontinuityAwareBisection;shinbrotDiscontinuityAwareBisection;shinbrotDiscontinuityAwareBisection;shinbrotDiscontinuityAwareBisection;shinbrotDiscontinuityAwareBisection;shinbrotDiscontinuityAwareBisection;shinbrotDiscontinuityAwareBisection;shinbrotDiscontinuityAwareBisection;shinbrotDiscontinuityAwareBisection;shinbrotDiscontinuityAwareBisection;shinbrotDiscontinuityAwareBisection;shinbrotDiscontinuityAwareBisection;shinbrotDiscontinuityAwareBisection;shinbrotDiscontinuityAwareBisection;shinbrotDiscontinuityAwareBisection;shinbrotDiscontinuityAwareBisection;shinbrotDiscontinuityAwareBisection;shinbrotDiscontinuityAwareBisection;shinbrotDiscontinuityAwareBisection;shinbrotDiscontinuityAwareBisection;shinbrotDiscontinuityAwareBisection,0.08671875;-0.03125;-0.058984375;-0.05234375;0.003125;0.097265625;-0.00170288085937;0.025;0.025;0.098828125;0.03984375;-0.0671875;-0.015869140625;0.003125;0.01875;0.025;-0.08515625;-0.0111206054688;0.0640625;-0.028125;-0.0625;0.06640625;-0.0171875;0.1;-0.085546875;0.046875;0.074462890625;0.07314453125;-0.0375;-0.1;0.05;-0.075;0.05078125;0.0671875;0.0591796875;-0.075;-0.011328125;0.003125;-0.09296875;-0.04609375;0.091015625;-0.096875;-0.01953125;-0.04130859375;-0.0890625;0.08203125;-0.0921875;0.084375;0.07255859375;-3.96728515625e-05;0.0046875;-0.0625;-0.0046875;-0.0546875;-0.021875;-0.003125;-0.0953125;-0.01875;-0.09921875;-0.090625;-0.09765625,0.153621758037445,13.8826217580374,19.1289471985937,26.921,0,,41.8887544,0
0.075,5,196005,sectionRetargetMode,shinbrotDiscontinuityAwareBisection,0,NaN,NaN,58710,0.08671875,0.085546875,0.08671875;0.075;-0.01005859375;0.075;-0.03125;-0.05625;-0.00322265625;-0.028125;0.01484375;0.02421875;-0.03251953125;-0.0484375;-0.004296875;0.0875;0.09375;-0.01953125;-0.076904296875;-0.05;0.0970703125;0.0496948242188;-0.05;-0.03125;-0.0234375;-0.0144287109375;0;0.0529296875;-0.03359375;-0.0625;0.078125;0.02353515625;0.09765625;0.019140625;-0.001171875;-0.0203125;-0.09697265625;-0.091796875;-0.0029296875;-0.003125;-0.0064208984375;-0.04375;-0.034375;-0.09921875;-0.00546875;-0.0234375;-0.08828125;-0.01640625;-0.084375;0.01484375;-0.025;-0.071484375;-0.00859375;0.0875;-0.0125;-0.0625;0.0875;0.085546875,61,5,0;1;2;3;4;5;6;7;8;9;10;11;12;13;14;15;16;17;18;19;20;21;22;23;24;25;26;27;28;29;30;31;32;33;34;35;36;37;38;39;40;41;42;43;44;45;46;47;48;49;50;51;52;53;54;55;56;57;58;59;60,0;0.674408369872;0.674645305701;2.04794853083;2.048473981;2.86182816252;2.86186561837;4.99895750362;5.61869423585;5.61950305366;6.25943386188;6.26037024157;7.55150925728;7.5531486889;7.5535268537;8.26532488508;8.90710846605;8.90778537728;8.9083613323;8.90926889888;9.90299150601;9.90351723254;13.456369372;14.2561187717;16.6039527535;16.6042345523;17.4148085424;17.4149462481;19.0442588101;20.4290443174;21.8359833107;21.8362472992;21.836510361;21.8366120508;22.6827768668;22.6831095868;22.6833651829;22.6835903283;22.6841272559;31.7695165553;38.0415228893;39.5031429583;40.2623974271;45.6716095491;45.6717038455;45.6719645672;45.6721485337;50.3956034667;50.9901718235;51.5886004873;53.5657082046;54.5681257574;54.5690878689;54.5693361755;55.1402322557;55.1419980857;56.9383900922;56.9387772957;57.4853624568;58.6780348688;58.6782253629,shinbrotDiscontinuityAwareBisection;shinbrotDiscontinuityAwareBisection;shinbrotDiscontinuityAwareBisection;shinbrotDiscontinuityAwareBisection;shinbrotDiscontinuityAwareBisection;shinbrotDiscontinuityAwareBisection;shinbrotDiscontinuityAwareBisection;shinbrotDiscontinuityAwareBisection;shinbrotDiscontinuityAwareBisection;shinbrotDiscontinuityAwareBisection;shinbrotDiscontinuityAwareBisection;shinbrotDiscontinuityAwareBisection;shinbrotDiscontinuityAwareBisection;shinbrotDiscontinuityAwareBisection;shinbrotDiscontinuityAwareBisection;shinbrotDiscontinuityAwareBisection;shinbrotDiscontinuityAwareBisection;shinbrotDiscontinuityAwareBisection;shinbrotDiscontinuityAwareBisection;shinbrotDiscontinuityAwareBisection;shinbrotDiscontinuityAwareBisection;shinbrotDiscontinuityAwareBisection;shinbrotDiscontinuityAwareBisection;shinbrotDiscontinuityAwareBisection;shinbrotDiscontinuityAwareBisection;shinbrotDiscontinuityAwareBisection;shinbrotDiscontinuityAwareBisection;shinbrotDiscontinuityAwareBisection;shinbrotDiscontinuityAwareBisection;shinbrotDiscontinuityAwareBisection;shinbrotDiscontinuityAwareBisection;shinbrotDiscontinuityAwareBisection;shinbrotDiscontinuityAwareBisection;shinbrotDiscontinuityAwareBisection;shinbrotDiscontinuityAwareBisection;shinbrotDiscontinuityAwareBisection;shinbrotDiscontinuityAwareBisection;shinbrotDiscontinuityAwareBisection;shinbrotDiscontinuityAwareBisection;shinbrotDiscontinuityAwareBisection;shinbrotDiscontinuityAwareBisection;shinbrotDiscontinuityAwareBisection;shinbrotDiscontinuityAwareBisection;shinbrotDiscontinuityAwareBisection;shinbrotDiscontinuityAwareBisection;shinbrotDiscontinuityAwareBisection;shinbrotDiscontinuityAwareBisection;shinbrotDiscontinuityAwareBisection;shinbrotDiscontinuityAwareBisection;shinbrotDiscontinuityAwareBisection;shinbrotDiscontinuityAwareBisection;shinbrotDiscontinuityAwareBisection;shinbrotDiscontinuityAwareBisection;shinbrotDiscontinuityAwareBisection;shinbrotDiscontinuityAwareBisection;shinbrotDiscontinuityAwareBisection;shinbrotDiscontinuityAwareBisection;shinbrotDiscontinuityAwareBisection;shinbrotDiscontinuityAwareBisection;shinbrotDiscontinuityAwareBisection;shinbrotDiscontinuityAwareBisection,0.08671875;0.075;-0.01005859375;0.075;-0.03125;-0.05625;-0.00322265625;-0.028125;0.01484375;0.02421875;-0.03251953125;-0.0484375;-0.004296875;0.0875;0.09375;-0.01953125;-0.076904296875;-0.05;0.0970703125;0.0496948242188;-0.05;-0.03125;-0.0234375;-0.0144287109375;0;0.0529296875;-0.03359375;-0.0625;0.078125;0.02353515625;0.09765625;0.019140625;-0.001171875;-0.0203125;-0.09697265625;-0.091796875;-0.0029296875;-0.003125;-0.0064208984375;-0.04375;-0.034375;-0.09921875;-0.00546875;-0.0234375;-0.08828125;-0.01640625;-0.084375;0.01484375;-0.025;-0.071484375;NaN;-0.00859375;0.0875;-0.0125;NaN;-0.0625;NaN;NaN;NaN;0.0875;0.085546875,3.24612175362591,10.4828782463741,11.7482866109825,26.921,0,,54.7816033,0
0.075,6,196006,sectionRetargetMode,shinbrotDiscontinuityAwareBisection,0,NaN,NaN,62578,0.08671875,-0.03828125,0.08671875;-0.0140625;0.0828125;0.05859375;-0.0259521484375;-0.096875;0.0712890625;0.05;0.1;0.021875;0.0328125;0.029052734375;-0.00546875;-0.0875;0.06015625;-1.220703125e-05;0.00390625;0.059375;-0.04609375;-0.0015625;0.025;0.0921875;-0.0359375;0.02109375;0.1;-0.07421875;0.028125;0.046630859375;0.0140625;-0.0001220703125;0.01953125;-0.04375;0.022265625;-0.009375;0.0015625;-0.0828125;-0.00380859375;-0.04375;-0.00078125;-0.09609375;-0.09375;0.09765625;-0.0140625;0.09609375;0.015625;-0.028125;0.0359375;-0.09765625;-0.08359375;-0.0382821083069;0.021875;-0.065625;0.096875;0.071875;-0.0875;0.075;-0.01953125;-0.03828125,61,3,0;1;2;3;4;5;6;7;8;9;10;11;12;13;14;15;16;17;18;19;20;21;22;23;24;25;26;27;28;29;30;31;32;33;34;35;36;37;38;39;40;41;42;43;44;45;46;47;48;49;50;51;52;53;54;55;56;57;58;59;60,0;0.662353792619;0.664837084599;1.32086206452;1.32150528171;1.32191255704;2.8388755707;3.54110769883;3.54117982569;4.42061684657;5.90504398766;5.90582124552;6.56770263722;8.13335304304;9.79314148942;16.1707617455;16.1711572309;16.1715865696;17.685916453;17.6861519089;19.2833408035;21.5992619786;21.5993766667;22.1817197485;22.8406501579;23.714877404;23.7152463626;23.7154688559;25.2849180259;25.2851197844;28.6674813241;29.4084132761;29.4091298557;30.3348910838;33.1744808765;33.991657993;34.6529356801;34.6534213546;35.4128579458;35.4132584339;36.437517851;36.4376562358;40.9602364812;43.2887400618;47.7752565311;47.7760195114;48.3610085135;48.361312036;48.362421051;48.9611961126;49.9513857173;49.9517983803;53.6435373852;54.3237972701;55.013286643;55.671914133;55.6720851808;55.6725996007;57.2129215384;62.5440225887;62.5458907861,shinbrotDiscontinuityAwareBisection;shinbrotDiscontinuityAwareBisection;shinbrotDiscontinuityAwareBisection;shinbrotDiscontinuityAwareBisection;shinbrotDiscontinuityAwareBisection;shinbrotDiscontinuityAwareBisection;shinbrotDiscontinuityAwareBisection;shinbrotDiscontinuityAwareBisection;shinbrotDiscontinuityAwareBisection;shinbrotDiscontinuityAwareBisection;shinbrotDiscontinuityAwareBisection;shinbrotDiscontinuityAwareBisection;shinbrotDiscontinuityAwareBisection;shinbrotDiscontinuityAwareBisection;shinbrotDiscontinuityAwareBisection;shinbrotDiscontinuityAwareBisection;shinbrotDiscontinuityAwareBisection;shinbrotDiscontinuityAwareBisection;shinbrotDiscontinuityAwareBisection;shinbrotDiscontinuityAwareBisection;shinbrotDiscontinuityAwareBisection;shinbrotDiscontinuityAwareBisection;shinbrotDiscontinuityAwareBisection;shinbrotDiscontinuityAwareBisection;shinbrotDiscontinuityAwareBisection;shinbrotDiscontinuityAwareBisection;shinbrotDiscontinuityAwareBisection;shinbrotDiscontinuityAwareBisection;shinbrotDiscontinuityAwareBisection;shinbrotDiscontinuityAwareBisection;shinbrotDiscontinuityAwareBisection;shinbrotDiscontinuityAwareBisection;shinbrotDiscontinuityAwareBisection;shinbrotDiscontinuityAwareBisection;shinbrotDiscontinuityAwareBisection;shinbrotDiscontinuityAwareBisection;shinbrotDiscontinuityAwareBisection;shinbrotDiscontinuityAwareBisection;shinbrotDiscontinuityAwareBisection;shinbrotDiscontinuityAwareBisection;shinbrotDiscontinuityAwareBisection;shinbrotDiscontinuityAwareBisection;shinbrotDiscontinuityAwareBisection;shinbrotDiscontinuityAwareBisection;shinbrotDiscontinuityAwareBisection;shinbrotDiscontinuityAwareBisection;shinbrotDiscontinuityAwareBisection;shinbrotDiscontinuityAwareBisection;shinbrotDiscontinuityAwareBisection;shinbrotDiscontinuityAwareBisection;shinbrotDiscontinuityAwareBisection;shinbrotDiscontinuityAwareBisection;shinbrotDiscontinuityAwareBisection;shinbrotDiscontinuityAwareBisection;shinbrotDiscontinuityAwareBisection;shinbrotDiscontinuityAwareBisection;shinbrotDiscontinuityAwareBisection;shinbrotDiscontinuityAwareBisection;shinbrotDiscontinuityAwareBisection;shinbrotDiscontinuityAwareBisection;shinbrotDiscontinuityAwareBisection,0.08671875;-0.0140625;0.0828125;0.05859375;-0.0259521484375;-0.096875;0.0712890625;0.05;0.1;0.021875;0.0328125;0.029052734375;-0.00546875;-0.0875;0.06015625;-1.220703125e-05;0.00390625;0.059375;-0.04609375;-0.0015625;0.025;0.0921875;-0.0359375;0.02109375;0.1;-0.07421875;0.028125;0.046630859375;0.0140625;-0.0001220703125;0.01953125;-0.04375;0.022265625;-0.009375;0.0015625;-0.0828125;-0.00380859375;-0.04375;-0.00078125;-0.09609375;-0.09375;0.09765625;-0.0140625;0.09609375;0.015625;-0.028125;NaN;NaN;NaN;0.0359375;-0.09765625;-0.08359375;-0.0382821083069;0.021875;-0.065625;0.096875;0.071875;-0.0875;0.075;-0.01953125;-0.03828125,2.17912508397925,11.5498749160207,14.1008721863711,26.921,0,,52.8284745,0
0.075,7,196007,sectionRetargetMode,shinbrotDiscontinuityAwareBisection,1,17,22.0901094551901,22100,0.08671875,0.0296875,0.08671875;0.0959594726563;0.05;-0.05;-0.05;-0.09375;-0.05;0.079638671875;-0.00205078125;0.075;0.083984375;0.003125;-0.078125;-0.0515625;0.03125;-0.01875;0.0296875,17,0,0;1;2;3;4;5;6;7;8;9;10;11;12;13;14;15;16,0;0.963340121767;4.12509325662;4.12517533782;4.96007341186;4.96020331995;4.96049524281;8.43613179147;10.0475652977;10.0482492539;11.8507773441;16.5220399678;16.5225426351;16.5229967057;17.5996228311;17.599641364;22.0900964782,shinbrotDiscontinuityAwareBisection;shinbrotDiscontinuityAwareBisection;shinbrotDiscontinuityAwareBisection;shinbrotDiscontinuityAwareBisection;shinbrotDiscontinuityAwareBisection;shinbrotDiscontinuityAwareBisection;shinbrotDiscontinuityAwareBisection;shinbrotDiscontinuityAwareBisection;shinbrotDiscontinuityAwareBisection;shinbrotDiscontinuityAwareBisection;shinbrotDiscontinuityAwareBisection;shinbrotDiscontinuityAwareBisection;shinbrotDiscontinuityAwareBisection;shinbrotDiscontinuityAwareBisection;shinbrotDiscontinuityAwareBisection;shinbrotDiscontinuityAwareBisection;shinbrotDiscontinuityAwareBisection,0.08671875;0.0959594726563;0.05;-0.05;-0.05;-0.09375;-0.05;0.079638671875;-0.00205078125;0.075;0.083984375;0.003125;-0.078125;-0.0515625;0.03125;-0.01875;0.0296875,0.00493345625429242,13.7339334562543,19.904125731244,26.921,0,,11.6670688,0
0.075,8,196008,sectionRetargetMode,shinbrotDiscontinuityAwareBisection,0,NaN,NaN,50864,0.08671875,-0.042578125,0.08671875;0.01875;-0.084375;-0.095703125;0.00390625;-0.09375;-0.02421875;0.09921875;-0.0234375;0.04375;0.0875;-0.05224609375;0.0646484375;-0.0375;-0.03515625;0.003515625;-0.0828125;0.040625;-0.08828125;-0.0140625;-0.071875;-0.0875;-0.050390625;-0.01171875;-0.05;0.0171875;0.0625;-0.020654296875;0.0515625;0.0625;0.003125;0;-0.065625;0.0686889648438;-0.1;0.075;-0.00703125;0.075;0.033203125;0.08203125;0.099658203125;-0.03828125;0.09775390625;-0.01015625;0.08984375;-0.053125;0.075;0.0625;-0.0625;0.03623046875;-0.0203125;-0.08828125;-0.0671875;-0.02724609375;-0.09921875;-0.05703125;-0.08671875;-0.042578125,61,3,0;1;2;3;4;5;6;7;8;9;10;11;12;13;14;15;16;17;18;19;20;21;22;23;24;25;26;27;28;29;30;31;32;33;34;35;36;37;38;39;40;41;42;43;44;45;46;47;48;49;50;51;52;53;54;55;56;57;58;59;60,0;6.31288727632;7.1988811124;10.7503389134;15.7541972767;15.7542577189;15.7544265469;18.6018728318;19.2338484974;19.8604549718;21.1472331883;21.1494991458;21.7949471951;21.795141262;22.4759505008;23.1250791188;23.8507828522;23.8511782608;26.7119078979;26.7119747105;26.7125772952;26.7127772125;26.7154024131;26.7160787398;27.4779761974;27.4786638045;28.9848830631;28.9849038641;28.9852630263;28.9856119667;29.7290604431;31.4417792565;31.4419989187;31.4422400431;33.1199403809;33.1204913683;35.1957879568;35.1960523877;35.1964087302;38.1377385088;38.1379928778;38.814900736;39.4883752525;40.210837165;40.9803774609;42.3873148622;43.1430612877;43.1430685414;43.1435880146;43.1439216704;43.1441106369;43.1442552305;43.1447810145;43.1449048586;43.1450833813;43.1452249296;48.3778977287;49.1255219532;50.831079514;50.8311402205;50.8317833811,shinbrotDiscontinuityAwareBisection;shinbrotDiscontinuityAwareBisection;shinbrotDiscontinuityAwareBisection;shinbrotDiscontinuityAwareBisection;shinbrotDiscontinuityAwareBisection;shinbrotDiscontinuityAwareBisection;shinbrotDiscontinuityAwareBisection;shinbrotDiscontinuityAwareBisection;shinbrotDiscontinuityAwareBisection;shinbrotDiscontinuityAwareBisection;shinbrotDiscontinuityAwareBisection;shinbrotDiscontinuityAwareBisection;shinbrotDiscontinuityAwareBisection;shinbrotDiscontinuityAwareBisection;shinbrotDiscontinuityAwareBisection;shinbrotDiscontinuityAwareBisection;shinbrotDiscontinuityAwareBisection;shinbrotDiscontinuityAwareBisection;shinbrotDiscontinuityAwareBisection;shinbrotDiscontinuityAwareBisection;shinbrotDiscontinuityAwareBisection;shinbrotDiscontinuityAwareBisection;shinbrotDiscontinuityAwareBisection;shinbrotDiscontinuityAwareBisection;shinbrotDiscontinuityAwareBisection;shinbrotDiscontinuityAwareBisection;shinbrotDiscontinuityAwareBisection;shinbrotDiscontinuityAwareBisection;shinbrotDiscontinuityAwareBisection;shinbrotDiscontinuityAwareBisection;shinbrotDiscontinuityAwareBisection;shinbrotDiscontinuityAwareBisection;shinbrotDiscontinuityAwareBisection;shinbrotDiscontinuityAwareBisection;shinbrotDiscontinuityAwareBisection;shinbrotDiscontinuityAwareBisection;shinbrotDiscontinuityAwareBisection;shinbrotDiscontinuityAwareBisection;shinbrotDiscontinuityAwareBisection;shinbrotDiscontinuityAwareBisection;shinbrotDiscontinuityAwareBisection;shinbrotDiscontinuityAwareBisection;shinbrotDiscontinuityAwareBisection;shinbrotDiscontinuityAwareBisection;shinbrotDiscontinuityAwareBisection;shinbrotDiscontinuityAwareBisection;shinbrotDiscontinuityAwareBisection;shinbrotDiscontinuityAwareBisection;shinbrotDiscontinuityAwareBisection;shinbrotDiscontinuityAwareBisection;shinbrotDiscontinuityAwareBisection;shinbrotDiscontinuityAwareBisection;shinbrotDiscontinuityAwareBisection;shinbrotDiscontinuityAwareBisection;shinbrotDiscontinuityAwareBisection;shinbrotDiscontinuityAwareBisection;shinbrotDiscontinuityAwareBisection;shinbrotDiscontinuityAwareBisection;shinbrotDiscontinuityAwareBisection;shinbrotDiscontinuityAwareBisection;shinbrotDiscontinuityAwareBisection,0.08671875;0.01875;-0.084375;-0.095703125;0.00390625;-0.09375;-0.02421875;0.09921875;-0.0234375;NaN;NaN;NaN;0.04375;0.0875;-0.05224609375;0.0646484375;-0.0375;-0.03515625;0.003515625;-0.0828125;0.040625;-0.08828125;-0.0140625;-0.071875;-0.0875;-0.050390625;-0.01171875;-0.05;0.0171875;0.0625;-0.020654296875;0.0515625;0.0625;0.003125;0;-0.065625;0.0686889648438;-0.1;0.075;-0.00703125;0.075;0.033203125;0.08203125;0.099658203125;-0.03828125;0.09775390625;-0.01015625;0.08984375;-0.053125;0.075;0.0625;-0.0625;0.03623046875;-0.0203125;-0.08828125;-0.0671875;-0.02724609375;-0.09921875;-0.05703125;-0.08671875;-0.042578125,1.21081438240502,14.939814382405,21.0864639518061,26.921,0,,45.4137411,0
0.075,9,196009,sectionRetargetMode,shinbrotDiscontinuityAwareBisection,0,NaN,NaN,56340,0.08671875,0.089013671875,0.08671875;-0.096875;-0.0109375;0.0015625;0.00703125;0.0693359375;0.01171875;-0.0015625;0.03125;0.0814453125;-0.01328125;0.025;0.04765625;0.0796875;-0.0515625;-0.0900390625;-0.0500122070313;-0.0609375;-0.048828125;0.09951171875;-0.07265625;-0.01982421875;-0.000521850585938;0.0998046875;-0.04453125;-0.0640625;0.05625;-0.0578125;0.03125;0.03486328125;0.09970703125;0.058447265625;0.04775390625;-0.0908203125;0.09921875;-0.021875;0.0995849609375;0.0623046875;0.0814453125;-0.0478515625;0.00625;-0.0796875;-0.09375;-0.08125;0.025;0.0982421875;-0.05703125;-0.0421875;0.04951171875;-0.096875;0.1;0.099609375;-0.0109375;0.089013671875,61,7,0;1;2;3;4;5;6;7;8;9;10;11;12;13;14;15;16;17;18;19;20;21;22;23;24;25;26;27;28;29;30;31;32;33;34;35;36;37;38;39;40;41;42;43;44;45;46;47;48;49;50;51;52;53;54;55;56;57;58;59;60,0;0.661854067513;0.662441300175;0.663342100662;0.663534840995;0.664038222709;1.80002244989;10.4570336235;11.0993085478;11.0997377665;11.7304997541;11.7307340978;11.7314665533;11.7316310858;11.7323980693;12.5142865408;13.1047733419;14.2884683448;14.8780942137;14.8782863767;15.5362226155;16.8474651802;18.9141465372;20.4155525745;22.1261312507;23.7418077614;24.3521533081;24.3536687846;24.3555166819;25.0052163081;25.0062187166;26.2916873513;28.3183477638;28.3187634299;28.3187907028;30.6091519019;31.4083276582;32.9528030705;32.9528826598;36.6466482646;38.0892120678;38.0892157372;39.7578485602;40.4270823732;40.4271873467;40.427967578;40.4283678368;45.1708161703;45.1711725009;45.1711813749;46.0059225134;50.5472321045;54.0321795961;54.0322776783;55.510251441;55.5102844937;56.3068913579;56.307260975;56.3073491518;56.3075704476;56.3075883286,shinbrotDiscontinuityAwareBisection;shinbrotDiscontinuityAwareBisection;shinbrotDiscontinuityAwareBisection;shinbrotDiscontinuityAwareBisection;shinbrotDiscontinuityAwareBisection;shinbrotDiscontinuityAwareBisection;shinbrotDiscontinuityAwareBisection;shinbrotDiscontinuityAwareBisection;shinbrotDiscontinuityAwareBisection;shinbrotDiscontinuityAwareBisection;shinbrotDiscontinuityAwareBisection;shinbrotDiscontinuityAwareBisection;shinbrotDiscontinuityAwareBisection;shinbrotDiscontinuityAwareBisection;shinbrotDiscontinuityAwareBisection;shinbrotDiscontinuityAwareBisection;shinbrotDiscontinuityAwareBisection;shinbrotDiscontinuityAwareBisection;shinbrotDiscontinuityAwareBisection;shinbrotDiscontinuityAwareBisection;shinbrotDiscontinuityAwareBisection;shinbrotDiscontinuityAwareBisection;shinbrotDiscontinuityAwareBisection;shinbrotDiscontinuityAwareBisection;shinbrotDiscontinuityAwareBisection;shinbrotDiscontinuityAwareBisection;shinbrotDiscontinuityAwareBisection;shinbrotDiscontinuityAwareBisection;shinbrotDiscontinuityAwareBisection;shinbrotDiscontinuityAwareBisection;shinbrotDiscontinuityAwareBisection;shinbrotDiscontinuityAwareBisection;shinbrotDiscontinuityAwareBisection;shinbrotDiscontinuityAwareBisection;shinbrotDiscontinuityAwareBisection;shinbrotDiscontinuityAwareBisection;shinbrotDiscontinuityAwareBisection;shinbrotDiscontinuityAwareBisection;shinbrotDiscontinuityAwareBisection;shinbrotDiscontinuityAwareBisection;shinbrotDiscontinuityAwareBisection;shinbrotDiscontinuityAwareBisection;shinbrotDiscontinuityAwareBisection;shinbrotDiscontinuityAwareBisection;shinbrotDiscontinuityAwareBisection;shinbrotDiscontinuityAwareBisection;shinbrotDiscontinuityAwareBisection;shinbrotDiscontinuityAwareBisection;shinbrotDiscontinuityAwareBisection;shinbrotDiscontinuityAwareBisection;shinbrotDiscontinuityAwareBisection;shinbrotDiscontinuityAwareBisection;shinbrotDiscontinuityAwareBisection;shinbrotDiscontinuityAwareBisection;shinbrotDiscontinuityAwareBisection;shinbrotDiscontinuityAwareBisection;shinbrotDiscontinuityAwareBisection;shinbrotDiscontinuityAwareBisection;shinbrotDiscontinuityAwareBisection;shinbrotDiscontinuityAwareBisection;shinbrotDiscontinuityAwareBisection,0.08671875;-0.096875;-0.0109375;0.0015625;0.00703125;0.0693359375;0.01171875;-0.0015625;0.03125;NaN;NaN;NaN;NaN;NaN;NaN;0.0814453125;-0.01328125;0.025;0.04765625;0.0796875;-0.0515625;-0.0900390625;-0.0500122070313;-0.0609375;-0.048828125;0.09951171875;-0.07265625;-0.01982421875;-0.000521850585938;0.0998046875;-0.04453125;NaN;-0.0640625;0.05625;-0.0578125;0.03125;0.03486328125;0.09970703125;0.058447265625;0.04775390625;-0.0908203125;0.09921875;-0.021875;0.0995849609375;0.0623046875;0.0814453125;-0.0478515625;0.00625;-0.0796875;-0.09375;-0.08125;0.025;0.0982421875;-0.05703125;-0.0421875;0.04951171875;-0.096875;0.1;0.099609375;-0.0109375;0.089013671875,0.467656291709483,13.2613437082905,19.9227321663497,26.921,0,,52.8909219,0
0.075,10,196010,sectionRetargetMode,shinbrotDiscontinuityAwareBisection,1,5,3.88754789752726,3890,0.08671875,-0.092578125,0.08671875;0.0962890625;0.09140625;-0.018359375;-0.092578125,5,0,0;1;2;3;4,0;2.30754774964;2.30757103958;3.88624432851;3.88689656256,shinbrotDiscontinuityAwareBisection;shinbrotDiscontinuityAwareBisection;shinbrotDiscontinuityAwareBisection;shinbrotDiscontinuityAwareBisection;shinbrotDiscontinuityAwareBisection,0.08671875;0.0962890625;0.09140625;-0.018359375;-0.092578125,0.00377576659774448,13.7327757665977,19.0914819852802,26.921,0,,6.6952791,0
0.1,1,197001,sectionRetargetMode,shinbrotDiscontinuityAwareBisection,0,NaN,NaN,74186,0.08671875,0.047265625,0.08671875;0.019140625;-0.0044921875;0.0453125;0.0041015625;0.09375;-0.0849609375;0.00625;-0.07265625;0.025;-0.02734375;0.0869140625;-0.05625;-0.0387451171875;-0.026171875;0.090625;0.00625;-0.025;0.0875;-0.0796875;0.04375;-0.025;-0.0015625;-0.00234375;-0.009375;-0.025;-0.0626544952393;0.08125;0.1;-0.01796875;-0.00234375;0.0921875;0.0046875;-0.05;-0.0234375;-0.0109375;-0.02109375;-0.075;0.05;0.015625;-0.0453125;-0.01484375;0.06484375;-0.005859375;0.021875;0.09921875;0.021875;0.025;0.1;0.0576171875;-0.086083984375;-0.0203125;-0.01796875;-0.078125;0.087109375;0.047265625,61,5,0;1;2;3;4;5;6;7;8;9;10;11;12;13;14;15;16;17;18;19;20;21;22;23;24;25;26;27;28;29;30;31;32;33;34;35;36;37;38;39;40;41;42;43;44;45;46;47;48;49;50;51;52;53;54;55;56;57;58;59;60,0;2.1985966519;2.19958078894;3.1140329918;5.60922391311;5.60992348885;5.6123410498;6.44365068947;10.1643824459;10.1644345468;13.0449047375;14.6855293871;17.4927946057;17.4941197068;17.4948674092;18.2545189679;18.2556549253;19.5144948575;20.2502324583;27.1048274593;28.5177913465;28.5183485194;31.4560148252;32.8760686761;33.5529321257;34.3287856975;34.328970551;36.0145559947;38.007356719;39.5432121754;41.4888808314;42.9922059263;44.653337709;44.653975441;44.6545525212;44.6550196816;44.6551961575;44.6559609761;47.5716404133;51.6120673741;55.4753271636;56.1586078919;56.1590807679;64.5525713969;65.290033824;66.5353038069;69.9332034384;69.9342217206;69.934954473;69.9351826611;69.9365472894;70.6186468405;70.6187813613;70.6204895354;70.6205922294;71.3422952189;71.3428113512;72.8708894426;73.5009126871;74.1539169437;74.1541208882,shinbrotDiscontinuityAwareBisection;shinbrotDiscontinuityAwareBisection;shinbrotDiscontinuityAwareBisection;shinbrotDiscontinuityAwareBisection;shinbrotDiscontinuityAwareBisection;shinbrotDiscontinuityAwareBisection;shinbrotDiscontinuityAwareBisection;shinbrotDiscontinuityAwareBisection;shinbrotDiscontinuityAwareBisection;shinbrotDiscontinuityAwareBisection;shinbrotDiscontinuityAwareBisection;shinbrotDiscontinuityAwareBisection;shinbrotDiscontinuityAwareBisection;shinbrotDiscontinuityAwareBisection;shinbrotDiscontinuityAwareBisection;shinbrotDiscontinuityAwareBisection;shinbrotDiscontinuityAwareBisection;shinbrotDiscontinuityAwareBisection;shinbrotDiscontinuityAwareBisection;shinbrotDiscontinuityAwareBisection;shinbrotDiscontinuityAwareBisection;shinbrotDiscontinuityAwareBisection;shinbrotDiscontinuityAwareBisection;shinbrotDiscontinuityAwareBisection;shinbrotDiscontinuityAwareBisection;shinbrotDiscontinuityAwareBisection;shinbrotDiscontinuityAwareBisection;shinbrotDiscontinuityAwareBisection;shinbrotDiscontinuityAwareBisection;shinbrotDiscontinuityAwareBisection;shinbrotDiscontinuityAwareBisection;shinbrotDiscontinuityAwareBisection;shinbrotDiscontinuityAwareBisection;shinbrotDiscontinuityAwareBisection;shinbrotDiscontinuityAwareBisection;shinbrotDiscontinuityAwareBisection;shinbrotDiscontinuityAwareBisection;shinbrotDiscontinuityAwareBisection;shinbrotDiscontinuityAwareBisection;shinbrotDiscontinuityAwareBisection;shinbrotDiscontinuityAwareBisection;shinbrotDiscontinuityAwareBisection;shinbrotDiscontinuityAwareBisection;shinbrotDiscontinuityAwareBisection;shinbrotDiscontinuityAwareBisection;shinbrotDiscontinuityAwareBisection;shinbrotDiscontinuityAwareBisection;shinbrotDiscontinuityAwareBisection;shinbrotDiscontinuityAwareBisection;shinbrotDiscontinuityAwareBisection;shinbrotDiscontinuityAwareBisection;shinbrotDiscontinuityAwareBisection;shinbrotDiscontinuityAwareBisection;shinbrotDiscontinuityAwareBisection;shinbrotDiscontinuityAwareBisection;shinbrotDiscontinuityAwareBisection;shinbrotDiscontinuityAwareBisection;shinbrotDiscontinuityAwareBisection;shinbrotDiscontinuityAwareBisection;shinbrotDiscontinuityAwareBisection;shinbrotDiscontinuityAwareBisection,0.08671875;0.019140625;-0.0044921875;0.0453125;0.0041015625;0.09375;-0.0849609375;0.00625;-0.07265625;0.025;-0.02734375;0.0869140625;NaN;NaN;NaN;NaN;-0.05625;-0.0387451171875;NaN;-0.026171875;0.090625;0.00625;-0.025;0.0875;-0.0796875;0.04375;-0.025;-0.0015625;-0.00234375;-0.009375;-0.025;-0.0626544952393;0.08125;0.1;-0.01796875;-0.00234375;0.0921875;0.0046875;-0.05;-0.0234375;-0.0109375;-0.02109375;-0.075;0.05;0.015625;-0.0453125;-0.01484375;0.06484375;-0.005859375;0.021875;0.09921875;0.021875;0.025;0.1;0.0576171875;-0.086083984375;-0.0203125;-0.01796875;-0.078125;0.087109375;0.047265625,0.269918436096299,13.4590815639037,17.2648100085287,26.921,0,,37.1074934,0
0.1,2,197002,sectionRetargetMode,shinbrotDiscontinuityAwareBisection,0,NaN,NaN,45041,0.08671875,-0.0203125,0.08671875;-0.0375;-0.00888671875;-0.05;-0.0875;0.03125;-0.0625;-0.0921875;0.05;-0.05;0.1;-0.0015625;0.0216552734375;0.083984375;-0.0234375;-0.078125;-0.0015625;-0.0859375;0.096728515625;-0.021875;0.0671875;0.0390625;-0.0421875;0.09609375;0.078125;-0.05;-0.0125;0;0.0890625;-0.040625;-0.057421875;-0.07265625;0.0296875;0.1;-0.07646484375;-0.0703125;-0.075;0.0684265136719;0.025;-0.0875;0.05625;-0.00107421875;0.0705078125;-0.000390625;0.0375;0.0865234375;-0.00439453125;0.098046875;0.0546875;-0.0875;-0.075;-0.0078125;-0.059375;-0.065625;-0.00234375;0.0984375;-0.0703125;-0.009375;0.01328125;-0.0203125,61,1,0;1;2;3;4;5;6;7;8;9;10;11;12;13;14;15;16;17;18;19;20;21;22;23;24;25;26;27;28;29;30;31;32;33;34;35;36;37;38;39;40;41;42;43;44;45;46;47;48;49;50;51;52;53;54;55;56;57;58;59;60,0;0.6507212272;2.94500126011;4.18068740503;4.18758652564;5.52434188653;5.52517665626;5.52532651736;5.52633760975;5.52655097216;5.52676095762;6.91575894736;9.22243645753;9.2232503081;10.7328029578;10.7337974347;10.7344649321;12.1798450876;12.9723711094;15.0189919017;15.019694425;15.0205119025;15.0210564217;15.0215168149;15.0228106219;15.0233106133;16.5075740454;16.5097064842;17.1370448778;17.7379428043;20.5010413471;21.1798500931;21.1829800377;21.1831621902;22.4770149713;22.4865242814;23.1192564168;23.1206958508;23.6886405279;24.5751685501;25.285855083;30.6623648762;30.6646546462;31.3147898971;31.9295006192;31.9321036398;31.9344749078;32.5660235319;32.5669384682;34.2210244515;38.4093800091;38.4095315695;39.2203894242;39.2205665643;40.7644962916;41.4934949677;42.0527041756;44.3022868053;44.3027044675;45.0125983608;45.0132783701,shinbrotDiscontinuityAwareBisection;shinbrotDiscontinuityAwareBisection;shinbrotDiscontinuityAwareBisection;shinbrotDiscontinuityAwareBisection;shinbrotDiscontinuityAwareBisection;shinbrotDiscontinuityAwareBisection;shinbrotDiscontinuityAwareBisection;shinbrotDiscontinuityAwareBisection;shinbrotDiscontinuityAwareBisection;shinbrotDiscontinuityAwareBisection;shinbrotDiscontinuityAwareBisection;shinbrotDiscontinuityAwareBisection;shinbrotDiscontinuityAwareBisection;shinbrotDiscontinuityAwareBisection;shinbrotDiscontinuityAwareBisection;shinbrotDiscontinuityAwareBisection;shinbrotDiscontinuityAwareBisection;shinbrotDiscontinuityAwareBisection;shinbrotDiscontinuityAwareBisection;shinbrotDiscontinuityAwareBisection;shinbrotDiscontinuityAwareBisection;shinbrotDiscontinuityAwareBisection;shinbrotDiscontinuityAwareBisection;shinbrotDiscontinuityAwareBisection;shinbrotDiscontinuityAwareBisection;shinbrotDiscontinuityAwareBisection;shinbrotDiscontinuityAwareBisection;shinbrotDiscontinuityAwareBisection;shinbrotDiscontinuityAwareBisection;shinbrotDiscontinuityAwareBisection;shinbrotDiscontinuityAwareBisection;shinbrotDiscontinuityAwareBisection;shinbrotDiscontinuityAwareBisection;shinbrotDiscontinuityAwareBisection;shinbrotDiscontinuityAwareBisection;shinbrotDiscontinuityAwareBisection;shinbrotDiscontinuityAwareBisection;shinbrotDiscontinuityAwareBisection;shinbrotDiscontinuityAwareBisection;shinbrotDiscontinuityAwareBisection;shinbrotDiscontinuityAwareBisection;shinbrotDiscontinuityAwareBisection;shinbrotDiscontinuityAwareBisection;shinbrotDiscontinuityAwareBisection;shinbrotDiscontinuityAwareBisection;shinbrotDiscontinuityAwareBisection;shinbrotDiscontinuityAwareBisection;shinbrotDiscontinuityAwareBisection;shinbrotDiscontinuityAwareBisection;shinbrotDiscontinuityAwareBisection;shinbrotDiscontinuityAwareBisection;shinbrotDiscontinuityAwareBisection;shinbrotDiscontinuityAwareBisection;shinbrotDiscontinuityAwareBisection;shinbrotDiscontinuityAwareBisection;shinbrotDiscontinuityAwareBisection;shinbrotDiscontinuityAwareBisection;shinbrotDiscontinuityAwareBisection;shinbrotDiscontinuityAwareBisection;shinbrotDiscontinuityAwareBisection;shinbrotDiscontinuityAwareBisection,0.08671875;-0.0375;-0.00888671875;-0.05;-0.0875;0.03125;-0.0625;-0.0921875;0.05;-0.05;0.1;-0.0015625;0.0216552734375;0.083984375;-0.0234375;-0.078125;-0.0015625;-0.0859375;0.096728515625;-0.021875;0.0671875;0.0390625;-0.0421875;0.09609375;0.078125;-0.05;-0.0125;0;0.0890625;-0.040625;-0.057421875;-0.07265625;0.0296875;0.1;-0.07646484375;-0.0703125;-0.075;0.0684265136719;0.025;-0.0875;0.05625;-0.00107421875;0.0705078125;-0.000390625;0.0375;0.0865234375;-0.00439453125;0.098046875;0.0546875;-0.0875;-0.075;-0.0078125;-0.059375;-0.065625;-0.00234375;0.0984375;NaN;-0.0703125;-0.009375;0.01328125;-0.0203125,1.72852380983032,12.0004761901697,16.8649992548621,26.921,0,,43.7017041,0
0.1,3,197003,sectionRetargetMode,shinbrotDiscontinuityAwareBisection,0,NaN,NaN,68643,0.08671875,0.08125,0.08671875;-0.05625;0.07421875;-0.0083984375;-0.0040283203125;-0.0515625;-0.1;0.025;0.05;-0.025;0.0109375;-0.0625;0.05;0.091796875;-0.1;0;-0.1;-0.00625;0.04375;-0.0875;0.0931640625;-0.0359375;0.05576171875;-0.015625;0.0640625;-0.05;0.0447998046875;0.02109375;-0.05;0.0171875;-0.040625;-0.01328125;-0.0578125;-0.020703125;0.0935302734375;0.00625;0.0966796875;0.0029296875;0.0578125;-0.01875;-0.0502197265625;-0.095703125;-0.04921875;-0.0048828125;0.09609375;0.096875;0.1;-0.059375;-0.0734375;-0.05;0.1;-0.058984375;-0.07578125;-0.03828125;-0.1;-0.1;0.0493962287903;-0.0625;0.08125,61,2,0;1;2;3;4;5;6;7;8;9;10;11;12;13;14;15;16;17;18;19;20;21;22;23;24;25;26;27;28;29;30;31;32;33;34;35;36;37;38;39;40;41;42;43;44;45;46;47;48;49;50;51;52;53;54;55;56;57;58;59;60,0;1.47921379665;2.18313972786;2.18333566026;6.70687909943;6.7077363623;8.13035530028;8.7669526484;8.76783186744;9.43126875232;9.43283441095;10.2076532234;12.2704089378;12.2707337986;12.2716661105;12.2717648348;12.271971486;12.2723079822;12.2727373723;12.2728812786;12.2734833205;12.2738816454;13.0649514626;14.7591478091;14.75925451;23.3946776401;23.3951678332;23.3954758236;28.4183658258;29.38526542;29.3859434172;32.2450877154;32.929764607;33.6722755465;33.672921328;33.6738764942;36.7756212074;39.4002156973;43.9357532529;46.1402435827;46.1409915268;51.1360701024;51.1367224667;51.1368725668;51.1372746861;51.9390807112;55.7086031036;57.5080844316;60.923090079;61.5721029428;61.5753146202;62.1873498114;62.7941747988;62.794598721;63.3562318461;63.3573317354;64.000690195;66.7541905053;66.7639089781;66.7639299895;68.6117005248,shinbrotDiscontinuityAwareBisection;shinbrotDiscontinuityAwareBisection;shinbrotDiscontinuityAwareBisection;shinbrotDiscontinuityAwareBisection;shinbrotDiscontinuityAwareBisection;shinbrotDiscontinuityAwareBisection;shinbrotDiscontinuityAwareBisection;shinbrotDiscontinuityAwareBisection;shinbrotDiscontinuityAwareBisection;shinbrotDiscontinuityAwareBisection;shinbrotDiscontinuityAwareBisection;shinbrotDiscontinuityAwareBisection;shinbrotDiscontinuityAwareBisection;shinbrotDiscontinuityAwareBisection;shinbrotDiscontinuityAwareBisection;shinbrotDiscontinuityAwareBisection;shinbrotDiscontinuityAwareBisection;shinbrotDiscontinuityAwareBisection;shinbrotDiscontinuityAwareBisection;shinbrotDiscontinuityAwareBisection;shinbrotDiscontinuityAwareBisection;shinbrotDiscontinuityAwareBisection;shinbrotDiscontinuityAwareBisection;shinbrotDiscontinuityAwareBisection;shinbrotDiscontinuityAwareBisection;shinbrotDiscontinuityAwareBisection;shinbrotDiscontinuityAwareBisection;shinbrotDiscontinuityAwareBisection;shinbrotDiscontinuityAwareBisection;shinbrotDiscontinuityAwareBisection;shinbrotDiscontinuityAwareBisection;shinbrotDiscontinuityAwareBisection;shinbrotDiscontinuityAwareBisection;shinbrotDiscontinuityAwareBisection;shinbrotDiscontinuityAwareBisection;shinbrotDiscontinuityAwareBisection;shinbrotDiscontinuityAwareBisection;shinbrotDiscontinuityAwareBisection;shinbrotDiscontinuityAwareBisection;shinbrotDiscontinuityAwareBisection;shinbrotDiscontinuityAwareBisection;shinbrotDiscontinuityAwareBisection;shinbrotDiscontinuityAwareBisection;shinbrotDiscontinuityAwareBisection;shinbrotDiscontinuityAwareBisection;shinbrotDiscontinuityAwareBisection;shinbrotDiscontinuityAwareBisection;shinbrotDiscontinuityAwareBisection;shinbrotDiscontinuityAwareBisection;shinbrotDiscontinuityAwareBisection;shinbrotDiscontinuityAwareBisection;shinbrotDiscontinuityAwareBisection;shinbrotDiscontinuityAwareBisection;shinbrotDiscontinuityAwareBisection;shinbrotDiscontinuityAwareBisection;shinbrotDiscontinuityAwareBisection;shinbrotDiscontinuityAwareBisection;shinbrotDiscontinuityAwareBisection;shinbrotDiscontinuityAwareBisection;shinbrotDiscontinuityAwareBisection;shinbrotDiscontinuityAwareBisection,0.08671875;-0.05625;0.07421875;-0.0083984375;-0.0040283203125;-0.0515625;-0.1;0.025;0.05;-0.025;0.0109375;-0.0625;0.05;0.091796875;-0.1;0;-0.1;-0.00625;0.04375;-0.0875;0.0931640625;-0.0359375;0.05576171875;-0.015625;0.0640625;-0.05;0.0447998046875;0.02109375;-0.05;0.0171875;-0.040625;-0.01328125;-0.0578125;-0.020703125;0.0935302734375;0.00625;0.0966796875;0.0029296875;0.0578125;-0.01875;-0.0502197265625;-0.095703125;-0.04921875;-0.0048828125;0.09609375;0.096875;0.1;-0.059375;-0.0734375;-0.05;0.1;-0.058984375;-0.07578125;-0.03828125;NaN;NaN;-0.1;-0.1;0.0493962287903;-0.0625;0.08125,4.11018012794007,9.61881987205993,11.9517004216698,26.921,0,,49.5202989,0
0.1,4,197004,sectionRetargetMode,shinbrotDiscontinuityAwareBisection,0,NaN,NaN,80477,0.08671875,0.046875,0.08671875;0.06640625;-0.0234375;-0.000244140625;0.089453125;0.0625;-0.01796875;-0.05;0.09296875;-0.0265625;0.09375;0.096875;-0.0140625;0.0439697265625;0.0015625;0.015625;0.03125;0.013671875;-0.094921875;-0.00234375;-0.0359375;0.0978790283203;0.1;0.08720703125;-0.0390625;0.00625;0.046875;-0.03125;-0.05;0.08125;-0.021875;-0.049609375;0.0966796875;-0.015625;0.0609375;0.07109375;-0.084375;0.0609375;0.0484375;-0.00078125;0.03125;-0.051953125;-0.073828125;-0.015625;-0.019140625;0.1;-0.0359375;-0.0109375;-0.0109375;0.1;0.0015625;-0.0125;-0.04375;0.015625;-0.090234375;-0.065625;0.04765625;0.0474609375;-0.0453125;0.034375;0.046875,61,0,0;1;2;3;4;5;6;7;8;9;10;11;12;13;14;15;16;17;18;19;20;21;22;23;24;25;26;27;28;29;30;31;32;33;34;35;36;37;38;39;40;41;42;43;44;45;46;47;48;49;50;51;52;53;54;55;56;57;58;59;60,0;0.000314034114974;0.809489022572;2.32472333863;2.32487094932;2.32544475764;3.73364873147;3.73403404548;4.46092113315;4.46120909247;10.5175326048;16.85407203;18.2429916529;18.9319420257;18.9325116211;18.9332161203;18.9333387041;18.9334235449;18.9343405583;18.9346185572;18.9348413807;26.8786957219;27.6086516436;27.6087009572;32.4311750775;32.4318923251;33.0903619773;33.0905795272;33.7499447482;33.7504391564;35.0970838845;35.7580340193;35.7586746856;38.01474592;40.7676175768;41.4051235393;41.4051261178;42.1829899117;43.856877981;53.0394119257;53.0399484988;54.6701882901;57.6573334518;57.6580911263;59.9108502175;63.6717957467;63.6737594997;64.2877537043;64.2878560582;64.9304993165;72.0781365246;72.0800607979;72.8146328752;72.8146526287;72.8150267987;72.8151324974;72.8156131809;73.6095289789;76.6599204916;76.6601567067;80.4477610486,shinbrotDiscontinuityAwareBisection;shinbrotDiscontinuityAwareBisection;shinbrotDiscontinuityAwareBisection;shinbrotDiscontinuityAwareBisection;shinbrotDiscontinuityAwareBisection;shinbrotDiscontinuityAwareBisection;shinbrotDiscontinuityAwareBisection;shinbrotDiscontinuityAwareBisection;shinbrotDiscontinuityAwareBisection;shinbrotDiscontinuityAwareBisection;shinbrotDiscontinuityAwareBisection;shinbrotDiscontinuityAwareBisection;shinbrotDiscontinuityAwareBisection;shinbrotDiscontinuityAwareBisection;shinbrotDiscontinuityAwareBisection;shinbrotDiscontinuityAwareBisection;shinbrotDiscontinuityAwareBisection;shinbrotDiscontinuityAwareBisection;shinbrotDiscontinuityAwareBisection;shinbrotDiscontinuityAwareBisection;shinbrotDiscontinuityAwareBisection;shinbrotDiscontinuityAwareBisection;shinbrotDiscontinuityAwareBisection;shinbrotDiscontinuityAwareBisection;shinbrotDiscontinuityAwareBisection;shinbrotDiscontinuityAwareBisection;shinbrotDiscontinuityAwareBisection;shinbrotDiscontinuityAwareBisection;shinbrotDiscontinuityAwareBisection;shinbrotDiscontinuityAwareBisection;shinbrotDiscontinuityAwareBisection;shinbrotDiscontinuityAwareBisection;shinbrotDiscontinuityAwareBisection;shinbrotDiscontinuityAwareBisection;shinbrotDiscontinuityAwareBisection;shinbrotDiscontinuityAwareBisection;shinbrotDiscontinuityAwareBisection;shinbrotDiscontinuityAwareBisection;shinbrotDiscontinuityAwareBisection;shinbrotDiscontinuityAwareBisection;shinbrotDiscontinuityAwareBisection;shinbrotDiscontinuityAwareBisection;shinbrotDiscontinuityAwareBisection;shinbrotDiscontinuityAwareBisection;shinbrotDiscontinuityAwareBisection;shinbrotDiscontinuityAwareBisection;shinbrotDiscontinuityAwareBisection;shinbrotDiscontinuityAwareBisection;shinbrotDiscontinuityAwareBisection;shinbrotDiscontinuityAwareBisection;shinbrotDiscontinuityAwareBisection;shinbrotDiscontinuityAwareBisection;shinbrotDiscontinuityAwareBisection;shinbrotDiscontinuityAwareBisection;shinbrotDiscontinuityAwareBisection;shinbrotDiscontinuityAwareBisection;shinbrotDiscontinuityAwareBisection;shinbrotDiscontinuityAwareBisection;shinbrotDiscontinuityAwareBisection;shinbrotDiscontinuityAwareBisection;shinbrotDiscontinuityAwareBisection,0.08671875;0.06640625;-0.0234375;-0.000244140625;0.089453125;0.0625;-0.01796875;-0.05;0.09296875;-0.0265625;0.09375;0.096875;-0.0140625;0.0439697265625;0.0015625;0.015625;0.03125;0.013671875;-0.094921875;-0.00234375;-0.0359375;0.0978790283203;0.1;0.08720703125;-0.0390625;0.00625;0.046875;-0.03125;-0.05;0.08125;-0.021875;-0.049609375;0.0966796875;-0.015625;0.0609375;0.07109375;-0.084375;0.0609375;0.0484375;-0.00078125;0.03125;-0.051953125;-0.073828125;-0.015625;-0.019140625;0.1;-0.0359375;-0.0109375;-0.0109375;0.1;0.0015625;-0.0125;-0.04375;0.015625;-0.090234375;-0.065625;0.04765625;0.0474609375;-0.0453125;0.034375;0.046875,0.773781516256722,12.9552184837433,18.6884593597227,26.921,0,,42.9576226,0
0.1,5,197005,sectionRetargetMode,shinbrotDiscontinuityAwareBisection,0,NaN,NaN,50752,0.08671875,-0.1,0.08671875;-0.1;-0.054296875;-0.09375;-0.0703125;0.0875;0.05859375;-0.01640625;0.00576171875;0.03701171875;-0.042822265625;0.09375;0.0943359375;-0.054296875;0.0625;-0.09921875;0.099609375;0.0328125;0.0796875;0.054296875;-0.0375;-0.0703125;0.06806640625;-0.095703125;-0.0640625;-0.0796875;0.04853515625;-0.02890625;-0.0939453125;-0.1;0.025390625;0.1;0.0984375;0.0796875;0.009375;-0.0503616333008;0.0615234375;-0.05;0;-0.0015625;-0.02109375;0.03359375;-0.04453125;-0.0625;0.096875;0.0953125;-0.078125;-0.0296875;-0.02578125;0.0625;0.024755859375;-0.029296875;0.0490234375;-0.06796875;-0.0078125;0.01875;0.078125;-0.1,61,3,0;1;2;3;4;5;6;7;8;9;10;11;12;13;14;15;16;17;18;19;20;21;22;23;24;25;26;27;28;29;30;31;32;33;34;35;36;37;38;39;40;41;42;43;44;45;46;47;48;49;50;51;52;53;54;55;56;57;58;59;60,0;1.54905288538;2.37509377795;2.3751174822;2.38608715637;3.09382274404;3.09467275429;3.73963151578;4.3763532319;5.13669543272;5.13709192404;5.13733869776;5.137644391;5.84282140567;5.84408790337;5.84461372183;7.37630587199;8.32278126275;14.2290204217;17.9136324579;24.7118927493;25.3537931444;26.0233441025;26.8713061869;26.8715823928;26.8717939312;29.1853048523;34.2524180318;34.2533521692;34.888484407;34.8893536821;34.8898850226;35.6841678976;35.684280582;35.6857584983;35.6868810266;35.6870271204;35.6881307218;36.4952475148;38.8819416273;39.6383733049;39.6387147065;40.3215216846;40.3220940319;40.9753137528;43.1876891398;43.188055603;43.8823578324;43.8824202636;44.6087253646;45.4363542789;48.7138026677;49.3409716629;49.3430631705;49.3443336363;49.3445835257;49.3464349607;50.0166001849;50.7163533505;50.7171830658;50.7178144838,shinbrotDiscontinuityAwareBisection;shinbrotDiscontinuityAwareBisection;shinbrotDiscontinuityAwareBisection;shinbrotDiscontinuityAwareBisection;shinbrotDiscontinuityAwareBisection;shinbrotDiscontinuityAwareBisection;shinbrotDiscontinuityAwareBisection;shinbrotDiscontinuityAwareBisection;shinbrotDiscontinuityAwareBisection;shinbrotDiscontinuityAwareBisection;shinbrotDiscontinuityAwareBisection;shinbrotDiscontinuityAwareBisection;shinbrotDiscontinuityAwareBisection;shinbrotDiscontinuityAwareBisection;shinbrotDiscontinuityAwareBisection;shinbrotDiscontinuityAwareBisection;shinbrotDiscontinuityAwareBisection;shinbrotDiscontinuityAwareBisection;shinbrotDiscontinuityAwareBisection;shinbrotDiscontinuityAwareBisection;shinbrotDiscontinuityAwareBisection;shinbrotDiscontinuityAwareBisection;shinbrotDiscontinuityAwareBisection;shinbrotDiscontinuityAwareBisection;shinbrotDiscontinuityAwareBisection;shinbrotDiscontinuityAwareBisection;shinbrotDiscontinuityAwareBisection;shinbrotDiscontinuityAwareBisection;shinbrotDiscontinuityAwareBisection;shinbrotDiscontinuityAwareBisection;shinbrotDiscontinuityAwareBisection;shinbrotDiscontinuityAwareBisection;shinbrotDiscontinuityAwareBisection;shinbrotDiscontinuityAwareBisection;shinbrotDiscontinuityAwareBisection;shinbrotDiscontinuityAwareBisection;shinbrotDiscontinuityAwareBisection;shinbrotDiscontinuityAwareBisection;shinbrotDiscontinuityAwareBisection;shinbrotDiscontinuityAwareBisection;shinbrotDiscontinuityAwareBisection;shinbrotDiscontinuityAwareBisection;shinbrotDiscontinuityAwareBisection;shinbrotDiscontinuityAwareBisection;shinbrotDiscontinuityAwareBisection;shinbrotDiscontinuityAwareBisection;shinbrotDiscontinuityAwareBisection;shinbrotDiscontinuityAwareBisection;shinbrotDiscontinuityAwareBisection;shinbrotDiscontinuityAwareBisection;shinbrotDiscontinuityAwareBisection;shinbrotDiscontinuityAwareBisection;shinbrotDiscontinuityAwareBisection;shinbrotDiscontinuityAwareBisection;shinbrotDiscontinuityAwareBisection;shinbrotDiscontinuityAwareBisection;shinbrotDiscontinuityAwareBisection;shinbrotDiscontinuityAwareBisection;shinbrotDiscontinuityAwareBisection;shinbrotDiscontinuityAwareBisection;shinbrotDiscontinuityAwareBisection,0.08671875;-0.1;NaN;NaN;NaN;-0.054296875;-0.09375;-0.0703125;0.0875;0.05859375;-0.01640625;0.00576171875;0.03701171875;-0.042822265625;0.09375;0.0943359375;-0.054296875;0.0625;-0.09921875;0.099609375;0.0328125;0.0796875;0.054296875;-0.0375;-0.0703125;0.06806640625;-0.095703125;-0.0640625;-0.0796875;0.04853515625;-0.02890625;-0.0939453125;-0.1;0.025390625;0.1;0.0984375;0.0796875;0.009375;-0.0503616333008;0.0615234375;-0.05;0;-0.0015625;-0.02109375;0.03359375;-0.04453125;-0.0625;0.096875;0.0953125;-0.078125;-0.0296875;-0.02578125;0.0625;0.024755859375;-0.029296875;0.0490234375;-0.06796875;-0.0078125;0.01875;0.078125;-0.1,1.47262737182963,12.2563726281704,15.6747574241367,26.921,0,,57.116348,0
0.1,6,197006,sectionRetargetMode,shinbrotDiscontinuityAwareBisection,0,NaN,NaN,50083,0.08671875,-0.01875,0.08671875;-0.01171875;-0.03125;0.0728515625;0;-0.034375;-0.0236328125;-0.0541015625;0.044921875;-0.09296875;-0.0251953125;0.046875;-0.00390625;0.07265625;-0.0546875;0.00625;-0.003125;-0.04375;-0.05546875;-0.062744140625;-0.05234375;0.040625;-0.0109375;0.046875;0.0015625;-0.1;0;0.025;0.046875;0.0375;-0.0503524780273;-0.0265625;0.0826171875;-0.0140625;-0.0625;0.08125;0.075;0.03515625;0.0625;0.01015625;-0.037109375;-0.04375;-0.05625;0.034375;0.021875;-0.096484375;0.03203125;-0.081494140625;-0.0625;0.021875;-0.06484375;0.075;0.0125;-0.0556640625;-0.09609375;-0.01875,61,5,0;1;2;3;4;5;6;7;8;9;10;11;12;13;14;15;16;17;18;19;20;21;22;23;24;25;26;27;28;29;30;31;32;33;34;35;36;37;38;39;40;41;42;43;44;45;46;47;48;49;50;51;52;53;54;55;56;57;58;59;60,0;0.720081432162;0.720316287576;1.3781688656;1.37893563415;1.37907158459;3.5719552833;4.24137217703;4.24383478716;4.24426529218;4.24490437324;4.24532652266;4.2474718138;4.24791895864;4.24873390925;9.3269871609;11.6775498532;11.6781550291;11.6781863108;13.9776495898;13.97864478;13.9791586199;15.2503996745;15.9297494424;16.5893904379;17.3356561584;17.3357602223;18.2200305627;18.2204151287;18.2209186159;18.2217653537;20.6269551644;21.5034904148;21.5037944512;27.2953205132;28.1857245015;31.9661551215;31.9672550992;33.9387986961;34.7129934248;36.3120199164;41.2697791958;41.2743774329;41.9685790045;41.9799837381;42.505973141;43.1019021209;43.1026069923;43.1026202736;43.1027601939;43.1033832975;43.1035076894;43.1044158754;43.10454576;43.8277744817;43.8280413247;44.6550837838;45.7830679161;50.048534479;50.0488419901;50.0495426244,shinbrotDiscontinuityAwareBisection;shinbrotDiscontinuityAwareBisection;shinbrotDiscontinuityAwareBisection;shinbrotDiscontinuityAwareBisection;shinbrotDiscontinuityAwareBisection;shinbrotDiscontinuityAwareBisection;shinbrotDiscontinuityAwareBisection;shinbrotDiscontinuityAwareBisection;shinbrotDiscontinuityAwareBisection;shinbrotDiscontinuityAwareBisection;shinbrotDiscontinuityAwareBisection;shinbrotDiscontinuityAwareBisection;shinbrotDiscontinuityAwareBisection;shinbrotDiscontinuityAwareBisection;shinbrotDiscontinuityAwareBisection;shinbrotDiscontinuityAwareBisection;shinbrotDiscontinuityAwareBisection;shinbrotDiscontinuityAwareBisection;shinbrotDiscontinuityAwareBisection;shinbrotDiscontinuityAwareBisection;shinbrotDiscontinuityAwareBisection;shinbrotDiscontinuityAwareBisection;shinbrotDiscontinuityAwareBisection;shinbrotDiscontinuityAwareBisection;shinbrotDiscontinuityAwareBisection;shinbrotDiscontinuityAwareBisection;shinbrotDiscontinuityAwareBisection;shinbrotDiscontinuityAwareBisection;shinbrotDiscontinuityAwareBisection;shinbrotDiscontinuityAwareBisection;shinbrotDiscontinuityAwareBisection;shinbrotDiscontinuityAwareBisection;shinbrotDiscontinuityAwareBisection;shinbrotDiscontinuityAwareBisection;shinbrotDiscontinuityAwareBisection;shinbrotDiscontinuityAwareBisection;shinbrotDiscontinuityAwareBisection;shinbrotDiscontinuityAwareBisection;shinbrotDiscontinuityAwareBisection;shinbrotDiscontinuityAwareBisection;shinbrotDiscontinuityAwareBisection;shinbrotDiscontinuityAwareBisection;shinbrotDiscontinuityAwareBisection;shinbrotDiscontinuityAwareBisection;shinbrotDiscontinuityAwareBisection;shinbrotDiscontinuityAwareBisection;shinbrotDiscontinuityAwareBisection;shinbrotDiscontinuityAwareBisection;shinbrotDiscontinuityAwareBisection;shinbrotDiscontinuityAwareBisection;shinbrotDiscontinuityAwareBisection;shinbrotDiscontinuityAwareBisection;shinbrotDiscontinuityAwareBisection;shinbrotDiscontinuityAwareBisection;shinbrotDiscontinuityAwareBisection;shinbrotDiscontinuityAwareBisection;shinbrotDiscontinuityAwareBisection;shinbrotDiscontinuityAwareBisection;shinbrotDiscontinuityAwareBisection;shinbrotDiscontinuityAwareBisection;shinbrotDiscontinuityAwareBisection,0.08671875;-0.01171875;-0.03125;0.0728515625;0;-0.034375;-0.0236328125;-0.0541015625;0.044921875;-0.09296875;-0.0251953125;0.046875;-0.00390625;0.07265625;-0.0546875;0.00625;-0.003125;-0.04375;-0.05546875;-0.062744140625;-0.05234375;0.040625;-0.0109375;0.046875;0.0015625;-0.1;0;0.025;0.046875;0.0375;-0.0503524780273;-0.0265625;0.0826171875;-0.0140625;-0.0625;0.08125;0.075;0.03515625;0.0625;0.01015625;-0.037109375;NaN;NaN;NaN;NaN;NaN;-0.04375;-0.05625;0.034375;0.021875;-0.096484375;0.03203125;-0.081494140625;-0.0625;0.021875;-0.06484375;0.075;0.0125;-0.0556640625;-0.09609375;-0.01875,3.28901968941984,10.4399803105802,14.8819269927798,26.921,0,,65.8675747,0
0.1,7,197007,sectionRetargetMode,shinbrotDiscontinuityAwareBisection,0,NaN,NaN,61435,0.08671875,0.07890625,0.08671875;-0.00390625;-0.06640625;-0.05859375;0.066455078125;0.098828125;-0.09453125;0.075;0.04375;-0.02724609375;0.04765625;-0.07890625;0.0375;0.01171875;-0.0125;0.04375;0.076171875;0.0474609375;0.0875;-0.0640625;-0.0861328125;0.08359375;0.0125;-0.09375;-0.033984375;-0.0703125;-0.0453125;0.015625;-0.096875;-0.071875;-0.0171875;-0.0990234375;0.0668701171875;-0.078515625;0.1;-0.08203125;0.091943359375;-0.0734375;-0.032421875;-0.0515625;-0.078125;-0.08203125;0.0875;-0.05;-0.07265625;0.1;0.025;0.01875;-0.0203125;-0.090625;-0.071875;0.00859375;0.040625;-0.04140625;-0.007421875;-0.07734375;0.0989440917969;-0.01015625;0.0265625;-0.068359375;0.07890625,61,0,0;1;2;3;4;5;6;7;8;9;10;11;12;13;14;15;16;17;18;19;20;21;22;23;24;25;26;27;28;29;30;31;32;33;34;35;36;37;38;39;40;41;42;43;44;45;46;47;48;49;50;51;52;53;54;55;56;57;58;59;60,0;4.36973712161;5.02036740987;5.67584804655;6.31315337699;7.69752295493;12.5874635848;12.5876245904;12.5878214921;14.2882379467;14.8086397236;14.8094865759;14.8156973995;14.8174681563;14.8194605857;15.4313144479;15.4324753948;15.4329972878;16.3507668917;23.3223229194;23.3230355741;24.1636982999;28.43916442;28.4394700174;30.4703377397;30.470944526;30.4718574503;30.4728499045;30.4730866314;30.4736353573;30.4737303304;31.3307280233;31.3308597953;32.6936042326;38.1314153623;38.1325000454;39.5599155542;39.5603459929;40.3224820314;40.3228777245;40.3234079256;40.3235791092;40.3242217529;40.3248241705;41.7060301229;43.3183767145;43.3184958104;43.3187795202;45.4561154429;46.1518676105;46.8285656709;49.1273061377;51.4459197789;51.4475647596;51.4489130975;53.0104103302;56.0952544385;56.8320667097;58.3134665175;60.5585575273;61.4063378279,shinbrotDiscontinuityAwareBisection;shinbrotDiscontinuityAwareBisection;shinbrotDiscontinuityAwareBisection;shinbrotDiscontinuityAwareBisection;shinbrotDiscontinuityAwareBisection;shinbrotDiscontinuityAwareBisection;shinbrotDiscontinuityAwareBisection;shinbrotDiscontinuityAwareBisection;shinbrotDiscontinuityAwareBisection;shinbrotDiscontinuityAwareBisection;shinbrotDiscontinuityAwareBisection;shinbrotDiscontinuityAwareBisection;shinbrotDiscontinuityAwareBisection;shinbrotDiscontinuityAwareBisection;shinbrotDiscontinuityAwareBisection;shinbrotDiscontinuityAwareBisection;shinbrotDiscontinuityAwareBisection;shinbrotDiscontinuityAwareBisection;shinbrotDiscontinuityAwareBisection;shinbrotDiscontinuityAwareBisection;shinbrotDiscontinuityAwareBisection;shinbrotDiscontinuityAwareBisection;shinbrotDiscontinuityAwareBisection;shinbrotDiscontinuityAwareBisection;shinbrotDiscontinuityAwareBisection;shinbrotDiscontinuityAwareBisection;shinbrotDiscontinuityAwareBisection;shinbrotDiscontinuityAwareBisection;shinbrotDiscontinuityAwareBisection;shinbrotDiscontinuityAwareBisection;shinbrotDiscontinuityAwareBisection;shinbrotDiscontinuityAwareBisection;shinbrotDiscontinuityAwareBisection;shinbrotDiscontinuityAwareBisection;shinbrotDiscontinuityAwareBisection;shinbrotDiscontinuityAwareBisection;shinbrotDiscontinuityAwareBisection;shinbrotDiscontinuityAwareBisection;shinbrotDiscontinuityAwareBisection;shinbrotDiscontinuityAwareBisection;shinbrotDiscontinuityAwareBisection;shinbrotDiscontinuityAwareBisection;shinbrotDiscontinuityAwareBisection;shinbrotDiscontinuityAwareBisection;shinbrotDiscontinuityAwareBisection;shinbrotDiscontinuityAwareBisection;shinbrotDiscontinuityAwareBisection;shinbrotDiscontinuityAwareBisection;shinbrotDiscontinuityAwareBisection;shinbrotDiscontinuityAwareBisection;shinbrotDiscontinuityAwareBisection;shinbrotDiscontinuityAwareBisection;shinbrotDiscontinuityAwareBisection;shinbrotDiscontinuityAwareBisection;shinbrotDiscontinuityAwareBisection;shinbrotDiscontinuityAwareBisection;shinbrotDiscontinuityAwareBisection;shinbrotDiscontinuityAwareBisection;shinbrotDiscontinuityAwareBisection;shinbrotDiscontinuityAwareBisection;shinbrotDiscontinuityAwareBisection,0.08671875;-0.00390625;-0.06640625;-0.05859375;0.066455078125;0.098828125;-0.09453125;0.075;0.04375;-0.02724609375;0.04765625;-0.07890625;0.0375;0.01171875;-0.0125;0.04375;0.076171875;0.0474609375;0.0875;-0.0640625;-0.0861328125;0.08359375;0.0125;-0.09375;-0.033984375;-0.0703125;-0.0453125;0.015625;-0.096875;-0.071875;-0.0171875;-0.0990234375;0.0668701171875;-0.078515625;0.1;-0.08203125;0.091943359375;-0.0734375;-0.032421875;-0.0515625;-0.078125;-0.08203125;0.0875;-0.05;-0.07265625;0.1;0.025;0.01875;-0.0203125;-0.090625;-0.071875;0.00859375;0.040625;-0.04140625;-0.007421875;-0.07734375;0.0989440917969;-0.01015625;0.0265625;-0.068359375;0.07890625,1.4440778137297,15.1730778137297,22.4086600989196,26.921,0,,145.1391641,0
0.1,8,197008,sectionRetargetMode,shinbrotDiscontinuityAwareBisection,0,NaN,NaN,41009,0.08671875,0.0203125,0.08671875;-0.0859375;-0.040625;-0.03359375;-0.0390625;0.0875;0.009375;0.0515625;-0.084375;-0.00703125;0.0375;-0.0703125;-0.009375;-0.0234375;0.009375;-0.0515625;-0.00625;0.0330078125;-0.00418701171875;0.0328125;0.0912109375;0.1;0.0234375;-0.0982421875;-0.1;-0.09765625;0.0296630859375;0.01015625;-0.0875;0.0142578125;0.09375;0.0484375;-0.0875;-0.0324340820313;-0.07392578125;0.00390625;-0.06484375;-0.0734375;-0.07421875;0.046875;-0.096875;0.025;0.086767578125;-0.0296875;0.097021484375;-0.00390625;0.09833984375;0.035205078125;-0.059375;-0.065625;-0.021875;-0.0427734375;0.0203125,61,8,0;1;2;3;4;5;6;7;8;9;10;11;12;13;14;15;16;17;18;19;20;21;22;23;24;25;26;27;28;29;30;31;32;33;34;35;36;37;38;39;40;41;42;43;44;45;46;47;48;49;50;51;52;53;54;55;56;57;58;59;60,0;0.000428416100492;0.798730340023;0.799495826216;0.800015508667;0.800621901824;0.800878958016;0.801001487672;0.801257211228;1.97192886609;4.20464492727;4.20534932368;5.72412181825;5.72451071908;6.51624504943;6.5162574475;10.0216004013;10.0224622402;11.5272913594;11.5277765485;12.3192932944;12.9187668528;13.6922665585;13.6924664769;13.6925115703;13.6926758675;15.3393283713;19.607977615;19.6082564297;23.4060688005;23.4198738611;23.4306485284;24.0257283471;24.0257630596;24.626689174;24.6276787236;24.6509071072;25.0636719766;25.8945505211;27.5709006058;27.5735223137;28.1499753888;28.1648400494;30.6850134565;30.6857207207;31.475518752;31.4756389583;32.9632243556;32.9633320517;35.096589137;36.6485835464;37.2452326442;37.2459966951;37.9987567356;38.0005079612;40.210691553;40.2109958166;40.9754480198;40.9755181721;40.9780332646;40.9791088535,shinbrotDiscontinuityAwareBisection;shinbrotDiscontinuityAwareBisection;shinbrotDiscontinuityAwareBisection;shinbrotDiscontinuityAwareBisection;shinbrotDiscontinuityAwareBisection;shinbrotDiscontinuityAwareBisection;shinbrotDiscontinuityAwareBisection;shinbrotDiscontinuityAwareBisection;shinbrotDiscontinuityAwareBisection;shinbrotDiscontinuityAwareBisection;shinbrotDiscontinuityAwareBisection;shinbrotDiscontinuityAwareBisection;shinbrotDiscontinuityAwareBisection;shinbrotDiscontinuityAwareBisection;shinbrotDiscontinuityAwareBisection;shinbrotDiscontinuityAwareBisection;shinbrotDiscontinuityAwareBisection;shinbrotDiscontinuityAwareBisection;shinbrotDiscontinuityAwareBisection;shinbrotDiscontinuityAwareBisection;shinbrotDiscontinuityAwareBisection;shinbrotDiscontinuityAwareBisection;shinbrotDiscontinuityAwareBisection;shinbrotDiscontinuityAwareBisection;shinbrotDiscontinuityAwareBisection;shinbrotDiscontinuityAwareBisection;shinbrotDiscontinuityAwareBisection;shinbrotDiscontinuityAwareBisection;shinbrotDiscontinuityAwareBisection;shinbrotDiscontinuityAwareBisection;shinbrotDiscontinuityAwareBisection;shinbrotDiscontinuityAwareBisection;shinbrotDiscontinuityAwareBisection;shinbrotDiscontinuityAwareBisection;shinbrotDiscontinuityAwareBisection;shinbrotDiscontinuityAwareBisection;shinbrotDiscontinuityAwareBisection;shinbrotDiscontinuityAwareBisection;shinbrotDiscontinuityAwareBisection;shinbrotDiscontinuityAwareBisection;shinbrotDiscontinuityAwareBisection;shinbrotDiscontinuityAwareBisection;shinbrotDiscontinuityAwareBisection;shinbrotDiscontinuityAwareBisection;shinbrotDiscontinuityAwareBisection;shinbrotDiscontinuityAwareBisection;shinbrotDiscontinuityAwareBisection;shinbrotDiscontinuityAwareBisection;shinbrotDiscontinuityAwareBisection;shinbrotDiscontinuityAwareBisection;shinbrotDiscontinuityAwareBisection;shinbrotDiscontinuityAwareBisection;shinbrotDiscontinuityAwareBisection;shinbrotDiscontinuityAwareBisection;shinbrotDiscontinuityAwareBisection;shinbrotDiscontinuityAwareBisection;shinbrotDiscontinuityAwareBisection;shinbrotDiscontinuityAwareBisection;shinbrotDiscontinuityAwareBisection;shinbrotDiscontinuityAwareBisection;shinbrotDiscontinuityAwareBisection,0.08671875;-0.0859375;-0.040625;-0.03359375;-0.0390625;0.0875;0.009375;0.0515625;-0.084375;-0.00703125;0.0375;-0.0703125;-0.009375;-0.0234375;0.009375;-0.0515625;-0.00625;0.0330078125;-0.00418701171875;0.0328125;0.0912109375;0.1;0.0234375;-0.0982421875;-0.1;-0.09765625;0.0296630859375;0.01015625;-0.0875;0.0142578125;0.09375;0.0484375;NaN;NaN;NaN;NaN;NaN;NaN;NaN;-0.0875;NaN;-0.0324340820313;-0.07392578125;0.00390625;-0.06484375;-0.0734375;-0.07421875;0.046875;-0.096875;0.025;0.086767578125;-0.0296875;0.097021484375;-0.00390625;0.09833984375;0.035205078125;-0.059375;-0.065625;-0.021875;-0.0427734375;0.0203125,1.10027093004995,12.62872906995,16.3420183102951,26.921,0,,129.2508584,0
0.1,9,197009,sectionRetargetMode,shinbrotDiscontinuityAwareBisection,0,NaN,NaN,62641,0.08671875,-0.009375,0.08671875;0.0937408447266;-0.0642578125;0.05;0.07421875;-0.01953125;0.0321899414063;0.1;-0.0828125;-0.0375;0.084375;-0.01953125;0.05;-0.1;0.025;0.05;0.1;0.05703125;0.0640625;0.03798828125;-0.0544525146484;0.0125;-0.053125;-0.0125;0.09853515625;-0.0002197265625;0.1;0.0314453125;-0.01796875;0.1;-0.0234375;-0.03125;-0.0203125;-0.04375;-0.05;0.0125;0.049845123291;-0.027734375;-0.0296875;0.0609375;-0.04375;-0.03125;-0.003125;-0.03125;-0.0921875;-0.075;0.0015625;0.049072265625;0.048161315918;0.0953125;0.021875;-0.016455078125;-0.022119140625;-0.096875;-0.02734375;0.0109375;0.06875;-0.0828125;0.05625;0.0890625;-0.009375,61,0,0;1;2;3;4;5;6;7;8;9;10;11;12;13;14;15;16;17;18;19;20;21;22;23;24;25;26;27;28;29;30;31;32;33;34;35;36;37;38;39;40;41;42;43;44;45;46;47;48;49;50;51;52;53;54;55;56;57;58;59;60,0;0.000258964348999;0.000535000735761;1.53912070995;7.07110214193;7.82104178737;7.82112018127;7.82126325435;8.63170362992;15.1472380086;15.7341404959;17.0814729793;17.7718250648;17.7719088838;19.2496330308;19.2528540026;19.2530956635;19.2539632565;19.2545991738;23.043351927;23.8997322738;29.2032819609;35.3770232505;35.3774717883;35.377914993;35.3782770914;35.3784996356;35.3785317085;35.3789316852;45.2497036103;45.9615845534;45.9616353794;45.9616888279;46.6650459392;46.6655555556;46.6660514046;48.2216294806;48.223305449;48.2241583505;48.2254045089;48.8686293281;48.8689153341;48.8691085707;49.7361754546;51.1726769031;51.1731249264;55.1619573129;55.1627974445;55.9021740041;55.9028344976;56.6932784941;61.0820769949;61.082185958;61.082358484;61.8727573889;61.8728209408;61.8728508217;61.8731174633;62.6068743845;62.6073797934;62.607738919,shinbrotDiscontinuityAwareBisection;shinbrotDiscontinuityAwareBisection;shinbrotDiscontinuityAwareBisection;shinbrotDiscontinuityAwareBisection;shinbrotDiscontinuityAwareBisection;shinbrotDiscontinuityAwareBisection;shinbrotDiscontinuityAwareBisection;shinbrotDiscontinuityAwareBisection;shinbrotDiscontinuityAwareBisection;shinbrotDiscontinuityAwareBisection;shinbrotDiscontinuityAwareBisection;shinbrotDiscontinuityAwareBisection;shinbrotDiscontinuityAwareBisection;shinbrotDiscontinuityAwareBisection;shinbrotDiscontinuityAwareBisection;shinbrotDiscontinuityAwareBisection;shinbrotDiscontinuityAwareBisection;shinbrotDiscontinuityAwareBisection;shinbrotDiscontinuityAwareBisection;shinbrotDiscontinuityAwareBisection;shinbrotDiscontinuityAwareBisection;shinbrotDiscontinuityAwareBisection;shinbrotDiscontinuityAwareBisection;shinbrotDiscontinuityAwareBisection;shinbrotDiscontinuityAwareBisection;shinbrotDiscontinuityAwareBisection;shinbrotDiscontinuityAwareBisection;shinbrotDiscontinuityAwareBisection;shinbrotDiscontinuityAwareBisection;shinbrotDiscontinuityAwareBisection;shinbrotDiscontinuityAwareBisection;shinbrotDiscontinuityAwareBisection;shinbrotDiscontinuityAwareBisection;shinbrotDiscontinuityAwareBisection;shinbrotDiscontinuityAwareBisection;shinbrotDiscontinuityAwareBisection;shinbrotDiscontinuityAwareBisection;shinbrotDiscontinuityAwareBisection;shinbrotDiscontinuityAwareBisection;shinbrotDiscontinuityAwareBisection;shinbrotDiscontinuityAwareBisection;shinbrotDiscontinuityAwareBisection;shinbrotDiscontinuityAwareBisection;shinbrotDiscontinuityAwareBisection;shinbrotDiscontinuityAwareBisection;shinbrotDiscontinuityAwareBisection;shinbrotDiscontinuityAwareBisection;shinbrotDiscontinuityAwareBisection;shinbrotDiscontinuityAwareBisection;shinbrotDiscontinuityAwareBisection;shinbrotDiscontinuityAwareBisection;shinbrotDiscontinuityAwareBisection;shinbrotDiscontinuityAwareBisection;shinbrotDiscontinuityAwareBisection;shinbrotDiscontinuityAwareBisection;shinbrotDiscontinuityAwareBisection;shinbrotDiscontinuityAwareBisection;shinbrotDiscontinuityAwareBisection;shinbrotDiscontinuityAwareBisection;shinbrotDiscontinuityAwareBisection;shinbrotDiscontinuityAwareBisection,0.08671875;0.0937408447266;-0.0642578125;0.05;0.07421875;-0.01953125;0.0321899414063;0.1;-0.0828125;-0.0375;0.084375;-0.01953125;0.05;-0.1;0.025;0.05;0.1;0.05703125;0.0640625;0.03798828125;-0.0544525146484;0.0125;-0.053125;-0.0125;0.09853515625;-0.0002197265625;0.1;0.0314453125;-0.01796875;0.1;-0.0234375;-0.03125;-0.0203125;-0.04375;-0.05;0.0125;0.049845123291;-0.027734375;-0.0296875;0.0609375;-0.04375;-0.03125;-0.003125;-0.03125;-0.0921875;-0.075;0.0015625;0.049072265625;0.048161315918;0.0953125;0.021875;-0.016455078125;-0.022119140625;-0.096875;-0.02734375;0.0109375;0.06875;-0.0828125;0.05625;0.0890625;-0.009375,1.61521125497895,12.113788745021,14.2595343124943,26.921,0,,56.0158571,0
0.1,10,197010,sectionRetargetMode,shinbrotDiscontinuityAwareBisection,0,NaN,NaN,74393,0.08671875,-0.02265625,0.08671875;-0.025;-0.02265625;-0.009375;-0.0578125;-0.04609375;-0.0453125;0.081103515625;-0.066796875;-0.007861328125;-0.08828125;0.092919921875;-0.0609375;0.0765625;0.0169921875;-0.075;-0.08125;-0.0578125;0.01015625;0.071875;0.0984375;-0.08046875;-0.00012354850769;0.0734375;-0.08330078125;-0.1;-0.065625;0.0927825927734;-0.09453125;-0.0796875;-0.1;-0.0619140625;-0.05703125;0.013671875;-0.09326171875;0.09755859375;-0.031640625;0.07021484375;-0.021875;-0.08515625;0.0734375;0.094140625;0.028125;-0.00625;-0.071875;-0.0640625;0.084375;-0.04013671875;0.08984375;-0.096875;0.0912109375;0.09921875;-0.025;0.0734375;0.0968017578125;0.06328125;-0.02265625,61,4,0;1;2;3;4;5;6;7;8;9;10;11;12;13;14;15;16;17;18;19;20;21;22;23;24;25;26;27;28;29;30;31;32;33;34;35;36;37;38;39;40;41;42;43;44;45;46;47;48;49;50;51;52;53;54;55;56;57;58;59;60,0;1.49276996284;4.27879801569;5.00755058414;5.0077531858;5.71686650497;6.38280259502;7.35347512745;16.3082689845;19.131055227;20.6658857429;20.6659156208;24.2639741974;24.8599720536;26.1964681425;26.1971139977;30.6687708238;32.0056062275;32.0170461061;32.018289935;32.0217460618;34.1956582779;34.88953375;40.3913463785;40.3918536104;40.3921794272;40.3924268339;41.9450561938;41.9452565389;47.7095775486;47.7097912117;48.3905996844;48.3918391231;49.1135880415;51.3057136143;51.309532904;51.3107966262;52.1170685689;54.9726149893;54.9730783977;57.1938849555;57.1940576143;57.1953167154;59.3218902256;59.3220929074;59.3238159451;60.8727512695;60.8729439286;60.8731420162;60.8732542668;63.9650462336;64.7046747544;64.7053943512;64.7058295836;70.1639883026;71.6235210023;71.6238604736;73.7386089131;74.3621070265;74.3631062397;74.3631107005,shinbrotDiscontinuityAwareBisection;shinbrotDiscontinuityAwareBisection;shinbrotDiscontinuityAwareBisection;shinbrotDiscontinuityAwareBisection;shinbrotDiscontinuityAwareBisection;shinbrotDiscontinuityAwareBisection;shinbrotDiscontinuityAwareBisection;shinbrotDiscontinuityAwareBisection;shinbrotDiscontinuityAwareBisection;shinbrotDiscontinuityAwareBisection;shinbrotDiscontinuityAwareBisection;shinbrotDiscontinuityAwareBisection;shinbrotDiscontinuityAwareBisection;shinbrotDiscontinuityAwareBisection;shinbrotDiscontinuityAwareBisection;shinbrotDiscontinuityAwareBisection;shinbrotDiscontinuityAwareBisection;shinbrotDiscontinuityAwareBisection;shinbrotDiscontinuityAwareBisection;shinbrotDiscontinuityAwareBisection;shinbrotDiscontinuityAwareBisection;shinbrotDiscontinuityAwareBisection;shinbrotDiscontinuityAwareBisection;shinbrotDiscontinuityAwareBisection;shinbrotDiscontinuityAwareBisection;shinbrotDiscontinuityAwareBisection;shinbrotDiscontinuityAwareBisection;shinbrotDiscontinuityAwareBisection;shinbrotDiscontinuityAwareBisection;shinbrotDiscontinuityAwareBisection;shinbrotDiscontinuityAwareBisection;shinbrotDiscontinuityAwareBisection;shinbrotDiscontinuityAwareBisection;shinbrotDiscontinuityAwareBisection;shinbrotDiscontinuityAwareBisection;shinbrotDiscontinuityAwareBisection;shinbrotDiscontinuityAwareBisection;shinbrotDiscontinuityAwareBisection;shinbrotDiscontinuityAwareBisection;shinbrotDiscontinuityAwareBisection;shinbrotDiscontinuityAwareBisection;shinbrotDiscontinuityAwareBisection;shinbrotDiscontinuityAwareBisection;shinbrotDiscontinuityAwareBisection;shinbrotDiscontinuityAwareBisection;shinbrotDiscontinuityAwareBisection;shinbrotDiscontinuityAwareBisection;shinbrotDiscontinuityAwareBisection;shinbrotDiscontinuityAwareBisection;shinbrotDiscontinuityAwareBisection;shinbrotDiscontinuityAwareBisection;shinbrotDiscontinuityAwareBisection;shinbrotDiscontinuityAwareBisection;shinbrotDiscontinuityAwareBisection;shinbrotDiscontinuityAwareBisection;shinbrotDiscontinuityAwareBisection;shinbrotDiscontinuityAwareBisection;shinbrotDiscontinuityAwareBisection;shinbrotDiscontinuityAwareBisection;shinbrotDiscontinuityAwareBisection;shinbrotDiscontinuityAwareBisection,0.08671875;-0.025;-0.02265625;-0.009375;-0.0578125;-0.04609375;-0.0453125;0.081103515625;-0.066796875;-0.007861328125;-0.08828125;0.092919921875;-0.0609375;0.0765625;0.0169921875;-0.075;-0.08125;NaN;NaN;NaN;NaN;-0.0578125;0.01015625;0.071875;0.0984375;-0.08046875;-0.00012354850769;0.0734375;-0.08330078125;-0.1;-0.065625;0.0927825927734;-0.09453125;-0.0796875;-0.1;-0.0619140625;-0.05703125;0.013671875;-0.09326171875;0.09755859375;-0.031640625;0.07021484375;-0.021875;-0.08515625;0.0734375;0.094140625;0.028125;-0.00625;-0.071875;-0.0640625;0.084375;-0.04013671875;0.08984375;-0.096875;0.0912109375;0.09921875;-0.025;0.0734375;0.0968017578125;0.06328125;-0.02265625,2.17988435530194,11.5491156446981,16.6650354211334,26.921,0,,56.0247246,0
0.15,1,198001,sectionRetargetMode,shinbrotDiscontinuityAwareBisection,1,4,10.3511867495223,10353,0.08671875,-0.0966796875,0.08671875;-0.05;0.0224365234375;-0.0966796875,4,0,0;1;2;3,0;0.00140180587487;8.05914984495;8.92572286457,shinbrotDiscontinuityAwareBisection;shinbrotDiscontinuityAwareBisection;shinbrotDiscontinuityAwareBisection;shinbrotDiscontinuityAwareBisection,0.08671875;-0.05;0.0224365234375;-0.0966796875,0.00474815997585232,13.7337481599759,22.5393269713751,26.921,0,,2.8486388,0
0.15,2,198002,sectionRetargetMode,shinbrotDiscontinuityAwareBisection,0,NaN,NaN,66919,0.08671875,0.099609375,0.08671875;-0.073828125;-0.075;0.09375;-0.0765625;-0.07724609375;0.07919921875;0.0875;0.0984375;-0.0453125;-0.081640625;0.00625;0;0.0138671875;-0.003125;-0.0251708984375;-0.0625;0.0015625;-0.05625;-0.0828125;0.0265625;-0.0265625;0;-0.034375;-0.07109375;0.1;-0.0251037597656;0.098046875;0.0015625;-0.09375;0.0640625;-0.1;0.075;0.08125;0.05;-0.00234375;-0.0796875;-0.0638671875;-0.03125;-0.1;-0.01875;-0.02578125;-0.0625;-0.065625;-0.09375;0.097265625;-0.0502319335938;-0.0578125;0.078125;0.059375;-0.0626068115234;0.099609375,61,9,0;1;2;3;4;5;6;7;8;9;10;11;12;13;14;15;16;17;18;19;20;21;22;23;24;25;26;27;28;29;30;31;32;33;34;35;36;37;38;39;40;41;42;43;44;45;46;47;48;49;50;51;52;53;54;55;56;57;58;59;60,0;7.40315191221e-05;1.56672241504;3.41603527672;4.12085370727;4.79597248963;9.23274338147;9.96653048791;9.96695654864;10.5448311118;10.5457068823;11.632511124;11.6328905029;14.9622144458;20.8477316672;21.5086331869;21.5120505284;23.523395284;25.4904762398;25.4923240311;25.4923464714;28.3868196833;28.3877556569;28.7150843196;28.7253078233;28.7287299299;28.7456798113;29.9289267193;29.9303097126;32.0102649667;32.0147935612;32.733407668;34.244870701;34.9238746384;36.3693314319;38.8816083679;39.4429788071;39.4437798382;39.4445725387;39.4466995818;39.4483883006;41.0289082716;41.5963111704;42.5798046734;47.4472868843;47.4977130224;48.0698687917;50.0387442949;51.0255536518;52.9338798916;53.5325491878;56.4666949756;58.4622574191;59.9499887461;60.5324582082;63.3736534122;65.9208049087;66.8872317777;66.8873290951;66.8874753816;66.8878890328,shinbrotDiscontinuityAwareBisection;shinbrotDiscontinuityAwareBisection;shinbrotDiscontinuityAwareBisection;shinbrotDiscontinuityAwareBisection;shinbrotDiscontinuityAwareBisection;shinbrotDiscontinuityAwareBisection;shinbrotDiscontinuityAwareBisection;shinbrotDiscontinuityAwareBisection;shinbrotDiscontinuityAwareBisection;shinbrotDiscontinuityAwareBisection;shinbrotDiscontinuityAwareBisection;shinbrotDiscontinuityAwareBisection;shinbrotDiscontinuityAwareBisection;shinbrotDiscontinuityAwareBisection;shinbrotDiscontinuityAwareBisection;shinbrotDiscontinuityAwareBisection;shinbrotDiscontinuityAwareBisection;shinbrotDiscontinuityAwareBisection;shinbrotDiscontinuityAwareBisection;shinbrotDiscontinuityAwareBisection;shinbrotDiscontinuityAwareBisection;shinbrotDiscontinuityAwareBisection;shinbrotDiscontinuityAwareBisection;shinbrotDiscontinuityAwareBisection;shinbrotDiscontinuityAwareBisection;shinbrotDiscontinuityAwareBisection;shinbrotDiscontinuityAwareBisection;shinbrotDiscontinuityAwareBisection;shinbrotDiscontinuityAwareBisection;shinbrotDiscontinuityAwareBisection;shinbrotDiscontinuityAwareBisection;shinbrotDiscontinuityAwareBisection;shinbrotDiscontinuityAwareBisection;shinbrotDiscontinuityAwareBisection;shinbrotDiscontinuityAwareBisection;shinbrotDiscontinuityAwareBisection;shinbrotDiscontinuityAwareBisection;shinbrotDiscontinuityAwareBisection;shinbrotDiscontinuityAwareBisection;shinbrotDiscontinuityAwareBisection;shinbrotDiscontinuityAwareBisection;shinbrotDiscontinuityAwareBisection;shinbrotDiscontinuityAwareBisection;shinbrotDiscontinuityAwareBisection;shinbrotDiscontinuityAwareBisection;shinbrotDiscontinuityAwareBisection;shinbrotDiscontinuityAwareBisection;shinbrotDiscontinuityAwareBisection;shinbrotDiscontinuityAwareBisection;shinbrotDiscontinuityAwareBisection;shinbrotDiscontinuityAwareBisection;shinbrotDiscontinuityAwareBisection;shinbrotDiscontinuityAwareBisection;shinbrotDiscontinuityAwareBisection;shinbrotDiscontinuityAwareBisection;shinbrotDiscontinuityAwareBisection;shinbrotDiscontinuityAwareBisection;shinbrotDiscontinuityAwareBisection;shinbrotDiscontinuityAwareBisection;shinbrotDiscontinuityAwareBisection;shinbrotDiscontinuityAwareBisection,0.08671875;-0.073828125;-0.075;0.09375;-0.0765625;-0.07724609375;0.07919921875;0.0875;0.0984375;-0.0453125;-0.081640625;0.00625;0;0.0138671875;-0.003125;-0.0251708984375;-0.0625;0.0015625;-0.05625;-0.0828125;0.0265625;NaN;NaN;NaN;NaN;NaN;NaN;-0.0265625;0;-0.034375;-0.07109375;0.1;-0.0251037597656;0.098046875;NaN;0.0015625;-0.09375;0.0640625;-0.1;0.075;0.08125;0.05;-0.00234375;-0.0796875;-0.0638671875;-0.03125;-0.1;NaN;-0.01875;-0.02578125;-0.0625;-0.065625;NaN;-0.09375;0.097265625;-0.0502319335938;-0.0578125;0.078125;0.059375;-0.0626068115234;0.099609375,0.443853172725463,13.2851468272745,19.8770133457346,26.921,0,,40.975558,0
0.15,3,198003,sectionRetargetMode,shinbrotDiscontinuityAwareBisection,0,NaN,NaN,90048,0.08671875,-0.007568359375,0.08671875;-0.0328125;0.0958984375;0.0859375;-0.08203125;0.084375;0.0998046875;0.0796875;0.04892578125;-0.0875;0.0484375;0.035009765625;0.05;0;0.092578125;0.0826171875;0.075;-0.00703125;-0.05625;-0.025;0.015625;0;0.059375;0.048046875;-0.05;-0.084375;0.07470703125;-0.0375;0.08125;-0.04375;-0.015625;0.04296875;0.093359375;0.01884765625;0.096875;-0.0005859375;0.034375;-0.08125;-0.0390625;-0.046875;0.0625;-0.09375;-0.07734375;-0.0453125;-0.066015625;0.037939453125;0.038525390625;-0.04609375;0.01875;-0.03046875;-0.096875;-0.07431640625;-0.08828125;-0.0625;0.025;-0.040625;-0.007568359375,61,4,0;1;2;3;4;5;6;7;8;9;10;11;12;13;14;15;16;17;18;19;20;21;22;23;24;25;26;27;28;29;30;31;32;33;34;35;36;37;38;39;40;41;42;43;44;45;46;47;48;49;50;51;52;53;54;55;56;57;58;59;60,0;0.00109927700756;0.00238361524015;0.00299979253751;0.00334226298462;0.00406159610199;1.99534487342;1.99745175751;2.00040444089;4.02738830117;4.69859517667;5.48414517192;6.89349551854;7.69584848562;10.5267695051;11.1906431588;11.1993193219;11.2011494593;13.4987272497;13.4987798823;13.5031527439;14.2472375583;22.8220852823;22.8221870683;29.4914444309;29.4917678487;30.1737458897;30.1753417476;34.7456021995;34.7464738512;35.5091627608;37.0353168458;37.035468834;39.6903139218;40.30397061;42.8619205672;42.8619558945;42.8623144245;45.8232886596;45.8239606552;45.8239819283;45.8241704406;52.5890440088;53.7179264181;53.7190719501;53.7229231745;60.4162920267;61.3321516659;61.3338898919;61.333996502;61.33484311;63.7001452744;67.2720730842;68.2437886936;70.2612886041;76.6784281934;79.1118132697;80.6817094051;82.7068060517;89.2308260721;90.018594072,shinbrotDiscontinuityAwareBisection;shinbrotDiscontinuityAwareBisection;shinbrotDiscontinuityAwareBisection;shinbrotDiscontinuityAwareBisection;shinbrotDiscontinuityAwareBisection;shinbrotDiscontinuityAwareBisection;shinbrotDiscontinuityAwareBisection;shinbrotDiscontinuityAwareBisection;shinbrotDiscontinuityAwareBisection;shinbrotDiscontinuityAwareBisection;shinbrotDiscontinuityAwareBisection;shinbrotDiscontinuityAwareBisection;shinbrotDiscontinuityAwareBisection;shinbrotDiscontinuityAwareBisection;shinbrotDiscontinuityAwareBisection;shinbrotDiscontinuityAwareBisection;shinbrotDiscontinuityAwareBisection;shinbrotDiscontinuityAwareBisection;shinbrotDiscontinuityAwareBisection;shinbrotDiscontinuityAwareBisection;shinbrotDiscontinuityAwareBisection;shinbrotDiscontinuityAwareBisection;shinbrotDiscontinuityAwareBisection;shinbrotDiscontinuityAwareBisection;shinbrotDiscontinuityAwareBisection;shinbrotDiscontinuityAwareBisection;shinbrotDiscontinuityAwareBisection;shinbrotDiscontinuityAwareBisection;shinbrotDiscontinuityAwareBisection;shinbrotDiscontinuityAwareBisection;shinbrotDiscontinuityAwareBisection;shinbrotDiscontinuityAwareBisection;shinbrotDiscontinuityAwareBisection;shinbrotDiscontinuityAwareBisection;shinbrotDiscontinuityAwareBisection;shinbrotDiscontinuityAwareBisection;shinbrotDiscontinuityAwareBisection;shinbrotDiscontinuityAwareBisection;shinbrotDiscontinuityAwareBisection;shinbrotDiscontinuityAwareBisection;shinbrotDiscontinuityAwareBisection;shinbrotDiscontinuityAwareBisection;shinbrotDiscontinuityAwareBisection;shinbrotDiscontinuityAwareBisection;shinbrotDiscontinuityAwareBisection;shinbrotDiscontinuityAwareBisection;shinbrotDiscontinuityAwareBisection;shinbrotDiscontinuityAwareBisection;shinbrotDiscontinuityAwareBisection;shinbrotDiscontinuityAwareBisection;shinbrotDiscontinuityAwareBisection;shinbrotDiscontinuityAwareBisection;shinbrotDiscontinuityAwareBisection;shinbrotDiscontinuityAwareBisection;shinbrotDiscontinuityAwareBisection;shinbrotDiscontinuityAwareBisection;shinbrotDiscontinuityAwareBisection;shinbrotDiscontinuityAwareBisection;shinbrotDiscontinuityAwareBisection;shinbrotDiscontinuityAwareBisection;shinbrotDiscontinuityAwareBisection,0.08671875;-0.0328125;0.0958984375;0.0859375;-0.08203125;0.084375;0.0998046875;0.0796875;0.04892578125;NaN;-0.0875;0.0484375;0.035009765625;0.05;0;0.092578125;0.0826171875;0.075;-0.00703125;-0.05625;-0.025;0.015625;0;0.059375;0.048046875;-0.05;-0.084375;0.07470703125;-0.0375;0.08125;-0.04375;-0.015625;0.04296875;0.093359375;0.01884765625;0.096875;-0.0005859375;0.034375;-0.08125;-0.0390625;-0.046875;0.0625;-0.09375;NaN;NaN;NaN;-0.07734375;-0.0453125;-0.066015625;0.037939453125;0.038525390625;-0.04609375;0.01875;-0.03046875;-0.096875;-0.07431640625;-0.08828125;-0.0625;0.025;-0.040625;-0.007568359375,0.624195138034759,14.3531951380348,17.9822020264825,26.921,0,,48.1399522,0
0.15,4,198004,sectionRetargetMode,shinbrotDiscontinuityAwareBisection,0,NaN,NaN,72577,0.08671875,0.053125,0.08671875;-0.07890625;0.0390625;-0.0515625;-0.081640625;-0.025;0.0486328125;0.00625;-0.0078125;-0.028125;-0.01318359375;0;-0.0125;0.096875;-0.05546875;0.0374618530273;0.07861328125;0.075;0.0328125;-0.021875;0.048828125;0.05625;-0.0517578125;0.0625;-0.01005859375;-0.096875;-0.0234375;-0.09609375;-0.0140625;-9.765625e-05;0.003125;-0.090283203125;-0.044921875;-0.01875;-0.0046875;0.053125;-0.0625;0.065625;0.0875;0.0966796875;0.0796875;-0.090625;-0.046875;-0.0484375;-0.05625;-0.040625;-0.052734375;-0.01796875;-0.010546875;-0.0921875;-0.09560546875;0.028125;-0.1;0.07734375;0.072509765625;0.053125,61,5,0;1;2;3;4;5;6;7;8;9;10;11;12;13;14;15;16;17;18;19;20;21;22;23;24;25;26;27;28;29;30;31;32;33;34;35;36;37;38;39;40;41;42;43;44;45;46;47;48;49;50;51;52;53;54;55;56;57;58;59;60,0;4.5012763232;7.36528305448;7.36540209051;7.36605449771;8.16877976013;10.7592050274;12.6706882873;12.6732490039;13.3946540486;16.2310136014;16.2354787931;19.2990416682;19.2998202618;19.8463182539;19.8480040047;21.2381497095;21.947059777;24.9982816815;25.6989029283;25.70093377;25.7132877975;27.3188089618;28.2485584472;32.6767510231;33.2582829426;33.2590713655;37.1031647525;37.8495870139;37.8501937291;40.1031367934;40.1038351873;41.5977772847;48.2944139327;48.5047844597;50.5427770195;50.5477779908;51.8527334137;53.2295531856;53.2297919898;53.2312244298;53.9991989846;55.6780574678;56.4610293129;56.4620198086;59.4059439345;59.4063507931;60.4984953358;61.1507207831;61.1512434799;61.1524724147;61.1526558955;61.7982031999;64.7296350619;64.7302848667;64.7305113852;66.1750184907;68.0250694381;69.5677564127;70.2122163068;72.5477445768,shinbrotDiscontinuityAwareBisection;shinbrotDiscontinuityAwareBisection;shinbrotDiscontinuityAwareBisection;shinbrotDiscontinuityAwareBisection;shinbrotDiscontinuityAwareBisection;shinbrotDiscontinuityAwareBisection;shinbrotDiscontinuityAwareBisection;shinbrotDiscontinuityAwareBisection;shinbrotDiscontinuityAwareBisection;shinbrotDiscontinuityAwareBisection;shinbrotDiscontinuityAwareBisection;shinbrotDiscontinuityAwareBisection;shinbrotDiscontinuityAwareBisection;shinbrotDiscontinuityAwareBisection;shinbrotDiscontinuityAwareBisection;shinbrotDiscontinuityAwareBisection;shinbrotDiscontinuityAwareBisection;shinbrotDiscontinuityAwareBisection;shinbrotDiscontinuityAwareBisection;shinbrotDiscontinuityAwareBisection;shinbrotDiscontinuityAwareBisection;shinbrotDiscontinuityAwareBisection;shinbrotDiscontinuityAwareBisection;shinbrotDiscontinuityAwareBisection;shinbrotDiscontinuityAwareBisection;shinbrotDiscontinuityAwareBisection;shinbrotDiscontinuityAwareBisection;shinbrotDiscontinuityAwareBisection;shinbrotDiscontinuityAwareBisection;shinbrotDiscontinuityAwareBisection;shinbrotDiscontinuityAwareBisection;shinbrotDiscontinuityAwareBisection;shinbrotDiscontinuityAwareBisection;shinbrotDiscontinuityAwareBisection;shinbrotDiscontinuityAwareBisection;shinbrotDiscontinuityAwareBisection;shinbrotDiscontinuityAwareBisection;shinbrotDiscontinuityAwareBisection;shinbrotDiscontinuityAwareBisection;shinbrotDiscontinuityAwareBisection;shinbrotDiscontinuityAwareBisection;shinbrotDiscontinuityAwareBisection;shinbrotDiscontinuityAwareBisection;shinbrotDiscontinuityAwareBisection;shinbrotDiscontinuityAwareBisection;shinbrotDiscontinuityAwareBisection;shinbrotDiscontinuityAwareBisection;shinbrotDiscontinuityAwareBisection;shinbrotDiscontinuityAwareBisection;shinbrotDiscontinuityAwareBisection;shinbrotDiscontinuityAwareBisection;shinbrotDiscontinuityAwareBisection;shinbrotDiscontinuityAwareBisection;shinbrotDiscontinuityAwareBisection;shinbrotDiscontinuityAwareBisection;shinbrotDiscontinuityAwareBisection;shinbrotDiscontinuityAwareBisection;shinbrotDiscontinuityAwareBisection;shinbrotDiscontinuityAwareBisection;shinbrotDiscontinuityAwareBisection;shinbrotDiscontinuityAwareBisection,0.08671875;-0.07890625;0.0390625;-0.0515625;-0.081640625;-0.025;0.0486328125;0.00625;-0.0078125;-0.028125;NaN;NaN;-0.01318359375;0;-0.0125;0.096875;-0.05546875;0.0374618530273;0.07861328125;0.075;0.0328125;-0.021875;0.048828125;0.05625;-0.0517578125;0.0625;-0.01005859375;-0.096875;-0.0234375;-0.09609375;-0.0140625;-9.765625e-05;0.003125;NaN;NaN;-0.090283203125;-0.044921875;NaN;-0.01875;-0.0046875;0.053125;-0.0625;0.065625;0.0875;0.0966796875;0.0796875;-0.090625;-0.046875;-0.0484375;-0.05625;-0.040625;-0.052734375;-0.01796875;-0.010546875;-0.0921875;-0.09560546875;0.028125;-0.1;0.07734375;0.072509765625;0.053125,2.25897246031613,15.9879724603161,21.3417203329534,26.921,0,,44.1315695,0
0.15,5,198005,sectionRetargetMode,shinbrotDiscontinuityAwareBisection,0,NaN,NaN,58949,0.08671875,0.009918212890625,0.08671875;0.07421875;0.0328125;0.015625;-0.0257957458496;0.0996803283691;-0.0765625;-0.04375;0.0546875;-0.04921875;-0.05;0.003125;-0.07646484375;0.00625;-0.05546875;-0.03046875;-0.025;-0.00029296875;-0.0625;0.09296875;0.008984375;-0.09609375;-0.075;-0.0375;-0.06328125;0.06875;-0.01875;-0.0921875;0.0296875;-0.0986328125;-0.0375;-0.08125;-0.08515625;-0.0328125;0.1;-0.0375;-0.09453125;-0.0375;-0.0859375;-0.0521484375;0.022265625;-0.034375;0.025;-0.050390625;-0.071875;0.0837890625;-0.0640625;0.0994140625;-0.0640625;0.0695861816406;-0.01171875;-0.0875;-0.02568359375;-0.0984375;0.03349609375;0.00991821289063,61,5,0;1;2;3;4;5;6;7;8;9;10;11;12;13;14;15;16;17;18;19;20;21;22;23;24;25;26;27;28;29;30;31;32;33;34;35;36;37;38;39;40;41;42;43;44;45;46;47;48;49;50;51;52;53;54;55;56;57;58;59;60,0;2.00870766291;2.00900076417;5.74275988947;5.74390046303;6.4692579285;6.48065702981;7.19210498521;9.47763590311;10.943428364;12.343228563;12.3437468986;16.1618293737;16.8287936116;19.232776847;19.2337456919;19.2378738209;19.9451208303;19.9452924172;20.5920166712;20.5953544601;20.5960263117;22.3851012906;22.386521146;22.3878428443;23.9528323425;23.9530090287;24.6778959096;24.6803671511;24.6857654984;24.6866098189;35.4572178121;35.4584272761;37.1043542943;37.104965785;37.58227576;38.4997260419;38.5000047749;38.5003368342;39.3634864782;41.0708310968;41.0714459456;46.4969652379;47.8755832095;48.5408230484;49.2918940417;49.2928459207;49.2935989604;53.3092293519;54.0913146799;54.0935512891;54.8308800776;56.3803455798;57.0292000662;57.6429351017;57.6485210898;58.2279968439;58.2304452844;58.2378556577;58.9118908515;58.9186216681,shinbrotDiscontinuityAwareBisection;shinbrotDiscontinuityAwareBisection;shinbrotDiscontinuityAwareBisection;shinbrotDiscontinuityAwareBisection;shinbrotDiscontinuityAwareBisection;shinbrotDiscontinuityAwareBisection;shinbrotDiscontinuityAwareBisection;shinbrotDiscontinuityAwareBisection;shinbrotDiscontinuityAwareBisection;shinbrotDiscontinuityAwareBisection;shinbrotDiscontinuityAwareBisection;shinbrotDiscontinuityAwareBisection;shinbrotDiscontinuityAwareBisection;shinbrotDiscontinuityAwareBisection;shinbrotDiscontinuityAwareBisection;shinbrotDiscontinuityAwareBisection;shinbrotDiscontinuityAwareBisection;shinbrotDiscontinuityAwareBisection;shinbrotDiscontinuityAwareBisection;shinbrotDiscontinuityAwareBisection;shinbrotDiscontinuityAwareBisection;shinbrotDiscontinuityAwareBisection;shinbrotDiscontinuityAwareBisection;shinbrotDiscontinuityAwareBisection;shinbrotDiscontinuityAwareBisection;shinbrotDiscontinuityAwareBisection;shinbrotDiscontinuityAwareBisection;shinbrotDiscontinuityAwareBisection;shinbrotDiscontinuityAwareBisection;shinbrotDiscontinuityAwareBisection;shinbrotDiscontinuityAwareBisection;shinbrotDiscontinuityAwareBisection;shinbrotDiscontinuityAwareBisection;shinbrotDiscontinuityAwareBisection;shinbrotDiscontinuityAwareBisection;shinbrotDiscontinuityAwareBisection;shinbrotDiscontinuityAwareBisection;shinbrotDiscontinuityAwareBisection;shinbrotDiscontinuityAwareBisection;shinbrotDiscontinuityAwareBisection;shinbrotDiscontinuityAwareBisection;shinbrotDiscontinuityAwareBisection;shinbrotDiscontinuityAwareBisection;shinbrotDiscontinuityAwareBisection;shinbrotDiscontinuityAwareBisection;shinbrotDiscontinuityAwareBisection;shinbrotDiscontinuityAwareBisection;shinbrotDiscontinuityAwareBisection;shinbrotDiscontinuityAwareBisection;shinbrotDiscontinuityAwareBisection;shinbrotDiscontinuityAwareBisection;shinbrotDiscontinuityAwareBisection;shinbrotDiscontinuityAwareBisection;shinbrotDiscontinuityAwareBisection;shinbrotDiscontinuityAwareBisection;shinbrotDiscontinuityAwareBisection;shinbrotDiscontinuityAwareBisection;shinbrotDiscontinuityAwareBisection;shinbrotDiscontinuityAwareBisection;shinbrotDiscontinuityAwareBisection;shinbrotDiscontinuityAwareBisection,0.08671875;0.07421875;0.0328125;0.015625;-0.0257957458496;0.0996803283691;-0.0765625;-0.04375;0.0546875;-0.04921875;-0.05;0.003125;-0.07646484375;0.00625;-0.05546875;-0.03046875;-0.025;-0.00029296875;-0.0625;0.09296875;0.008984375;-0.09609375;-0.075;-0.0375;-0.06328125;NaN;NaN;0.06875;-0.01875;-0.0921875;0.0296875;-0.0986328125;-0.0375;-0.08125;-0.08515625;-0.0328125;0.1;-0.0375;-0.09453125;-0.0375;-0.0859375;-0.0521484375;0.022265625;-0.034375;0.025;-0.050390625;-0.071875;0.0837890625;NaN;-0.0640625;0.0994140625;-0.0640625;0.0695861816406;-0.01171875;NaN;NaN;-0.0875;-0.02568359375;-0.0984375;0.03349609375;0.00991821289063,0.934899867091131,12.7941001329089,16.5313703955959,26.921,0,,52.8511227,0
0.15,6,198006,sectionRetargetMode,shinbrotDiscontinuityAwareBisection,0,NaN,NaN,48763,0.08671875,-0.075390625,0.08671875;0.09921875;0.03203125;0.01015625;-0.033203125;0.028125;0.0953125;0.02255859375;0.015625;-0.003125;0.0929077148438;-0.01171875;-0.015625;-0.05;0.0275390625;-0.05625;0.0998901367188;-0.0671875;-0.05390625;-0.05703125;-0.055859375;0.1;0;-0.028125;-0.094921875;-0.08046875;0.0748657226563;0.0015625;0.06416015625;-0.0453125;0.0966674804687;-0.067578125;-0.065625;-0.0203125;0.04375;0.0484375;-0.0390625;0.0296875;0.0404541015625;0.088671875;0.071875;-0.065625;0.0375;-0.0390625;-0.0875;-0.072802734375;-0.025;-0.02265625;0.084375;-0.003125;-0.00166015625;0.096875;-0.075390625,61,8,0;1;2;3;4;5;6;7;8;9;10;11;12;13;14;15;16;17;18;19;20;21;22;23;24;25;26;27;28;29;30;31;32;33;34;35;36;37;38;39;40;41;42;43;44;45;46;47;48;49;50;51;52;53;54;55;56;57;58;59;60,0;0.641398900634;3.82194070468;3.82299493299;4.60756273835;4.60972535739;5.29276650636;6.02680835082;6.0289767328;7.36908653917;7.36938811925;7.37059366111;7.37155201929;7.37330751254;7.37450312209;8.14852076222;8.15032728252;8.1536278363;8.15400766322;8.15714702034;9.01368742967;9.04999703157;10.8710068988;13.9878508242;13.9886382091;13.9887859013;13.9891339877;13.9895209709;16.8220769282;16.823600161;16.8238832557;16.8312017625;20.3986581215;21.9036943215;22.5269572794;22.5273610271;22.5275978297;24.4228862591;24.4239692595;25.1180884132;25.1183126571;25.1185888868;25.1187242421;33.1583576766;33.1601420606;33.1610015132;33.1618743937;36.062000095;36.0693846611;36.0694533975;36.6813021388;36.6824548825;36.6869728729;36.6879984562;38.6255938112;38.6346537558;38.6959146522;43.0969267947;43.0983197629;47.2362477926;48.7251668828,shinbrotDiscontinuityAwareBisection;shinbrotDiscontinuityAwareBisection;shinbrotDiscontinuityAwareBisection;shinbrotDiscontinuityAwareBisection;shinbrotDiscontinuityAwareBisection;shinbrotDiscontinuityAwareBisection;shinbrotDiscontinuityAwareBisection;shinbrotDiscontinuityAwareBisection;shinbrotDiscontinuityAwareBisection;shinbrotDiscontinuityAwareBisection;shinbrotDiscontinuityAwareBisection;shinbrotDiscontinuityAwareBisection;shinbrotDiscontinuityAwareBisection;shinbrotDiscontinuityAwareBisection;shinbrotDiscontinuityAwareBisection;shinbrotDiscontinuityAwareBisection;shinbrotDiscontinuityAwareBisection;shinbrotDiscontinuityAwareBisection;shinbrotDiscontinuityAwareBisection;shinbrotDiscontinuityAwareBisection;shinbrotDiscontinuityAwareBisection;shinbrotDiscontinuityAwareBisection;shinbrotDiscontinuityAwareBisection;shinbrotDiscontinuityAwareBisection;shinbrotDiscontinuityAwareBisection;shinbrotDiscontinuityAwareBisection;shinbrotDiscontinuityAwareBisection;shinbrotDiscontinuityAwareBisection;shinbrotDiscontinuityAwareBisection;shinbrotDiscontinuityAwareBisection;shinbrotDiscontinuityAwareBisection;shinbrotDiscontinuityAwareBisection;shinbrotDiscontinuityAwareBisection;shinbrotDiscontinuityAwareBisection;shinbrotDiscontinuityAwareBisection;shinbrotDiscontinuityAwareBisection;shinbrotDiscontinuityAwareBisection;shinbrotDiscontinuityAwareBisection;shinbrotDiscontinuityAwareBisection;shinbrotDiscontinuityAwareBisection;shinbrotDiscontinuityAwareBisection;shinbrotDiscontinuityAwareBisection;shinbrotDiscontinuityAwareBisection;shinbrotDiscontinuityAwareBisection;shinbrotDiscontinuityAwareBisection;shinbrotDiscontinuityAwareBisection;shinbrotDiscontinuityAwareBisection;shinbrotDiscontinuityAwareBisection;shinbrotDiscontinuityAwareBisection;shinbrotDiscontinuityAwareBisection;shinbrotDiscontinuityAwareBisection;shinbrotDiscontinuityAwareBisection;shinbrotDiscontinuityAwareBisection;shinbrotDiscontinuityAwareBisection;shinbrotDiscontinuityAwareBisection;shinbrotDiscontinuityAwareBisection;shinbrotDiscontinuityAwareBisection;shinbrotDiscontinuityAwareBisection;shinbrotDiscontinuityAwareBisection;shinbrotDiscontinuityAwareBisection;shinbrotDiscontinuityAwareBisection,0.08671875;0.09921875;0.03203125;0.01015625;-0.033203125;0.028125;0.0953125;0.02255859375;0.015625;-0.003125;0.0929077148438;-0.01171875;-0.015625;-0.05;0.0275390625;NaN;-0.05625;0.0998901367188;NaN;NaN;NaN;NaN;-0.0671875;-0.05390625;-0.05703125;-0.055859375;0.1;0;-0.028125;-0.094921875;-0.08046875;0.0748657226563;0.0015625;0.06416015625;-0.0453125;0.0966674804687;-0.067578125;-0.065625;-0.0203125;0.04375;0.0484375;-0.0390625;0.0296875;0.0404541015625;0.088671875;0.071875;-0.065625;0.0375;-0.0390625;-0.0875;-0.072802734375;-0.025;-0.02265625;0.084375;NaN;NaN;NaN;-0.003125;-0.00166015625;0.096875;-0.075390625,0.782316871438752,12.9466831285612,16.9470114412097,26.921,0,,50.5094094,0
0.15,7,198007,sectionRetargetMode,shinbrotDiscontinuityAwareBisection,0,NaN,NaN,50731,0.08671875,-0.078125,0.08671875;-0.0234375;0.00625;0.092578125;-0.0919921875;0.097265625;0.075;-0.00390625;-0.0551513671875;-0.1;-0.00703125;0.0140625;0.025390625;0.0421875;0.025;-0.0234375;0.05;-0.0796875;-0.08837890625;0.0435546875;0.078125;-0.02578125;0.0390625;-0.021875;-0.051171875;0.0796875;0.097998046875;0.0562469482422;-0.033984375;-0.0015625;0.0625;0.00625;0.01875;-0.096875;-0.0544189453125;-0.0517578125;0.0015625;0.0265625;-0.003125;-0.0453125;0.0625;-0.06640625;-0.015625;-0.0107421875;0.1;-0.0576171875;0.029833984375;-0.073828125;-0.0125;0.009375;0.0771484375;0.023828125;0.075;0.054296875;0.0906494140625;0.0515625;-0.08984375;-0.003173828125;-0.078125,61,2,0;1;2;3;4;5;6;7;8;9;10;11;12;13;14;15;16;17;18;19;20;21;22;23;24;25;26;27;28;29;30;31;32;33;34;35;36;37;38;39;40;41;42;43;44;45;46;47;48;49;50;51;52;53;54;55;56;57;58;59;60,0;1.44026581742;3.55051831562;4.5424495996;5.18371240902;6.82777730085;9.04634870596;9.04978124895;10.2574564896;11.6409892802;12.3759317304;12.9877982359;13.6429967072;13.6466739871;16.3284254647;16.334523278;16.3349318614;16.3356152027;17.6116569289;17.6178397711;17.6216716354;17.6219261694;17.6257419394;17.6263487505;20.3313226839;20.332053447;21.19897611;24.4957599424;24.4968701803;25.9298600859;25.9300719544;25.9300827815;28.4374113389;28.4404056083;29.0934304609;29.0941435814;29.0959672978;29.0983805565;29.0990371423;29.7789997745;30.4607978095;31.1676354678;38.4494580942;38.4501539614;39.2515412615;39.2519106464;41.2800376028;41.2804436572;41.2819208169;41.2821231118;44.1669862402;44.1680994223;44.6983698129;45.2534152361;45.9593531784;45.9623866343;47.8729994137;48.5371894069;50.7001897272;50.7006231798;50.7007279193,shinbrotDiscontinuityAwareBisection;shinbrotDiscontinuityAwareBisection;shinbrotDiscontinuityAwareBisection;shinbrotDiscontinuityAwareBisection;shinbrotDiscontinuityAwareBisection;shinbrotDiscontinuityAwareBisection;shinbrotDiscontinuityAwareBisection;shinbrotDiscontinuityAwareBisection;shinbrotDiscontinuityAwareBisection;shinbrotDiscontinuityAwareBisection;shinbrotDiscontinuityAwareBisection;shinbrotDiscontinuityAwareBisection;shinbrotDiscontinuityAwareBisection;shinbrotDiscontinuityAwareBisection;shinbrotDiscontinuityAwareBisection;shinbrotDiscontinuityAwareBisection;shinbrotDiscontinuityAwareBisection;shinbrotDiscontinuityAwareBisection;shinbrotDiscontinuityAwareBisection;shinbrotDiscontinuityAwareBisection;shinbrotDiscontinuityAwareBisection;shinbrotDiscontinuityAwareBisection;shinbrotDiscontinuityAwareBisection;shinbrotDiscontinuityAwareBisection;shinbrotDiscontinuityAwareBisection;shinbrotDiscontinuityAwareBisection;shinbrotDiscontinuityAwareBisection;shinbrotDiscontinuityAwareBisection;shinbrotDiscontinuityAwareBisection;shinbrotDiscontinuityAwareBisection;shinbrotDiscontinuityAwareBisection;shinbrotDiscontinuityAwareBisection;shinbrotDiscontinuityAwareBisection;shinbrotDiscontinuityAwareBisection;shinbrotDiscontinuityAwareBisection;shinbrotDiscontinuityAwareBisection;shinbrotDiscontinuityAwareBisection;shinbrotDiscontinuityAwareBisection;shinbrotDiscontinuityAwareBisection;shinbrotDiscontinuityAwareBisection;shinbrotDiscontinuityAwareBisection;shinbrotDiscontinuityAwareBisection;shinbrotDiscontinuityAwareBisection;shinbrotDiscontinuityAwareBisection;shinbrotDiscontinuityAwareBisection;shinbrotDiscontinuityAwareBisection;shinbrotDiscontinuityAwareBisection;shinbrotDiscontinuityAwareBisection;shinbrotDiscontinuityAwareBisection;shinbrotDiscontinuityAwareBisection;shinbrotDiscontinuityAwareBisection;shinbrotDiscontinuityAwareBisection;shinbrotDiscontinuityAwareBisection;shinbrotDiscontinuityAwareBisection;shinbrotDiscontinuityAwareBisection;shinbrotDiscontinuityAwareBisection;shinbrotDiscontinuityAwareBisection;shinbrotDiscontinuityAwareBisection;shinbrotDiscontinuityAwareBisection;shinbrotDiscontinuityAwareBisection;shinbrotDiscontinuityAwareBisection,0.08671875;-0.0234375;NaN;0.00625;0.092578125;-0.0919921875;0.097265625;0.075;-0.00390625;-0.0551513671875;-0.1;-0.00703125;0.0140625;0.025390625;0.0421875;0.025;-0.0234375;0.05;-0.0796875;-0.08837890625;0.0435546875;0.078125;-0.02578125;0.0390625;-0.021875;-0.051171875;0.0796875;0.097998046875;0.0562469482422;-0.033984375;-0.0015625;0.0625;0.00625;0.01875;-0.096875;-0.0544189453125;-0.0517578125;0.0015625;0.0265625;-0.003125;-0.0453125;0.0625;-0.06640625;-0.015625;-0.0107421875;0.1;-0.0576171875;0.029833984375;-0.073828125;-0.0125;0.009375;0.0771484375;0.023828125;NaN;0.075;0.054296875;0.0906494140625;0.0515625;-0.08984375;-0.003173828125;-0.078125,1.00057706677118,14.7295770667712,19.9877038047562,26.921,0,,57.8936374,0
0.15,8,198008,sectionRetargetMode,shinbrotDiscontinuityAwareBisection,1,27,32.9559986526786,32972,0.08671875,0.009375,0.08671875;-0.0187744140625;-0.0140625;0.089453125;-0.003125;0.0359375;0.059375;-0.0671875;0.024609375;-0.04765625;-0.04765625;-0.078125;-0.0734375;-0.0625;-0.04375;0.09375;-0.08662109375;0.028125;-0.090625;-0.00966911315918;-0.0999877929688;-0.00078125;0.01025390625;0.099609375;-0.0515625;-0.0375;0.009375,27,0,0;1;2;3;4;5;6;7;8;9;10;11;12;13;14;15;16;17;18;19;20;21;22;23;24;25;26,0;0.000215307822479;4.10660362228;4.71631932786;6.88949131012;7.62684232337;7.62714943091;8.24783102612;8.97828466082;8.97847623704;8.97858479692;8.97882978302;12.1498434422;12.9498321566;12.9502232672;14.411618577;15.1381562616;17.4408858492;18.0972574223;23.2202682012;23.2233192335;23.9016870581;26.3663792424;30.7254996142;30.7272269131;31.3570143819;31.3572617039,shinbrotDiscontinuityAwareBisection;shinbrotDiscontinuityAwareBisection;shinbrotDiscontinuityAwareBisection;shinbrotDiscontinuityAwareBisection;shinbrotDiscontinuityAwareBisection;shinbrotDiscontinuityAwareBisection;shinbrotDiscontinuityAwareBisection;shinbrotDiscontinuityAwareBisection;shinbrotDiscontinuityAwareBisection;shinbrotDiscontinuityAwareBisection;shinbrotDiscontinuityAwareBisection;shinbrotDiscontinuityAwareBisection;shinbrotDiscontinuityAwareBisection;shinbrotDiscontinuityAwareBisection;shinbrotDiscontinuityAwareBisection;shinbrotDiscontinuityAwareBisection;shinbrotDiscontinuityAwareBisection;shinbrotDiscontinuityAwareBisection;shinbrotDiscontinuityAwareBisection;shinbrotDiscontinuityAwareBisection;shinbrotDiscontinuityAwareBisection;shinbrotDiscontinuityAwareBisection;shinbrotDiscontinuityAwareBisection;shinbrotDiscontinuityAwareBisection;shinbrotDiscontinuityAwareBisection;shinbrotDiscontinuityAwareBisection;shinbrotDiscontinuityAwareBisection,0.08671875;-0.0187744140625;-0.0140625;0.089453125;-0.003125;0.0359375;0.059375;-0.0671875;0.024609375;-0.04765625;-0.04765625;-0.078125;-0.0734375;-0.0625;-0.04375;0.09375;-0.08662109375;0.028125;-0.090625;-0.00966911315918;-0.0999877929688;-0.00078125;0.01025390625;0.099609375;-0.0515625;-0.0375;0.009375,0.000105830425136233,13.7291058304251,17.7804507172988,26.921,0,,14.7187318,0
0.15,9,198009,sectionRetargetMode,shinbrotDiscontinuityAwareBisection,0,NaN,NaN,61210,0.08671875,-0.07890625,0.08671875;-0.018359375;-0.06875;-0.09765625;0.0185546875;-0.0759765625;0.0587890625;-0.04296875;0;0.0375;0.09921875;0;-0.034375;0.08984375;-0.0515625;-0.1;-0.0796875;-0.025;-0.0046875;0.048486328125;0.05;-0.0953125;-0.06796875;-0.075;-0.07578125;-0.010546875;-0.010693359375;-0.0859375;-0.086328125;-0.00234375;-0.025;-0.0875;-0.0859375;-0.01884765625;-0.0375122070313;0.0638671875;-0.01689453125;-0.0375;0.053125;0.08046875;0.0742431640625;0.059375;-0.075;-0.05625;-0.0234375;-0.00234375;0.0267578125;0.0875;-0.025;-0.01328125;0.040625;0.0560546875;-0.05;-0.04609375;-0.04765625;-0.05234375;0.075;-0.06796875;-0.07890625,61,2,0;1;2;3;4;5;6;7;8;9;10;11;12;13;14;15;16;17;18;19;20;21;22;23;24;25;26;27;28;29;30;31;32;33;34;35;36;37;38;39;40;41;42;43;44;45;46;47;48;49;50;51;52;53;54;55;56;57;58;59;60,0;2.07921345896;2.07983376805;2.88005143314;3.6299672982;4.29698232233;4.30112230763;4.30216631074;4.31059827838;5.51798274765;6.31654257088;9.19019499894;10.0766682596;12.3558627538;14.2485180342;15.9413177461;15.9417894712;15.9421751289;15.9424566021;15.942784551;15.9433794613;17.2390343089;18.0285782897;20.841989277;22.2107642992;22.9944985251;27.0768805008;27.0774629585;28.5937977504;29.3161679332;29.3169203682;29.3172726362;29.9610856178;41.4420817217;41.4424218869;41.4433043304;41.449396176;41.4505281776;41.4541215063;41.4548135297;43.4294533134;43.9324335285;44.5831365615;44.5840683706;44.5882361332;48.4972999095;48.4975065698;48.4976176274;49.7802472008;49.7811438982;50.5600239376;50.5604467579;50.5612096487;59.0488016645;59.5985317856;59.6010608648;60.3752380325;60.3756982043;60.3758335635;61.1796120333;61.1796825477,shinbrotDiscontinuityAwareBisection;shinbrotDiscontinuityAwareBisection;shinbrotDiscontinuityAwareBisection;shinbrotDiscontinuityAwareBisection;shinbrotDiscontinuityAwareBisection;shinbrotDiscontinuityAwareBisection;shinbrotDiscontinuityAwareBisection;shinbrotDiscontinuityAwareBisection;shinbrotDiscontinuityAwareBisection;shinbrotDiscontinuityAwareBisection;shinbrotDiscontinuityAwareBisection;shinbrotDiscontinuityAwareBisection;shinbrotDiscontinuityAwareBisection;shinbrotDiscontinuityAwareBisection;shinbrotDiscontinuityAwareBisection;shinbrotDiscontinuityAwareBisection;shinbrotDiscontinuityAwareBisection;shinbrotDiscontinuityAwareBisection;shinbrotDiscontinuityAwareBisection;shinbrotDiscontinuityAwareBisection;shinbrotDiscontinuityAwareBisection;shinbrotDiscontinuityAwareBisection;shinbrotDiscontinuityAwareBisection;shinbrotDiscontinuityAwareBisection;shinbrotDiscontinuityAwareBisection;shinbrotDiscontinuityAwareBisection;shinbrotDiscontinuityAwareBisection;shinbrotDiscontinuityAwareBisection;shinbrotDiscontinuityAwareBisection;shinbrotDiscontinuityAwareBisection;shinbrotDiscontinuityAwareBisection;shinbrotDiscontinuityAwareBisection;shinbrotDiscontinuityAwareBisection;shinbrotDiscontinuityAwareBisection;shinbrotDiscontinuityAwareBisection;shinbrotDiscontinuityAwareBisection;shinbrotDiscontinuityAwareBisection;shinbrotDiscontinuityAwareBisection;shinbrotDiscontinuityAwareBisection;shinbrotDiscontinuityAwareBisection;shinbrotDiscontinuityAwareBisection;shinbrotDiscontinuityAwareBisection;shinbrotDiscontinuityAwareBisection;shinbrotDiscontinuityAwareBisection;shinbrotDiscontinuityAwareBisection;shinbrotDiscontinuityAwareBisection;shinbrotDiscontinuityAwareBisection;shinbrotDiscontinuityAwareBisection;shinbrotDiscontinuityAwareBisection;shinbrotDiscontinuityAwareBisection;shinbrotDiscontinuityAwareBisection;shinbrotDiscontinuityAwareBisection;shinbrotDiscontinuityAwareBisection;shinbrotDiscontinuityAwareBisection;shinbrotDiscontinuityAwareBisection;shinbrotDiscontinuityAwareBisection;shinbrotDiscontinuityAwareBisection;shinbrotDiscontinuityAwareBisection;shinbrotDiscontinuityAwareBisection;shinbrotDiscontinuityAwareBisection;shinbrotDiscontinuityAwareBisection,0.08671875;-0.018359375;-0.06875;-0.09765625;0.0185546875;-0.0759765625;0.0587890625;-0.04296875;0;0.0375;0.09921875;0;-0.034375;0.08984375;-0.0515625;-0.1;-0.0796875;-0.025;-0.0046875;0.048486328125;0.05;-0.0953125;-0.06796875;-0.075;-0.07578125;-0.010546875;-0.010693359375;-0.0859375;-0.086328125;-0.00234375;-0.025;-0.0875;-0.0859375;-0.01884765625;-0.0375122070313;0.0638671875;-0.01689453125;-0.0375;0.053125;0.08046875;NaN;0.0742431640625;0.059375;-0.075;-0.05625;-0.0234375;-0.00234375;0.0267578125;0.0875;-0.025;-0.01328125;0.040625;0.0560546875;NaN;-0.05;-0.04609375;-0.04765625;-0.05234375;0.075;-0.06796875;-0.07890625,1.06859506188848,12.6604049381115,19.5374654976838,26.921,0,,49.456415,0
0.15,10,198010,sectionRetargetMode,shinbrotDiscontinuityAwareBisection,0,NaN,NaN,86156,0.08671875,0.0778167724609375,0.08671875;-0.0078125;0.09921875;0.009375;-0.0015625;0.0283203125;0.0240234375;-0.004443359375;-0.03125;-0.1;0.03125;0.0359375;0.06875;0.0203125;-0.009375;-0.0125;-0.0001953125;0.06015625;-0.040625;-0.0625;-0.060546875;-0.090625;-0.047265625;-0.02265625;0.092578125;-0.00625;0.01953125;0.04375;-0.008203125;0.0796630859375;-0.05;-0.06796875;0.0951171875;0.0748046875;-0.02890625;-0.0986328125;0.0984375;0.065625;0.0140625;0.09072265625;-0.088671875;-0.0203125;0.090625;0.0490225791931;-0.00234375;-0.01796875;0.021484375;0;-0.05859375;-0.0109619140625;0.0666015625;-0.02421875;0.01875;-0.1;-0.06484375;-0.0109375;-0.0828125;-0.000115966796875;0.0778167724609,61,2,0;1;2;3;4;5;6;7;8;9;10;11;12;13;14;15;16;17;18;19;20;21;22;23;24;25;26;27;28;29;30;31;32;33;34;35;36;37;38;39;40;41;42;43;44;45;46;47;48;49;50;51;52;53;54;55;56;57;58;59;60,0;0.77255071446;0.774103726795;0.774526996105;1.44871751928;4.72237601226;7.56187409393;8.2344686436;10.6159589641;14.371478356;14.3715279646;15.0168945385;16.7058482213;16.7059577524;18.5817042821;18.5824791789;18.582884464;18.5835406326;23.7604169322;24.4394711883;25.0059117042;25.5619235965;25.56343487;30.6918524442;34.5403500517;35.2354756001;36.7617340613;37.3970972191;37.398602142;38.1114056859;38.112684145;38.8750389581;42.2324550752;42.2344213293;46.9121442974;47.5978084625;49.0069972397;49.8237433128;51.54241512;61.4494127525;63.8909756988;64.5385171395;67.6238298765;67.6242654105;68.1701231165;68.9682126452;71.9389795258;75.0004614877;76.4583683367;76.4598956915;77.110832835;80.3236934321;80.3242804138;80.3245503106;80.3251222246;81.1166146944;81.1168467085;86.1257420699;86.1257941761;86.1258239028;86.1263011305,shinbrotDiscontinuityAwareBisection;shinbrotDiscontinuityAwareBisection;shinbrotDiscontinuityAwareBisection;shinbrotDiscontinuityAwareBisection;shinbrotDiscontinuityAwareBisection;shinbrotDiscontinuityAwareBisection;shinbrotDiscontinuityAwareBisection;shinbrotDiscontinuityAwareBisection;shinbrotDiscontinuityAwareBisection;shinbrotDiscontinuityAwareBisection;shinbrotDiscontinuityAwareBisection;shinbrotDiscontinuityAwareBisection;shinbrotDiscontinuityAwareBisection;shinbrotDiscontinuityAwareBisection;shinbrotDiscontinuityAwareBisection;shinbrotDiscontinuityAwareBisection;shinbrotDiscontinuityAwareBisection;shinbrotDiscontinuityAwareBisection;shinbrotDiscontinuityAwareBisection;shinbrotDiscontinuityAwareBisection;shinbrotDiscontinuityAwareBisection;shinbrotDiscontinuityAwareBisection;shinbrotDiscontinuityAwareBisection;shinbrotDiscontinuityAwareBisection;shinbrotDiscontinuityAwareBisection;shinbrotDiscontinuityAwareBisection;shinbrotDiscontinuityAwareBisection;shinbrotDiscontinuityAwareBisection;shinbrotDiscontinuityAwareBisection;shinbrotDiscontinuityAwareBisection;shinbrotDiscontinuityAwareBisection;shinbrotDiscontinuityAwareBisection;shinbrotDiscontinuityAwareBisection;shinbrotDiscontinuityAwareBisection;shinbrotDiscontinuityAwareBisection;shinbrotDiscontinuityAwareBisection;shinbrotDiscontinuityAwareBisection;shinbrotDiscontinuityAwareBisection;shinbrotDiscontinuityAwareBisection;shinbrotDiscontinuityAwareBisection;shinbrotDiscontinuityAwareBisection;shinbrotDiscontinuityAwareBisection;shinbrotDiscontinuityAwareBisection;shinbrotDiscontinuityAwareBisection;shinbrotDiscontinuityAwareBisection;shinbrotDiscontinuityAwareBisection;shinbrotDiscontinuityAwareBisection;shinbrotDiscontinuityAwareBisection;shinbrotDiscontinuityAwareBisection;shinbrotDiscontinuityAwareBisection;shinbrotDiscontinuityAwareBisection;shinbrotDiscontinuityAwareBisection;shinbrotDiscontinuityAwareBisection;shinbrotDiscontinuityAwareBisection;shinbrotDiscontinuityAwareBisection;shinbrotDiscontinuityAwareBisection;shinbrotDiscontinuityAwareBisection;shinbrotDiscontinuityAwareBisection;shinbrotDiscontinuityAwareBisection;shinbrotDiscontinuityAwareBisection;shinbrotDiscontinuityAwareBisection,0.08671875;-0.0078125;0.09921875;0.009375;-0.0015625;0.0283203125;0.0240234375;-0.004443359375;-0.03125;-0.1;0.03125;0.0359375;0.06875;0.0203125;-0.009375;-0.0125;-0.0001953125;0.06015625;NaN;-0.040625;-0.0625;-0.060546875;-0.090625;-0.047265625;-0.02265625;0.092578125;-0.00625;0.01953125;0.04375;-0.008203125;0.0796630859375;-0.05;-0.06796875;0.0951171875;0.0748046875;-0.02890625;-0.0986328125;0.0984375;0.065625;0.0140625;0.09072265625;NaN;-0.088671875;-0.0203125;0.090625;0.0490225791931;-0.00234375;-0.01796875;0.021484375;0;-0.05859375;-0.0109619140625;0.0666015625;-0.02421875;0.01875;-0.1;-0.06484375;-0.0109375;-0.0828125;-0.000115966796875;0.0778167724609,1.07275658975594,14.8017565897559,21.251689633453,26.921,0,,57.578328,0
0.2,1,199001,sectionRetargetMode,shinbrotDiscontinuityAwareBisection,0,NaN,NaN,98513,0.08671875,0.1,0.08671875;0.0630859375;0;-0.0515625;0.1;-0.004345703125;0.06875;-0.003125;-0.0875;-0.040625;0;-0.0265625;0.02109375;0.0234375;0.05625;-0.085546875;-0.08125;-0.034375;0.028125;0.0748046875;0.0015625;-0.0359375;-0.0296875;0.028125;0.0484375;0.05;-0.0703125;-0.0203125;0.0234375;-0.01875;-0.078125;-0.0156982421875;0.0828125;-0.01796875;0.0609375;0.073876953125;-0.0509765625;0.096875;0.04375;0.01875;0.024609375;-0.021875;-0.0017578125;0.00859375;0.08125;-0.06015625;0.025;0.0046875;-0.0453125;0;-0.0265625;-0.0125;0.0976318359375;0.042578125;0.075;-0.023046875;-0.0859375;0.1,61,3,0;1;2;3;4;5;6;7;8;9;10;11;12;13;14;15;16;17;18;19;20;21;22;23;24;25;26;27;28;29;30;31;32;33;34;35;36;37;38;39;40;41;42;43;44;45;46;47;48;49;50;51;52;53;54;55;56;57;58;59;60,0;0.605860593863;3.02067566068;3.04680509713;6.66535704018;6.66703091719;9.43629111527;10.1704951417;10.1707308228;10.1724570317;10.8378387835;10.8390053041;10.8501321827;10.851036725;14.3199251899;15.2373937311;21.5265068766;21.5275386401;21.5394511137;21.592787571;25.576371387;26.3296136025;40.7867008827;41.3896474294;42.0050680336;44.5056707617;44.5074048004;45.3650256982;45.3657975772;46.7447876271;49.4628195996;51.0007308467;51.8048322652;51.8076832597;59.7459983693;59.7467676505;60.7345548299;66.5481136972;72.5803652179;73.9668361664;73.9674442838;73.9681013357;73.9684883104;73.9702530354;84.3352459874;85.1545232803;85.1551626326;85.1552643515;85.1558680569;85.1569034805;85.1573410452;87.706733919;89.2588388878;91.3574240574;95.4743275674;95.4748867166;95.4756061996;95.4771051204;98.4728476039;98.4837383294;98.4837984381,shinbrotDiscontinuityAwareBisection;shinbrotDiscontinuityAwareBisection;shinbrotDiscontinuityAwareBisection;shinbrotDiscontinuityAwareBisection;shinbrotDiscontinuityAwareBisection;shinbrotDiscontinuityAwareBisection;shinbrotDiscontinuityAwareBisection;shinbrotDiscontinuityAwareBisection;shinbrotDiscontinuityAwareBisection;shinbrotDiscontinuityAwareBisection;shinbrotDiscontinuityAwareBisection;shinbrotDiscontinuityAwareBisection;shinbrotDiscontinuityAwareBisection;shinbrotDiscontinuityAwareBisection;shinbrotDiscontinuityAwareBisection;shinbrotDiscontinuityAwareBisection;shinbrotDiscontinuityAwareBisection;shinbrotDiscontinuityAwareBisection;shinbrotDiscontinuityAwareBisection;shinbrotDiscontinuityAwareBisection;shinbrotDiscontinuityAwareBisection;shinbrotDiscontinuityAwareBisection;shinbrotDiscontinuityAwareBisection;shinbrotDiscontinuityAwareBisection;shinbrotDiscontinuityAwareBisection;shinbrotDiscontinuityAwareBisection;shinbrotDiscontinuityAwareBisection;shinbrotDiscontinuityAwareBisection;shinbrotDiscontinuityAwareBisection;shinbrotDiscontinuityAwareBisection;shinbrotDiscontinuityAwareBisection;shinbrotDiscontinuityAwareBisection;shinbrotDiscontinuityAwareBisection;shinbrotDiscontinuityAwareBisection;shinbrotDiscontinuityAwareBisection;shinbrotDiscontinuityAwareBisection;shinbrotDiscontinuityAwareBisection;shinbrotDiscontinuityAwareBisection;shinbrotDiscontinuityAwareBisection;shinbrotDiscontinuityAwareBisection;shinbrotDiscontinuityAwareBisection;shinbrotDiscontinuityAwareBisection;shinbrotDiscontinuityAwareBisection;shinbrotDiscontinuityAwareBisection;shinbrotDiscontinuityAwareBisection;shinbrotDiscontinuityAwareBisection;shinbrotDiscontinuityAwareBisection;shinbrotDiscontinuityAwareBisection;shinbrotDiscontinuityAwareBisection;shinbrotDiscontinuityAwareBisection;shinbrotDiscontinuityAwareBisection;shinbrotDiscontinuityAwareBisection;shinbrotDiscontinuityAwareBisection;shinbrotDiscontinuityAwareBisection;shinbrotDiscontinuityAwareBisection;shinbrotDiscontinuityAwareBisection;shinbrotDiscontinuityAwareBisection;shinbrotDiscontinuityAwareBisection;shinbrotDiscontinuityAwareBisection;shinbrotDiscontinuityAwareBisection;shinbrotDiscontinuityAwareBisection,0.08671875;0.0630859375;0;-0.0515625;0.1;-0.004345703125;0.06875;-0.003125;-0.0875;-0.040625;0;-0.0265625;0.02109375;0.0234375;0.05625;-0.085546875;NaN;NaN;NaN;-0.08125;-0.034375;0.028125;0.0748046875;0.0015625;-0.0359375;-0.0296875;0.028125;0.0484375;0.05;-0.0703125;-0.0203125;0.0234375;-0.01875;-0.078125;-0.0156982421875;0.0828125;-0.01796875;0.0609375;0.073876953125;-0.0509765625;0.096875;0.04375;0.01875;0.024609375;-0.021875;-0.0017578125;0.00859375;0.08125;-0.06015625;0.025;0.0046875;-0.0453125;0;-0.0265625;-0.0125;0.0976318359375;0.042578125;0.075;-0.023046875;-0.0859375;0.1,0.816517836060507,12.9124821639395,17.1851637134443,26.921,0,,52.078379,0
0.2,2,199002,sectionRetargetMode,shinbrotDiscontinuityAwareBisection,1,49,50.4176715666061,50444,0.08671875,-0.03125,0.08671875;-0.05703125;-0.0017578125;-0.08515625;-0.09296875;-0.063671875;0.0583984375;0.00859375;0.0478515625;-0.0121704101562;0.1;0.0954040527344;0.0249267578125;-0.0203125;-0.042578125;0.0625;0.026171875;-0.066796875;-0.00390625;-0.06484375;-0.0359375;0.0296630859375;-0.094140625;0.096875;-0.0171875;0.040625;-0.0234375;0.0499874174595;0.090625;0.0546875;-0.03046875;0.00625;-0.06015625;-0.06875;0.0484375;-0.09052734375;-0.0375;-0.026806640625;0.0078125;-0.028125;0.0870849609375;0.05625;-0.0921875;-0.05;-0.01796875;0.0162109375;-0.03125,49,2,0;1;2;3;4;5;6;7;8;9;10;11;12;13;14;15;16;17;18;19;20;21;22;23;24;25;26;27;28;29;30;31;32;33;34;35;36;37;38;39;40;41;42;43;44;45;46;47;48,0;0.000421568179613;0.0017652228199;0.00325920323668;0.67445719988;1.42500989415;3.21554836624;5.52192176073;5.52390454781;5.52434956402;7.69535775747;7.69576950896;9.95986130803;10.7258963045;10.7259114528;10.7266785243;12.3551035027;12.3557136769;12.3565362325;12.3607157755;13.0296291213;13.0306166192;13.5497444975;14.4602720012;14.46047526;14.4612908995;15.1354560434;15.1368592147;16.4542084324;17.0833530827;17.0841600793;19.7971869194;23.2029604873;23.2032454057;23.2060343438;23.8040457056;24.3560406191;25.018799789;26.447333037;27.044858893;28.3565697095;36.6725355487;36.6790237231;36.686052627;36.6868046014;36.6869566114;40.4788742614;50.4168823379;50.4175470488,shinbrotDiscontinuityAwareBisection;shinbrotDiscontinuityAwareBisection;shinbrotDiscontinuityAwareBisection;shinbrotDiscontinuityAwareBisection;shinbrotDiscontinuityAwareBisection;shinbrotDiscontinuityAwareBisection;shinbrotDiscontinuityAwareBisection;shinbrotDiscontinuityAwareBisection;shinbrotDiscontinuityAwareBisection;shinbrotDiscontinuityAwareBisection;shinbrotDiscontinuityAwareBisection;shinbrotDiscontinuityAwareBisection;shinbrotDiscontinuityAwareBisection;shinbrotDiscontinuityAwareBisection;shinbrotDiscontinuityAwareBisection;shinbrotDiscontinuityAwareBisection;shinbrotDiscontinuityAwareBisection;shinbrotDiscontinuityAwareBisection;shinbrotDiscontinuityAwareBisection;shinbrotDiscontinuityAwareBisection;shinbrotDiscontinuityAwareBisection;shinbrotDiscontinuityAwareBisection;shinbrotDiscontinuityAwareBisection;shinbrotDiscontinuityAwareBisection;shinbrotDiscontinuityAwareBisection;shinbrotDiscontinuityAwareBisection;shinbrotDiscontinuityAwareBisection;shinbrotDiscontinuityAwareBisection;shinbrotDiscontinuityAwareBisection;shinbrotDiscontinuityAwareBisection;shinbrotDiscontinuityAwareBisection;shinbrotDiscontinuityAwareBisection;shinbrotDiscontinuityAwareBisection;shinbrotDiscontinuityAwareBisection;shinbrotDiscontinuityAwareBisection;shinbrotDiscontinuityAwareBisection;shinbrotDiscontinuityAwareBisection;shinbrotDiscontinuityAwareBisection;shinbrotDiscontinuityAwareBisection;shinbrotDiscontinuityAwareBisection;shinbrotDiscontinuityAwareBisection;shinbrotDiscontinuityAwareBisection;shinbrotDiscontinuityAwareBisection;shinbrotDiscontinuityAwareBisection;shinbrotDiscontinuityAwareBisection;shinbrotDiscontinuityAwareBisection;shinbrotDiscontinuityAwareBisection;shinbrotDiscontinuityAwareBisection;shinbrotDiscontinuityAwareBisection,0.08671875;-0.05703125;-0.0017578125;-0.08515625;-0.09296875;-0.063671875;0.0583984375;0.00859375;0.0478515625;-0.0121704101562;0.1;0.0954040527344;0.0249267578125;-0.0203125;-0.042578125;0.0625;0.026171875;-0.066796875;-0.00390625;-0.06484375;-0.0359375;0.0296630859375;-0.094140625;0.096875;-0.0171875;0.040625;-0.0234375;0.0499874174595;0.090625;0.0546875;-0.03046875;NaN;0.00625;-0.06015625;-0.06875;0.0484375;-0.09052734375;-0.0375;-0.026806640625;NaN;0.0078125;-0.028125;0.0870849609375;0.05625;-0.0921875;-0.05;-0.01796875;0.0162109375;-0.03125,0.00215970257159448,13.7311597025716,18.0652110839611,26.921,0,,52.2175666,0
0.2,3,199003,sectionRetargetMode,shinbrotDiscontinuityAwareBisection,0,NaN,NaN,86667,0.08671875,0.08203125,0.08671875;-0.04375;0.06875;0.053125;0.092578125;0.03125;0.05;0.04619140625;-0.0537109375;-0.0875;-0.0078125;0.0999755859375;0.09990234375;-0.009375;-0.0296875;-0.0049560546875;-0.02421875;-0.0087890625;0.06328125;0.07578125;0.0796875;0.0453125;0.0230224609375;-0.059375;-0.00625;-0.01875;-0.0504760742188;0.0744140625;0.0125;0.021875;0.018359375;0.096875;0.06875;-0.09453125;-0.08125;0.00625;-0.05390625;-0.025;-0.0359375;-0.06796875;0.0484375;-0.0359375;0.090625;0.0625;0.03125;-0.0171875;-0.078125;0.00625;0.0673828125;-0.069921875;-0.04375;0.017578125;0.09375;0.0228515625;-0.000253677368164;0.03203125;-5.4931640625e-05;0.08203125,61,3,0;1;2;3;4;5;6;7;8;9;10;11;12;13;14;15;16;17;18;19;20;21;22;23;24;25;26;27;28;29;30;31;32;33;34;35;36;37;38;39;40;41;42;43;44;45;46;47;48;49;50;51;52;53;54;55;56;57;58;59;60,0;3.32237441327;10.702552901;18.1609509111;19.0515645209;19.0519527204;19.0530244156;22.291659439;22.2916977201;24.4237368449;24.4430463875;25.012417506;25.01496892;25.0164678084;25.6999243783;27.1317999339;27.7898902693;30.4192720953;30.4197596266;31.2292417374;31.2294282278;34.7669088676;34.7683127705;34.7687592569;36.3186757615;38.991469841;39.6406012525;43.1222282595;43.1224577349;43.1233932416;43.1252617259;46.4738300334;46.7687489153;47.6362345444;47.6397549054;48.2148527208;50.0753695953;50.0759753556;51.0478279237;51.0479785929;51.04807667;52.7704058323;52.7707349261;54.2397013449;58.2088961508;58.209391259;61.283812181;63.2725260316;63.99761189;63.9989704436;64.6118089069;69.9349333381;78.0259462601;83.0726288314;83.0728867578;83.6139265663;85.3162054421;85.3163944071;85.3182900312;86.6317999369;86.6331885451,shinbrotDiscontinuityAwareBisection;shinbrotDiscontinuityAwareBisection;shinbrotDiscontinuityAwareBisection;shinbrotDiscontinuityAwareBisection;shinbrotDiscontinuityAwareBisection;shinbrotDiscontinuityAwareBisection;shinbrotDiscontinuityAwareBisection;shinbrotDiscontinuityAwareBisection;shinbrotDiscontinuityAwareBisection;shinbrotDiscontinuityAwareBisection;shinbrotDiscontinuityAwareBisection;shinbrotDiscontinuityAwareBisection;shinbrotDiscontinuityAwareBisection;shinbrotDiscontinuityAwareBisection;shinbrotDiscontinuityAwareBisection;shinbrotDiscontinuityAwareBisection;shinbrotDiscontinuityAwareBisection;shinbrotDiscontinuityAwareBisection;shinbrotDiscontinuityAwareBisection;shinbrotDiscontinuityAwareBisection;shinbrotDiscontinuityAwareBisection;shinbrotDiscontinuityAwareBisection;shinbrotDiscontinuityAwareBisection;shinbrotDiscontinuityAwareBisection;shinbrotDiscontinuityAwareBisection;shinbrotDiscontinuityAwareBisection;shinbrotDiscontinuityAwareBisection;shinbrotDiscontinuityAwareBisection;shinbrotDiscontinuityAwareBisection;shinbrotDiscontinuityAwareBisection;shinbrotDiscontinuityAwareBisection;shinbrotDiscontinuityAwareBisection;shinbrotDiscontinuityAwareBisection;shinbrotDiscontinuityAwareBisection;shinbrotDiscontinuityAwareBisection;shinbrotDiscontinuityAwareBisection;shinbrotDiscontinuityAwareBisection;shinbrotDiscontinuityAwareBisection;shinbrotDiscontinuityAwareBisection;shinbrotDiscontinuityAwareBisection;shinbrotDiscontinuityAwareBisection;shinbrotDiscontinuityAwareBisection;shinbrotDiscontinuityAwareBisection;shinbrotDiscontinuityAwareBisection;shinbrotDiscontinuityAwareBisection;shinbrotDiscontinuityAwareBisection;shinbrotDiscontinuityAwareBisection;shinbrotDiscontinuityAwareBisection;shinbrotDiscontinuityAwareBisection;shinbrotDiscontinuityAwareBisection;shinbrotDiscontinuityAwareBisection;shinbrotDiscontinuityAwareBisection;shinbrotDiscontinuityAwareBisection;shinbrotDiscontinuityAwareBisection;shinbrotDiscontinuityAwareBisection;shinbrotDiscontinuityAwareBisection;shinbrotDiscontinuityAwareBisection;shinbrotDiscontinuityAwareBisection;shinbrotDiscontinuityAwareBisection;shinbrotDiscontinuityAwareBisection;shinbrotDiscontinuityAwareBisection,0.08671875;-0.04375;0.06875;0.053125;0.092578125;0.03125;0.05;0.04619140625;-0.0537109375;-0.0875;-0.0078125;0.0999755859375;0.09990234375;-0.009375;-0.0296875;-0.0049560546875;-0.02421875;-0.0087890625;0.06328125;0.07578125;0.0796875;0.0453125;0.0230224609375;-0.059375;-0.00625;-0.01875;-0.0504760742188;0.0744140625;0.0125;0.021875;0.018359375;NaN;NaN;0.096875;0.06875;-0.09453125;-0.08125;0.00625;-0.05390625;-0.025;-0.0359375;-0.06796875;0.0484375;-0.0359375;0.090625;0.0625;0.03125;-0.0171875;-0.078125;0.00625;0.0673828125;-0.069921875;-0.04375;0.017578125;0.09375;NaN;0.0228515625;-0.000253677368164;0.03203125;-5.4931640625e-05;0.08203125,0.340479444226631,14.0694794442266,20.5005821027206,26.921,0,,79.6362968,0
0.2,4,199004,sectionRetargetMode,shinbrotDiscontinuityAwareBisection,0,NaN,NaN,61719,0.08671875,-0.090234375,0.08671875;-0.075;0.053125;0.084375;-0.0125;0.0515625;0.0790405273438;-0.0962890625;-0.01591796875;0.0953125;-0.0578125;-0.05;-0.0671875;-0.089208984375;-0.0962890625;-0.0109375;0.046875;-0.0359375;-0.0037841796875;-0.03359375;0.0734375;0.090625;0;0;-0.000575256347656;0.059375;0.017578125;-0.046875;-0.07275390625;-0.05078125;0.0296875;-0.0625;-0.05859375;-0.0515625;-0.040625;0.009375;-0.084375;-0.028125;0.0390625;-0.09921875;0.00234375;-0.0703125;-0.0625;0.065625;-0.001171875;0.0364501953125;-0.044677734375;-0.0875;0.08125;0.0375;-0.0352783203125;0.0435546875;-0.0025390625;0.0296875;0.1;-0.090234375,61,5,0;1;2;3;4;5;6;7;8;9;10;11;12;13;14;15;16;17;18;19;20;21;22;23;24;25;26;27;28;29;30;31;32;33;34;35;36;37;38;39;40;41;42;43;44;45;46;47;48;49;50;51;52;53;54;55;56;57;58;59;60,0;2.59842430668;4.28578405054;4.98376019579;4.98408179114;6.4585921925;6.46096382993;6.46559274817;7.63484640979;7.68097254092;7.78819503924;7.79218800251;7.82120177197;10.5459975984;14.5589806253;15.5103803425;16.1901907293;19.7708227451;19.7987176654;20.2476948634;20.2524950753;20.8584399028;20.8598560389;20.860395471;20.8655374499;21.4981572902;21.5002635725;24.5862690399;24.5915202107;24.5915646826;24.592144165;24.5925253366;24.5930820213;24.5969620419;25.3570203003;25.3583787888;25.3586444128;28.3482966591;31.9081264517;32.3535253018;32.3547643277;32.8874870108;40.6219897069;42.5658827032;42.5660810807;43.3380167934;43.3393280187;48.9060440502;48.9064038814;48.9071128395;48.9092339538;51.0800978792;51.6208908203;51.6237689424;53.3101689935;59.3884979636;59.9902961827;59.9912129358;61.2967393968;61.3041559404;61.6901994169,shinbrotDiscontinuityAwareBisection;shinbrotDiscontinuityAwareBisection;shinbrotDiscontinuityAwareBisection;shinbrotDiscontinuityAwareBisection;shinbrotDiscontinuityAwareBisection;shinbrotDiscontinuityAwareBisection;shinbrotDiscontinuityAwareBisection;shinbrotDiscontinuityAwareBisection;shinbrotDiscontinuityAwareBisection;shinbrotDiscontinuityAwareBisection;shinbrotDiscontinuityAwareBisection;shinbrotDiscontinuityAwareBisection;shinbrotDiscontinuityAwareBisection;shinbrotDiscontinuityAwareBisection;shinbrotDiscontinuityAwareBisection;shinbrotDiscontinuityAwareBisection;shinbrotDiscontinuityAwareBisection;shinbrotDiscontinuityAwareBisection;shinbrotDiscontinuityAwareBisection;shinbrotDiscontinuityAwareBisection;shinbrotDiscontinuityAwareBisection;shinbrotDiscontinuityAwareBisection;shinbrotDiscontinuityAwareBisection;shinbrotDiscontinuityAwareBisection;shinbrotDiscontinuityAwareBisection;shinbrotDiscontinuityAwareBisection;shinbrotDiscontinuityAwareBisection;shinbrotDiscontinuityAwareBisection;shinbrotDiscontinuityAwareBisection;shinbrotDiscontinuityAwareBisection;shinbrotDiscontinuityAwareBisection;shinbrotDiscontinuityAwareBisection;shinbrotDiscontinuityAwareBisection;shinbrotDiscontinuityAwareBisection;shinbrotDiscontinuityAwareBisection;shinbrotDiscontinuityAwareBisection;shinbrotDiscontinuityAwareBisection;shinbrotDiscontinuityAwareBisection;shinbrotDiscontinuityAwareBisection;shinbrotDiscontinuityAwareBisection;shinbrotDiscontinuityAwareBisection;shinbrotDiscontinuityAwareBisection;shinbrotDiscontinuityAwareBisection;shinbrotDiscontinuityAwareBisection;shinbrotDiscontinuityAwareBisection;shinbrotDiscontinuityAwareBisection;shinbrotDiscontinuityAwareBisection;shinbrotDiscontinuityAwareBisection;shinbrotDiscontinuityAwareBisection;shinbrotDiscontinuityAwareBisection;shinbrotDiscontinuityAwareBisection;shinbrotDiscontinuityAwareBisection;shinbrotDiscontinuityAwareBisection;shinbrotDiscontinuityAwareBisection;shinbrotDiscontinuityAwareBisection;shinbrotDiscontinuityAwareBisection;shinbrotDiscontinuityAwareBisection;shinbrotDiscontinuityAwareBisection;shinbrotDiscontinuityAwareBisection;shinbrotDiscontinuityAwareBisection;shinbrotDiscontinuityAwareBisection,0.08671875;-0.075;0.053125;0.084375;-0.0125;0.0515625;0.0790405273438;-0.0962890625;NaN;-0.01591796875;NaN;NaN;NaN;0.0953125;-0.0578125;-0.05;-0.0671875;-0.089208984375;-0.0962890625;-0.0109375;0.046875;-0.0359375;-0.0037841796875;-0.03359375;0.0734375;0.090625;0;0;-0.000575256347656;0.059375;0.017578125;-0.046875;-0.07275390625;-0.05078125;0.0296875;-0.0625;-0.05859375;-0.0515625;-0.040625;0.009375;-0.084375;-0.028125;0.0390625;-0.09921875;0.00234375;-0.0703125;-0.0625;0.065625;-0.001171875;0.0364501953125;-0.044677734375;-0.0875;0.08125;0.0375;-0.0352783203125;0.0435546875;-0.0025390625;0.0296875;0.1;-0.090234375;NaN,2.54862388266794,11.1803761173321,10.9171426901958,26.921,0,,57.4299819,0
0.2,5,199005,sectionRetargetMode,shinbrotDiscontinuityAwareBisection,0,NaN,NaN,65370,0.08671875,0.0677734375,0.08671875;-0.05859375;-0.0797119140625;-0.05302734375;-0.0484375;-0.05625;0.01875;-0.01875;-0.0390625;-0.030859375;-0.01875;-0.067578125;-0.0609375;0.037109375;0.094140625;-0.09765625;0.0046875;0.06640625;0.07734375;0.0234375;0;0.059765625;-0.05625;-0.0165069580078;0.074609375;0.093310546875;0.0078125;0.0984375;-0.0260986328125;0.0703125;0.0234375;0.008203125;-0.090625;-0.01953125;-0.065625;0.0515625;0.0685546875;-0.04609375;-0.046875;-0.003125;0.0921875;-0.0765625;0.00625;-0.0171875;0.0615234375;-0.0234375;0.0125;-0.0796875;0.0384765625;0.1;0.071875;-0.025;-0.0427734375;0.0677734375,61,7,0;1;2;3;4;5;6;7;8;9;10;11;12;13;14;15;16;17;18;19;20;21;22;23;24;25;26;27;28;29;30;31;32;33;34;35;36;37;38;39;40;41;42;43;44;45;46;47;48;49;50;51;52;53;54;55;56;57;58;59;60,0;4.00558591107;5.78330231904;6.78757709394;7.45348991785;7.45349330658;14.1504161775;16.1362177521;16.9446930389;17.6245062437;17.6252030312;17.6257307224;17.6275275031;17.6275957409;17.6287542446;17.6298614082;18.4297704431;19.2003078231;19.8142402621;19.8212058852;20.5938548074;21.5812862734;24.9153657047;24.9348649912;25.9228123496;25.9271440778;28.1850883392;28.1858567958;28.1860579026;28.9069647649;28.9070222259;31.3224985279;31.3312770443;31.3317079117;32.2883810075;32.2903398537;32.2919749066;32.2932339847;32.2934999613;32.2944044028;32.2952435878;32.2954866026;32.2959428036;34.9015021766;35.5745718352;35.5761214129;35.5788785676;37.5688416934;38.959319735;45.363639352;54.080147397;54.6985923526;54.6998510444;55.6124117795;56.3021012751;56.3060122453;57.7406066021;62.8472031621;63.4641482096;65.3425813856;65.3445533535,shinbrotDiscontinuityAwareBisection;shinbrotDiscontinuityAwareBisection;shinbrotDiscontinuityAwareBisection;shinbrotDiscontinuityAwareBisection;shinbrotDiscontinuityAwareBisection;shinbrotDiscontinuityAwareBisection;shinbrotDiscontinuityAwareBisection;shinbrotDiscontinuityAwareBisection;shinbrotDiscontinuityAwareBisection;shinbrotDiscontinuityAwareBisection;shinbrotDiscontinuityAwareBisection;shinbrotDiscontinuityAwareBisection;shinbrotDiscontinuityAwareBisection;shinbrotDiscontinuityAwareBisection;shinbrotDiscontinuityAwareBisection;shinbrotDiscontinuityAwareBisection;shinbrotDiscontinuityAwareBisection;shinbrotDiscontinuityAwareBisection;shinbrotDiscontinuityAwareBisection;shinbrotDiscontinuityAwareBisection;shinbrotDiscontinuityAwareBisection;shinbrotDiscontinuityAwareBisection;shinbrotDiscontinuityAwareBisection;shinbrotDiscontinuityAwareBisection;shinbrotDiscontinuityAwareBisection;shinbrotDiscontinuityAwareBisection;shinbrotDiscontinuityAwareBisection;shinbrotDiscontinuityAwareBisection;shinbrotDiscontinuityAwareBisection;shinbrotDiscontinuityAwareBisection;shinbrotDiscontinuityAwareBisection;shinbrotDiscontinuityAwareBisection;shinbrotDiscontinuityAwareBisection;shinbrotDiscontinuityAwareBisection;shinbrotDiscontinuityAwareBisection;shinbrotDiscontinuityAwareBisection;shinbrotDiscontinuityAwareBisection;shinbrotDiscontinuityAwareBisection;shinbrotDiscontinuityAwareBisection;shinbrotDiscontinuityAwareBisection;shinbrotDiscontinuityAwareBisection;shinbrotDiscontinuityAwareBisection;shinbrotDiscontinuityAwareBisection;shinbrotDiscontinuityAwareBisection;shinbrotDiscontinuityAwareBisection;shinbrotDiscontinuityAwareBisection;shinbrotDiscontinuityAwareBisection;shinbrotDiscontinuityAwareBisection;shinbrotDiscontinuityAwareBisection;shinbrotDiscontinuityAwareBisection;shinbrotDiscontinuityAwareBisection;shinbrotDiscontinuityAwareBisection;shinbrotDiscontinuityAwareBisection;shinbrotDiscontinuityAwareBisection;shinbrotDiscontinuityAwareBisection;shinbrotDiscontinuityAwareBisection;shinbrotDiscontinuityAwareBisection;shinbrotDiscontinuityAwareBisection;shinbrotDiscontinuityAwareBisection;shinbrotDiscontinuityAwareBisection;shinbrotDiscontinuityAwareBisection,0.08671875;-0.05859375;-0.0797119140625;-0.05302734375;-0.0484375;-0.05625;0.01875;-0.01875;-0.0390625;-0.030859375;-0.01875;-0.067578125;-0.0609375;0.037109375;0.094140625;-0.09765625;0.0046875;0.06640625;NaN;NaN;0.07734375;0.0234375;0;0.059765625;NaN;NaN;-0.05625;-0.0165069580078;0.074609375;0.093310546875;0.0078125;0.0984375;-0.0260986328125;0.0703125;0.0234375;0.008203125;-0.090625;-0.01953125;-0.065625;0.0515625;0.0685546875;-0.04609375;-0.046875;-0.003125;0.0921875;-0.0765625;0.00625;-0.0171875;0.0615234375;-0.0234375;0.0125;-0.0796875;0.0384765625;NaN;NaN;NaN;0.1;0.071875;-0.025;-0.0427734375;0.0677734375,2.93352519996664,10.7954748000334,11.6840745057909,26.921,0,,45.2119257,0
0.2,6,199006,sectionRetargetMode,shinbrotDiscontinuityAwareBisection,0,NaN,NaN,76471,0.08671875,-0.08505859375,0.08671875;0.04375;0.078125;0.040625;-0.084375;0.078125;0.09716796875;-0.090625;0;0.075;0.0420684814453;0.099609375;-0.0109375;0.053125;0.03125;-0.08203125;0.0625;0.05673828125;0.05;-0.01484375;-0.00859375;-0.0703125;-0.013427734375;0.0921875;-0.09931640625;-0.045703125;-0.0296875;-0.062109375;0.0046875;0.0875;-0.05859375;0.0625;-0.0017578125;-0.08818359375;0.056640625;-0.09296875;-0.06025390625;-0.025146484375;-0.025;-0.09375;0.0359169006348;-0.009375;0.0421875;-0.04375;-0.0421875;-0.090625;-0.053125;0.0125;-0.0578125;0.0109375;0;0.090625;-0.025;-0.0254241943359;-0.0765625;0.05;-0.08505859375,61,4,0;1;2;3;4;5;6;7;8;9;10;11;12;13;14;15;16;17;18;19;20;21;22;23;24;25;26;27;28;29;30;31;32;33;34;35;36;37;38;39;40;41;42;43;44;45;46;47;48;49;50;51;52;53;54;55;56;57;58;59;60,0;0.00109197392406;5.89044263494;5.8905637308;5.89071834763;5.89097366327;5.89099885845;5.89198010061;9.7332681689;11.19790559;13.2868121911;15.4697852835;19.7746947122;19.7749775496;20.4240405159;20.4242857236;22.4794463542;22.4796173827;23.1797181305;27.382167246;27.3823401002;28.8786058465;31.0686081321;35.1559066752;37.8869356782;38.6834784306;38.6836915124;38.6838797574;38.6845166614;40.9259823352;42.0786974225;42.0791685902;42.3572957197;42.5708027946;42.8863881558;42.9113306093;43.571916062;44.1136082784;44.1153953733;44.1160911602;46.8965984994;48.8993645125;48.8998283693;52.8717106043;52.8719183495;52.8719535482;57.960164845;66.5549453485;66.5556845945;66.5559424867;66.5562921821;69.6468537828;69.6469275417;70.8693981295;72.8481122881;72.8485640132;74.1603593545;74.7839868092;74.7868741101;75.3882537961;76.4374989058,shinbrotDiscontinuityAwareBisection;shinbrotDiscontinuityAwareBisection;shinbrotDiscontinuityAwareBisection;shinbrotDiscontinuityAwareBisection;shinbrotDiscontinuityAwareBisection;shinbrotDiscontinuityAwareBisection;shinbrotDiscontinuityAwareBisection;shinbrotDiscontinuityAwareBisection;shinbrotDiscontinuityAwareBisection;shinbrotDiscontinuityAwareBisection;shinbrotDiscontinuityAwareBisection;shinbrotDiscontinuityAwareBisection;shinbrotDiscontinuityAwareBisection;shinbrotDiscontinuityAwareBisection;shinbrotDiscontinuityAwareBisection;shinbrotDiscontinuityAwareBisection;shinbrotDiscontinuityAwareBisection;shinbrotDiscontinuityAwareBisection;shinbrotDiscontinuityAwareBisection;shinbrotDiscontinuityAwareBisection;shinbrotDiscontinuityAwareBisection;shinbrotDiscontinuityAwareBisection;shinbrotDiscontinuityAwareBisection;shinbrotDiscontinuityAwareBisection;shinbrotDiscontinuityAwareBisection;shinbrotDiscontinuityAwareBisection;shinbrotDiscontinuityAwareBisection;shinbrotDiscontinuityAwareBisection;shinbrotDiscontinuityAwareBisection;shinbrotDiscontinuityAwareBisection;shinbrotDiscontinuityAwareBisection;shinbrotDiscontinuityAwareBisection;shinbrotDiscontinuityAwareBisection;shinbrotDiscontinuityAwareBisection;shinbrotDiscontinuityAwareBisection;shinbrotDiscontinuityAwareBisection;shinbrotDiscontinuityAwareBisection;shinbrotDiscontinuityAwareBisection;shinbrotDiscontinuityAwareBisection;shinbrotDiscontinuityAwareBisection;shinbrotDiscontinuityAwareBisection;shinbrotDiscontinuityAwareBisection;shinbrotDiscontinuityAwareBisection;shinbrotDiscontinuityAwareBisection;shinbrotDiscontinuityAwareBisection;shinbrotDiscontinuityAwareBisection;shinbrotDiscontinuityAwareBisection;shinbrotDiscontinuityAwareBisection;shinbrotDiscontinuityAwareBisection;shinbrotDiscontinuityAwareBisection;shinbrotDiscontinuityAwareBisection;shinbrotDiscontinuityAwareBisection;shinbrotDiscontinuityAwareBisection;shinbrotDiscontinuityAwareBisection;shinbrotDiscontinuityAwareBisection;shinbrotDiscontinuityAwareBisection;shinbrotDiscontinuityAwareBisection;shinbrotDiscontinuityAwareBisection;shinbrotDiscontinuityAwareBisection;shinbrotDiscontinuityAwareBisection;shinbrotDiscontinuityAwareBisection,0.08671875;0.04375;0.078125;0.040625;-0.084375;0.078125;0.09716796875;-0.090625;0;0.075;0.0420684814453;0.099609375;-0.0109375;0.053125;0.03125;-0.08203125;0.0625;0.05673828125;0.05;-0.01484375;-0.00859375;-0.0703125;-0.013427734375;0.0921875;-0.09931640625;-0.045703125;-0.0296875;-0.062109375;0.0046875;0.0875;-0.05859375;0.0625;NaN;NaN;NaN;NaN;-0.0017578125;-0.08818359375;0.056640625;-0.09296875;-0.06025390625;-0.025146484375;-0.025;-0.09375;0.0359169006348;-0.009375;0.0421875;-0.04375;-0.0421875;-0.090625;-0.053125;0.0125;-0.0578125;0.0109375;0;0.090625;-0.025;-0.0254241943359;-0.0765625;0.05;-0.08505859375,1.17743365190704,14.906433651907,21.1338792259254,26.921,0,,47.5936797,0
0.2,7,199007,sectionRetargetMode,shinbrotDiscontinuityAwareBisection,0,NaN,NaN,70521,0.08671875,0.003125,0.08671875;-0.05703125;0.01875;0.06923828125;-0.0875;0;0.0859375;0.0912109375;0.048974609375;-0.0421875;-0.053125;-0.0203125;-0.04921875;0.084375;0.096875;-0.025;0.0166015625;-0.080078125;0.0953125;0.02734375;0.0968688964844;-0.01953125;0.09814453125;-0.09970703125;-0.00859375;-0.0029296875;0.0962890625;0.034765625;-0.058203125;0.0453125;-0.080859375;-0.05390625;-0.0229736328125;0.071826171875;0.0390625;0.068359375;-0.0875;-0.0708984375;-0.0625;-0.00546875;0.00625;-0.06640625;0.1;-0.00961608886719;0.1;0.05;0.05625;-0.09921875;0.03125;-0.03515625;-0.0044921875;-0.041796875;0.003125,61,8,0;1;2;3;4;5;6;7;8;9;10;11;12;13;14;15;16;17;18;19;20;21;22;23;24;25;26;27;28;29;30;31;32;33;34;35;36;37;38;39;40;41;42;43;44;45;46;47;48;49;50;51;52;53;54;55;56;57;58;59;60,0;0.00137287128688;0.00142444440601;0.00176858373787;0.00308900082554;2.77995611023;8.24496377243;8.99593868012;19.9864208591;21.4340779412;21.4378471739;23.6061367369;24.3658908999;26.5486712828;26.5498477473;26.5513613748;28.4864833883;29.7931439041;29.7935151818;29.7966845691;30.4251072636;30.4257353364;30.4272700763;31.1864504358;33.8586059347;33.859401178;35.1219626216;38.0433080307;39.4729048865;39.4731991695;40.2962747443;41.0815570891;41.0824168772;42.9390164253;45.2668169108;45.3342690656;47.8849706716;49.8479987412;52.6058016608;52.6076707285;54.4895350899;54.9707239359;55.0262721768;55.049001808;55.0655766532;55.0748567911;55.8299846492;56.6898626456;56.6911991496;60.0111421446;60.0118731682;60.0125973138;60.5156909446;61.1583651049;61.8589277654;65.8336293274;67.1942436992;67.8769058312;69.7661857122;70.4909986017;70.4919981572,shinbrotDiscontinuityAwareBisection;shinbrotDiscontinuityAwareBisection;shinbrotDiscontinuityAwareBisection;shinbrotDiscontinuityAwareBisection;shinbrotDiscontinuityAwareBisection;shinbrotDiscontinuityAwareBisection;shinbrotDiscontinuityAwareBisection;shinbrotDiscontinuityAwareBisection;shinbrotDiscontinuityAwareBisection;shinbrotDiscontinuityAwareBisection;shinbrotDiscontinuityAwareBisection;shinbrotDiscontinuityAwareBisection;shinbrotDiscontinuityAwareBisection;shinbrotDiscontinuityAwareBisection;shinbrotDiscontinuityAwareBisection;shinbrotDiscontinuityAwareBisection;shinbrotDiscontinuityAwareBisection;shinbrotDiscontinuityAwareBisection;shinbrotDiscontinuityAwareBisection;shinbrotDiscontinuityAwareBisection;shinbrotDiscontinuityAwareBisection;shinbrotDiscontinuityAwareBisection;shinbrotDiscontinuityAwareBisection;shinbrotDiscontinuityAwareBisection;shinbrotDiscontinuityAwareBisection;shinbrotDiscontinuityAwareBisection;shinbrotDiscontinuityAwareBisection;shinbrotDiscontinuityAwareBisection;shinbrotDiscontinuityAwareBisection;shinbrotDiscontinuityAwareBisection;shinbrotDiscontinuityAwareBisection;shinbrotDiscontinuityAwareBisection;shinbrotDiscontinuityAwareBisection;shinbrotDiscontinuityAwareBisection;shinbrotDiscontinuityAwareBisection;shinbrotDiscontinuityAwareBisection;shinbrotDiscontinuityAwareBisection;shinbrotDiscontinuityAwareBisection;shinbrotDiscontinuityAwareBisection;shinbrotDiscontinuityAwareBisection;shinbrotDiscontinuityAwareBisection;shinbrotDiscontinuityAwareBisection;shinbrotDiscontinuityAwareBisection;shinbrotDiscontinuityAwareBisection;shinbrotDiscontinuityAwareBisection;shinbrotDiscontinuityAwareBisection;shinbrotDiscontinuityAwareBisection;shinbrotDiscontinuityAwareBisection;shinbrotDiscontinuityAwareBisection;shinbrotDiscontinuityAwareBisection;shinbrotDiscontinuityAwareBisection;shinbrotDiscontinuityAwareBisection;shinbrotDiscontinuityAwareBisection;shinbrotDiscontinuityAwareBisection;shinbrotDiscontinuityAwareBisection;shinbrotDiscontinuityAwareBisection;shinbrotDiscontinuityAwareBisection;shinbrotDiscontinuityAwareBisection;shinbrotDiscontinuityAwareBisection;shinbrotDiscontinuityAwareBisection;shinbrotDiscontinuityAwareBisection,0.08671875;-0.05703125;0.01875;0.06923828125;-0.0875;0;0.0859375;0.0912109375;0.048974609375;-0.0421875;-0.053125;NaN;-0.0203125;-0.04921875;0.084375;0.096875;-0.025;0.0166015625;-0.080078125;0.0953125;0.02734375;0.0968688964844;-0.01953125;0.09814453125;-0.09970703125;-0.00859375;-0.0029296875;0.0962890625;0.034765625;-0.058203125;0.0453125;-0.080859375;-0.05390625;-0.0229736328125;NaN;NaN;0.071826171875;0.0390625;0.068359375;-0.0875;-0.0708984375;NaN;NaN;NaN;NaN;NaN;-0.0625;-0.00546875;0.00625;-0.06640625;0.1;-0.00961608886719;0.1;0.05;0.05625;-0.09921875;0.03125;-0.03515625;-0.0044921875;-0.041796875;0.003125,2.01058880781155,15.7395888078115,24.5813585698136,26.921,0,,56.12256,0
0.2,8,199008,sectionRetargetMode,shinbrotDiscontinuityAwareBisection,0,NaN,NaN,60766,0.08671875,-0.05,0.08671875;0.0875;0.0046875;-0.0203125;0.0640625;0.05107421875;0.09375;-0.01875;-0.003125;-0.1;-0.075048828125;-0.0328125;0.08359375;-0.001513671875;0.0984375;-0.090625;-0.02890625;-0.03359375;0.01953125;-0.0046875;-0.00703125;-0.0125;-0.1;-0.0125;0.0900390625;-0.040625;-0.02607421875;0.096875;-0.1;-0.0971435546875;0.0982421875;-0.06640625;0.091015625;-0.0101623535156;-0.040625;0.0437255859375;-0.04921875;-0.0953125;-0.0017578125;-0.01796875;0.033984375;-0.08671875;-0.03125;-0.08857421875;-0.09375;0.0375;-0.0953125;-0.03671875;-0.090625;-0.03125;-0.0296875;-0.0875;-0.05,61,8,0;1;2;3;4;5;6;7;8;9;10;11;12;13;14;15;16;17;18;19;20;21;22;23;24;25;26;27;28;29;30;31;32;33;34;35;36;37;38;39;40;41;42;43;44;45;46;47;48;49;50;51;52;53;54;55;56;57;58;59;60,0;0.00499389023523;0.00508939526895;3.34029137145;5.04936105493;9.0112920168;9.74740004812;11.1823267027;12.013044859;12.0191297919;12.6118360186;12.6175587807;12.6186774749;12.6316980336;13.2675746806;13.2695318076;14.4550296273;15.0898778287;15.8542141081;15.8613727952;15.8663397575;17.0868224351;17.0880645206;18.6521552931;18.6559478239;20.0421402151;20.0430807891;26.6391640986;27.7519928136;27.8472746066;27.8501064271;28.5301338772;30.2058277765;34.0347530638;34.0540354563;34.0581909758;34.8232514229;35.3367472537;35.3379896763;43.1651885694;43.1657251087;43.1667374013;47.4577029074;48.7052268489;48.7057017144;49.5385499721;50.8257322697;50.8262059906;55.4034635862;55.996487873;58.7245669489;59.2355912782;59.25713307;59.2615312089;59.2628430321;59.2647284458;59.2750962618;59.2755124673;59.2761537877;60.1061085343;60.7340046427,shinbrotDiscontinuityAwareBisection;shinbrotDiscontinuityAwareBisection;shinbrotDiscontinuityAwareBisection;shinbrotDiscontinuityAwareBisection;shinbrotDiscontinuityAwareBisection;shinbrotDiscontinuityAwareBisection;shinbrotDiscontinuityAwareBisection;shinbrotDiscontinuityAwareBisection;shinbrotDiscontinuityAwareBisection;shinbrotDiscontinuityAwareBisection;shinbrotDiscontinuityAwareBisection;shinbrotDiscontinuityAwareBisection;shinbrotDiscontinuityAwareBisection;shinbrotDiscontinuityAwareBisection;shinbrotDiscontinuityAwareBisection;shinbrotDiscontinuityAwareBisection;shinbrotDiscontinuityAwareBisection;shinbrotDiscontinuityAwareBisection;shinbrotDiscontinuityAwareBisection;shinbrotDiscontinuityAwareBisection;shinbrotDiscontinuityAwareBisection;shinbrotDiscontinuityAwareBisection;shinbrotDiscontinuityAwareBisection;shinbrotDiscontinuityAwareBisection;shinbrotDiscontinuityAwareBisection;shinbrotDiscontinuityAwareBisection;shinbrotDiscontinuityAwareBisection;shinbrotDiscontinuityAwareBisection;shinbrotDiscontinuityAwareBisection;shinbrotDiscontinuityAwareBisection;shinbrotDiscontinuityAwareBisection;shinbrotDiscontinuityAwareBisection;shinbrotDiscontinuityAwareBisection;shinbrotDiscontinuityAwareBisection;shinbrotDiscontinuityAwareBisection;shinbrotDiscontinuityAwareBisection;shinbrotDiscontinuityAwareBisection;shinbrotDiscontinuityAwareBisection;shinbrotDiscontinuityAwareBisection;shinbrotDiscontinuityAwareBisection;shinbrotDiscontinuityAwareBisection;shinbrotDiscontinuityAwareBisection;shinbrotDiscontinuityAwareBisection;shinbrotDiscontinuityAwareBisection;shinbrotDiscontinuityAwareBisection;shinbrotDiscontinuityAwareBisection;shinbrotDiscontinuityAwareBisection;shinbrotDiscontinuityAwareBisection;shinbrotDiscontinuityAwareBisection;shinbrotDiscontinuityAwareBisection;shinbrotDiscontinuityAwareBisection;shinbrotDiscontinuityAwareBisection;shinbrotDiscontinuityAwareBisection;shinbrotDiscontinuityAwareBisection;shinbrotDiscontinuityAwareBisection;shinbrotDiscontinuityAwareBisection;shinbrotDiscontinuityAwareBisection;shinbrotDiscontinuityAwareBisection;shinbrotDiscontinuityAwareBisection;shinbrotDiscontinuityAwareBisection;shinbrotDiscontinuityAwareBisection,0.08671875;0.0875;0.0046875;-0.0203125;NaN;0.0640625;0.05107421875;0.09375;NaN;NaN;-0.01875;-0.003125;-0.1;-0.075048828125;-0.0328125;0.08359375;-0.001513671875;0.0984375;-0.090625;-0.02890625;-0.03359375;0.01953125;-0.0046875;-0.00703125;-0.0125;-0.1;-0.0125;0.0900390625;NaN;NaN;NaN;-0.040625;-0.02607421875;0.096875;-0.1;-0.0971435546875;0.0982421875;-0.06640625;0.091015625;-0.0101623535156;-0.040625;0.0437255859375;-0.04921875;-0.0953125;-0.0017578125;-0.01796875;0.033984375;-0.08671875;-0.03125;-0.08857421875;-0.09375;0.0375;-0.0953125;NaN;NaN;-0.03671875;-0.090625;-0.03125;-0.0296875;-0.0875;-0.05,0.467466701718513,13.2615332982815,15.1112554667063,26.921,0,,47.7952784,0
0.2,9,199009,sectionRetargetMode,shinbrotDiscontinuityAwareBisection,0,NaN,NaN,78250,0.08671875,-0.09140625,0.08671875;-0.1;-0.0703125;-0.092578125;0.0375;-0.0578125;-0.095703125;0.09912109375;0.0140625;-0.06015625;0.0486328125;-0.04296875;-0.05;0.02421875;-0.040625;0.0341430664063;0.08984375;0.090625;-0.012109375;0.0609313964844;0.037353515625;-0.0359375;0.009375;0.00625;-0.025;-0.065625;0.046875;-0.084375;-0.025;-0.093115234375;0.0740234375;0.0358947753906;-0.07421875;-0.078515625;-0.0546875;0.09765625;0.0015625;-0.0921875;0.096875;-0.026025390625;-0.0625;-0.09375;-0.094140625;-0.03125;0.078125;0.073095703125;-0.02734375;0.02421875;-0.0875;0.097509765625;-0.0015625;-0.01875;-0.08359375;-0.09140625,61,7,0;1;2;3;4;5;6;7;8;9;10;11;12;13;14;15;16;17;18;19;20;21;22;23;24;25;26;27;28;29;30;31;32;33;34;35;36;37;38;39;40;41;42;43;44;45;46;47;48;49;50;51;52;53;54;55;56;57;58;59;60,0;0.000142045661965;0.671656685394;0.671983119119;4.37915931974;4.9630445815;5.50214036818;6.22116043052;6.2333227738;6.79466797927;6.79828911192;6.80402429567;6.80440211783;12.3934332688;12.3944269955;13.7759250339;14.7483501066;17.3215455349;17.3220505808;17.8933925528;17.8961359766;18.7732646036;19.4317735845;20.1425606834;20.9414071981;21.662340826;24.0587862767;24.0594510456;26.3294983639;30.5184220085;31.8509082875;37.9157803464;40.6624845565;40.6647193819;41.535186484;41.5353217428;41.5355034477;49.1132716195;49.7799785292;49.7839479954;51.0933852053;51.0993095099;51.1002811055;52.0237012785;53.3833576622;53.3840650892;53.390104514;53.3906845843;57.7206041938;57.7209362142;66.0783938963;66.0864056086;66.2657041054;66.2883614378;66.9184815393;68.0953247428;68.0969970619;68.1000586558;70.1027561192;70.644563443;78.220455432,shinbrotDiscontinuityAwareBisection;shinbrotDiscontinuityAwareBisection;shinbrotDiscontinuityAwareBisection;shinbrotDiscontinuityAwareBisection;shinbrotDiscontinuityAwareBisection;shinbrotDiscontinuityAwareBisection;shinbrotDiscontinuityAwareBisection;shinbrotDiscontinuityAwareBisection;shinbrotDiscontinuityAwareBisection;shinbrotDiscontinuityAwareBisection;shinbrotDiscontinuityAwareBisection;shinbrotDiscontinuityAwareBisection;shinbrotDiscontinuityAwareBisection;shinbrotDiscontinuityAwareBisection;shinbrotDiscontinuityAwareBisection;shinbrotDiscontinuityAwareBisection;shinbrotDiscontinuityAwareBisection;shinbrotDiscontinuityAwareBisection;shinbrotDiscontinuityAwareBisection;shinbrotDiscontinuityAwareBisection;shinbrotDiscontinuityAwareBisection;shinbrotDiscontinuityAwareBisection;shinbrotDiscontinuityAwareBisection;shinbrotDiscontinuityAwareBisection;shinbrotDiscontinuityAwareBisection;shinbrotDiscontinuityAwareBisection;shinbrotDiscontinuityAwareBisection;shinbrotDiscontinuityAwareBisection;shinbrotDiscontinuityAwareBisection;shinbrotDiscontinuityAwareBisection;shinbrotDiscontinuityAwareBisection;shinbrotDiscontinuityAwareBisection;shinbrotDiscontinuityAwareBisection;shinbrotDiscontinuityAwareBisection;shinbrotDiscontinuityAwareBisection;shinbrotDiscontinuityAwareBisection;shinbrotDiscontinuityAwareBisection;shinbrotDiscontinuityAwareBisection;shinbrotDiscontinuityAwareBisection;shinbrotDiscontinuityAwareBisection;shinbrotDiscontinuityAwareBisection;shinbrotDiscontinuityAwareBisection;shinbrotDiscontinuityAwareBisection;shinbrotDiscontinuityAwareBisection;shinbrotDiscontinuityAwareBisection;shinbrotDiscontinuityAwareBisection;shinbrotDiscontinuityAwareBisection;shinbrotDiscontinuityAwareBisection;shinbrotDiscontinuityAwareBisection;shinbrotDiscontinuityAwareBisection;shinbrotDiscontinuityAwareBisection;shinbrotDiscontinuityAwareBisection;shinbrotDiscontinuityAwareBisection;shinbrotDiscontinuityAwareBisection;shinbrotDiscontinuityAwareBisection;shinbrotDiscontinuityAwareBisection;shinbrotDiscontinuityAwareBisection;shinbrotDiscontinuityAwareBisection;shinbrotDiscontinuityAwareBisection;shinbrotDiscontinuityAwareBisection;shinbrotDiscontinuityAwareBisection,0.08671875;-0.1;-0.0703125;-0.092578125;0.0375;-0.0578125;NaN;-0.095703125;0.09912109375;0.0140625;-0.06015625;0.0486328125;-0.04296875;-0.05;0.02421875;-0.040625;0.0341430664063;0.08984375;0.090625;-0.012109375;0.0609313964844;0.037353515625;-0.0359375;0.009375;0.00625;-0.025;-0.065625;0.046875;-0.084375;-0.025;-0.093115234375;0.0740234375;0.0358947753906;-0.07421875;-0.078515625;-0.0546875;0.09765625;0.0015625;-0.0921875;0.096875;NaN;NaN;NaN;-0.026025390625;-0.0625;-0.09375;-0.094140625;-0.03125;0.078125;0.073095703125;NaN;NaN;-0.02734375;0.02421875;NaN;-0.0875;0.097509765625;-0.0015625;-0.01875;-0.08359375;-0.09140625,0.297426345688285,13.4315736543117,18.2398826045065,26.921,0,,44.7644011,0
0.2,10,199010,sectionRetargetMode,shinbrotDiscontinuityAwareBisection,0,NaN,NaN,86685,0.08671875,-0.03359375,0.08671875;0.085546875;-0.0998046875;-0.08505859375;0.0609375;0.0734375;0.09375;-0.0015625;0.00703125;-0.0375;-0.098388671875;-0.003125;-0.0173950195312;-0.003125;-0.05390625;-0.05009765625;-0.011328125;0.049853515625;-0.036328125;0.0493621826172;-0.0102783203125;-0.025634765625;-0.03515625;-0.0953125;0.0375;0.085546875;0.01875;0.065625;0.074609375;-0.01875;-0.05390625;0.00546875;0.04375;-0.06875;0.08125;0.046875;-0.07666015625;-0.0546875;-0.08125;-0.046875;0.0499755859375;-0.0671875;-0.0095703125;0.0970703125;-0.0611328125;-0.0171875;0.0872802734375;-0.037109375;0.03671875;-0.0734375;0.071875;0.080859375;0.059423828125;-0.08203125;-0.03359375,61,6,0;1;2;3;4;5;6;7;8;9;10;11;12;13;14;15;16;17;18;19;20;21;22;23;24;25;26;27;28;29;30;31;32;33;34;35;36;37;38;39;40;41;42;43;44;45;46;47;48;49;50;51;52;53;54;55;56;57;58;59;60,0;1.98686372052;3.37265714716;3.37314456934;6.14277830044;7.0284371125;10.5984045424;10.6020469376;10.6029081376;10.6031359337;11.4188372548;11.4231634379;11.4236725344;16.3454305342;17.5206561247;17.5405336461;17.8665250265;18.5469289056;19.2235463173;19.22414049;19.2243214488;20.7377667516;20.7380302742;23.7541325835;25.9071718014;26.3584580909;27.8827435776;27.9926878577;31.5237880612;38.5697892173;40.1830979562;40.1856922602;40.1995665284;40.73061756;42.1820580358;43.8687684404;56.3863156489;56.3914192638;56.3956678864;57.0970869686;57.0975557442;57.0989115907;57.7313459103;57.7389064557;57.7429979292;58.3313068492;58.3318683847;58.3330237121;58.3333586668;59.0207773145;59.0215677504;59.0218251429;60.960693327;61.827051983;66.1380307513;69.1666375419;78.6300243172;79.184756105;79.1847901925;81.154704662;86.6539957471,shinbrotDiscontinuityAwareBisection;shinbrotDiscontinuityAwareBisection;shinbrotDiscontinuityAwareBisection;shinbrotDiscontinuityAwareBisection;shinbrotDiscontinuityAwareBisection;shinbrotDiscontinuityAwareBisection;shinbrotDiscontinuityAwareBisection;shinbrotDiscontinuityAwareBisection;shinbrotDiscontinuityAwareBisection;shinbrotDiscontinuityAwareBisection;shinbrotDiscontinuityAwareBisection;shinbrotDiscontinuityAwareBisection;shinbrotDiscontinuityAwareBisection;shinbrotDiscontinuityAwareBisection;shinbrotDiscontinuityAwareBisection;shinbrotDiscontinuityAwareBisection;shinbrotDiscontinuityAwareBisection;shinbrotDiscontinuityAwareBisection;shinbrotDiscontinuityAwareBisection;shinbrotDiscontinuityAwareBisection;shinbrotDiscontinuityAwareBisection;shinbrotDiscontinuityAwareBisection;shinbrotDiscontinuityAwareBisection;shinbrotDiscontinuityAwareBisection;shinbrotDiscontinuityAwareBisection;shinbrotDiscontinuityAwareBisection;shinbrotDiscontinuityAwareBisection;shinbrotDiscontinuityAwareBisection;shinbrotDiscontinuityAwareBisection;shinbrotDiscontinuityAwareBisection;shinbrotDiscontinuityAwareBisection;shinbrotDiscontinuityAwareBisection;shinbrotDiscontinuityAwareBisection;shinbrotDiscontinuityAwareBisection;shinbrotDiscontinuityAwareBisection;shinbrotDiscontinuityAwareBisection;shinbrotDiscontinuityAwareBisection;shinbrotDiscontinuityAwareBisection;shinbrotDiscontinuityAwareBisection;shinbrotDiscontinuityAwareBisection;shinbrotDiscontinuityAwareBisection;shinbrotDiscontinuityAwareBisection;shinbrotDiscontinuityAwareBisection;shinbrotDiscontinuityAwareBisection;shinbrotDiscontinuityAwareBisection;shinbrotDiscontinuityAwareBisection;shinbrotDiscontinuityAwareBisection;shinbrotDiscontinuityAwareBisection;shinbrotDiscontinuityAwareBisection;shinbrotDiscontinuityAwareBisection;shinbrotDiscontinuityAwareBisection;shinbrotDiscontinuityAwareBisection;shinbrotDiscontinuityAwareBisection;shinbrotDiscontinuityAwareBisection;shinbrotDiscontinuityAwareBisection;shinbrotDiscontinuityAwareBisection;shinbrotDiscontinuityAwareBisection;shinbrotDiscontinuityAwareBisection;shinbrotDiscontinuityAwareBisection;shinbrotDiscontinuityAwareBisection;shinbrotDiscontinuityAwareBisection,0.08671875;0.085546875;-0.0998046875;-0.08505859375;0.0609375;0.0734375;0.09375;-0.0015625;0.00703125;-0.0375;-0.098388671875;-0.003125;-0.0173950195312;-0.003125;NaN;NaN;-0.05390625;-0.05009765625;-0.011328125;0.049853515625;-0.036328125;0.0493621826172;-0.0102783203125;-0.025634765625;-0.03515625;NaN;NaN;NaN;-0.0953125;0.0375;0.085546875;0.01875;0.065625;0.074609375;-0.01875;-0.05390625;0.00546875;0.04375;-0.06875;0.08125;0.046875;-0.07666015625;-0.0546875;-0.08125;-0.046875;0.0499755859375;-0.0671875;-0.0095703125;0.0970703125;-0.0611328125;-0.0171875;0.0872802734375;-0.037109375;0.03671875;-0.0734375;0.071875;NaN;0.080859375;0.059423828125;-0.08203125;-0.03359375,0.416162688534458,14.1451626885345,21.2556783443801,26.921,0,,53.1957786,0
0.3,1,200001,sectionRetargetMode,shinbrotDiscontinuityAwareBisection,0,NaN,NaN,97004,0.08671875,-0.0703125,0.08671875;0.0875;-0.01015625;-0.0196044921875;-0.0353515625;-0.0640625;-0.037890625;0.09677734375;0.0361328125;-0.002734375;-0.009375;0.0990539550781;-0.0375;0.0953125;0.033935546875;0.02109375;-0.03759765625;-0.0484375;-0.0453125;-0.0046875;-0.026123046875;-0.0224609375;0.06328125;0.061328125;0.028125;-0.075;0;-0.0609375;-0.09375;-0.0953125;0.0328125;0.0390625;0.0484375;-0.07578125;-0.053125;-0.005859375;0.039453125;-0.094140625;-0.00859375;0.0375;-0.01171875;0.06015625;0.07421875;-0.001220703125;-0.08125;0.1;-0.025;-0.059375;0.00625;-0.0875;0.065625;-0.0250274658203;-0.040625;0.02158203125;-0.040625;-0.0703125,61,5,0;1;2;3;4;5;6;7;8;9;10;11;12;13;14;15;16;17;18;19;20;21;22;23;24;25;26;27;28;29;30;31;32;33;34;35;36;37;38;39;40;41;42;43;44;45;46;47;48;49;50;51;52;53;54;55;56;57;58;59;60,0;2.40924590047;2.40975992071;7.40551513295;7.40646662357;8.14733494007;8.15388842115;19.9824196117;19.9985811006;20.5300005664;20.5357396463;20.5389441939;20.5403043975;20.5650899745;26.9316851695;26.9331981527;26.9337506807;26.9341879916;30.402880291;35.1560312718;35.1739085402;39.6154369112;41.6114652329;41.6131570061;41.6136284088;41.6205762762;41.6210565246;51.5303734266;52.5320653368;56.4523044343;57.3012413235;57.302646397;64.7042923372;64.7053025956;66.8906951484;66.8914793229;66.8915962503;68.7769989949;68.7782498489;68.7793321916;68.7795166127;68.78016588;68.7805487828;70.3894037788;72.0089852112;73.2620611941;76.1528095939;77.1554258109;77.2047830761;77.2335720905;78.6069458751;78.6210557864;78.6253882815;78.6261210678;79.5184924216;80.9551271756;84.1072873821;89.2794308114;89.2802767289;92.5444592752;96.9730468301,shinbrotDiscontinuityAwareBisection;shinbrotDiscontinuityAwareBisection;shinbrotDiscontinuityAwareBisection;shinbrotDiscontinuityAwareBisection;shinbrotDiscontinuityAwareBisection;shinbrotDiscontinuityAwareBisection;shinbrotDiscontinuityAwareBisection;shinbrotDiscontinuityAwareBisection;shinbrotDiscontinuityAwareBisection;shinbrotDiscontinuityAwareBisection;shinbrotDiscontinuityAwareBisection;shinbrotDiscontinuityAwareBisection;shinbrotDiscontinuityAwareBisection;shinbrotDiscontinuityAwareBisection;shinbrotDiscontinuityAwareBisection;shinbrotDiscontinuityAwareBisection;shinbrotDiscontinuityAwareBisection;shinbrotDiscontinuityAwareBisection;shinbrotDiscontinuityAwareBisection;shinbrotDiscontinuityAwareBisection;shinbrotDiscontinuityAwareBisection;shinbrotDiscontinuityAwareBisection;shinbrotDiscontinuityAwareBisection;shinbrotDiscontinuityAwareBisection;shinbrotDiscontinuityAwareBisection;shinbrotDiscontinuityAwareBisection;shinbrotDiscontinuityAwareBisection;shinbrotDiscontinuityAwareBisection;shinbrotDiscontinuityAwareBisection;shinbrotDiscontinuityAwareBisection;shinbrotDiscontinuityAwareBisection;shinbrotDiscontinuityAwareBisection;shinbrotDiscontinuityAwareBisection;shinbrotDiscontinuityAwareBisection;shinbrotDiscontinuityAwareBisection;shinbrotDiscontinuityAwareBisection;shinbrotDiscontinuityAwareBisection;shinbrotDiscontinuityAwareBisection;shinbrotDiscontinuityAwareBisection;shinbrotDiscontinuityAwareBisection;shinbrotDiscontinuityAwareBisection;shinbrotDiscontinuityAwareBisection;shinbrotDiscontinuityAwareBisection;shinbrotDiscontinuityAwareBisection;shinbrotDiscontinuityAwareBisection;shinbrotDiscontinuityAwareBisection;shinbrotDiscontinuityAwareBisection;shinbrotDiscontinuityAwareBisection;shinbrotDiscontinuityAwareBisection;shinbrotDiscontinuityAwareBisection;shinbrotDiscontinuityAwareBisection;shinbrotDiscontinuityAwareBisection;shinbrotDiscontinuityAwareBisection;shinbrotDiscontinuityAwareBisection;shinbrotDiscontinuityAwareBisection;shinbrotDiscontinuityAwareBisection;shinbrotDiscontinuityAwareBisection;shinbrotDiscontinuityAwareBisection;shinbrotDiscontinuityAwareBisection;shinbrotDiscontinuityAwareBisection;shinbrotDiscontinuityAwareBisection,0.08671875;0.0875;-0.01015625;-0.0196044921875;-0.0353515625;-0.0640625;-0.037890625;NaN;NaN;0.09677734375;0.0361328125;-0.002734375;-0.009375;NaN;0.0990539550781;-0.0375;0.0953125;0.033935546875;0.02109375;-0.03759765625;-0.0484375;-0.0453125;-0.0046875;-0.026123046875;-0.0224609375;0.06328125;0.061328125;0.028125;-0.075;0;-0.0609375;-0.09375;-0.0953125;0.0328125;0.0390625;0.0484375;-0.07578125;-0.053125;-0.005859375;0.039453125;-0.094140625;-0.00859375;0.0375;-0.01171875;0.06015625;0.07421875;-0.001220703125;-0.08125;NaN;NaN;0.1;-0.025;-0.059375;0.00625;-0.0875;0.065625;-0.0250274658203;-0.040625;0.02158203125;-0.040625;-0.0703125,0.305775358853346,14.0347753588533,12.4759326706354,26.921,0,,53.7021189,0
0.3,2,200002,sectionRetargetMode,shinbrotDiscontinuityAwareBisection,0,NaN,NaN,72838,0.08671875,-0.028125,0.08671875;-0.040625;-0.044873046875;0.1;-0.0125;-0.094140625;-0.05625;-0.028515625;0.09765625;0.05625;-0.080078125;-0.05;-0.05;0.025;0.09453125;-0.00078125;-0.009912109375;0.00390625;-0.08359375;0.0546875;-0.0578125;-0.0328125;0.034375;-0.05;-0.0125;-0.0625;-0.04375;-0.0359375;0.0625;-0.03203125;0.009375;-0.08740234375;0.0400634765625;-0.0015625;-0.040625;-0.03671875;0.05537109375;-0.071875;0.0953125;0.05;0.09345703125;-0.1;-0.053125;0.078125;0.073828125;-0.09609375;-0.028125;-0.0580078125;-0.0270235061646;-0.09375;-0.0943359375;-0.028125,61,9,0;1;2;3;4;5;6;7;8;9;10;11;12;13;14;15;16;17;18;19;20;21;22;23;24;25;26;27;28;29;30;31;32;33;34;35;36;37;38;39;40;41;42;43;44;45;46;47;48;49;50;51;52;53;54;55;56;57;58;59;60,0;4.95453713378;4.9726105294;4.97365034895;4.97420393536;9.83053389636;11.2401637525;11.2406606729;11.2429466856;11.9797097703;16.6437050101;18.0040671145;18.2172952383;20.2554547036;20.2620167811;20.275489833;22.6060889062;23.251007242;23.6360229009;23.6388347239;23.6392207975;23.6392689915;23.6394458181;23.6399032734;23.6582052161;26.0837433162;27.3543342466;27.3569342532;27.5165458684;32.202682677;32.2090418985;32.2326220105;32.2696849372;33.8005279626;38.1280796223;39.3995487338;42.087826002;43.410447161;45.1344410678;46.4244253648;46.4357108548;47.1694508851;52.7963579648;52.7969219087;55.1026540504;55.1029734587;58.5552100986;58.5566229257;58.5612409997;59.8938466479;65.6354637161;65.6370726734;69.0494029247;69.052516603;69.0541023714;69.0544620253;69.0552224982;69.0558787264;72.2232492466;72.8058106453;72.8070751804,shinbrotDiscontinuityAwareBisection;shinbrotDiscontinuityAwareBisection;shinbrotDiscontinuityAwareBisection;shinbrotDiscontinuityAwareBisection;shinbrotDiscontinuityAwareBisection;shinbrotDiscontinuityAwareBisection;shinbrotDiscontinuityAwareBisection;shinbrotDiscontinuityAwareBisection;shinbrotDiscontinuityAwareBisection;shinbrotDiscontinuityAwareBisection;shinbrotDiscontinuityAwareBisection;shinbrotDiscontinuityAwareBisection;shinbrotDiscontinuityAwareBisection;shinbrotDiscontinuityAwareBisection;shinbrotDiscontinuityAwareBisection;shinbrotDiscontinuityAwareBisection;shinbrotDiscontinuityAwareBisection;shinbrotDiscontinuityAwareBisection;shinbrotDiscontinuityAwareBisection;shinbrotDiscontinuityAwareBisection;shinbrotDiscontinuityAwareBisection;shinbrotDiscontinuityAwareBisection;shinbrotDiscontinuityAwareBisection;shinbrotDiscontinuityAwareBisection;shinbrotDiscontinuityAwareBisection;shinbrotDiscontinuityAwareBisection;shinbrotDiscontinuityAwareBisection;shinbrotDiscontinuityAwareBisection;shinbrotDiscontinuityAwareBisection;shinbrotDiscontinuityAwareBisection;shinbrotDiscontinuityAwareBisection;shinbrotDiscontinuityAwareBisection;shinbrotDiscontinuityAwareBisection;shinbrotDiscontinuityAwareBisection;shinbrotDiscontinuityAwareBisection;shinbrotDiscontinuityAwareBisection;shinbrotDiscontinuityAwareBisection;shinbrotDiscontinuityAwareBisection;shinbrotDiscontinuityAwareBisection;shinbrotDiscontinuityAwareBisection;shinbrotDiscontinuityAwareBisection;shinbrotDiscontinuityAwareBisection;shinbrotDiscontinuityAwareBisection;shinbrotDiscontinuityAwareBisection;shinbrotDiscontinuityAwareBisection;shinbrotDiscontinuityAwareBisection;shinbrotDiscontinuityAwareBisection;shinbrotDiscontinuityAwareBisection;shinbrotDiscontinuityAwareBisection;shinbrotDiscontinuityAwareBisection;shinbrotDiscontinuityAwareBisection;shinbrotDiscontinuityAwareBisection;shinbrotDiscontinuityAwareBisection;shinbrotDiscontinuityAwareBisection;shinbrotDiscontinuityAwareBisection;shinbrotDiscontinuityAwareBisection;shinbrotDiscontinuityAwareBisection;shinbrotDiscontinuityAwareBisection;shinbrotDiscontinuityAwareBisection;shinbrotDiscontinuityAwareBisection;shinbrotDiscontinuityAwareBisection,0.08671875;-0.040625;-0.044873046875;0.1;-0.0125;-0.094140625;-0.05625;-0.028515625;0.09765625;0.05625;-0.080078125;NaN;-0.05;-0.05;0.025;0.09453125;-0.00078125;-0.009912109375;0.00390625;-0.08359375;0.0546875;-0.0578125;-0.0328125;0.034375;-0.05;NaN;NaN;NaN;NaN;NaN;NaN;NaN;NaN;-0.0125;-0.0625;-0.04375;-0.0359375;0.0625;-0.03203125;0.009375;-0.08740234375;0.0400634765625;-0.0015625;-0.040625;-0.03671875;0.05537109375;-0.071875;0.0953125;0.05;0.09345703125;-0.1;-0.053125;0.078125;0.073828125;-0.09609375;-0.028125;-0.0580078125;-0.0270235061646;-0.09375;-0.0943359375;-0.028125,1.22202489419291,12.5069751058071,16.7718980231201,26.921,0,,40.2184439,0
0.3,3,200003,sectionRetargetMode,shinbrotDiscontinuityAwareBisection,0,NaN,NaN,78291,0.08671875,-0.00234375,0.08671875;0.075;0.0734375;0.1;-0.00625;-0.096484375;0.045947265625;0.05625;0.036328125;-0.0265625;0.09921875;-0.01845703125;0.025;0.08125;0.037060546875;0.0896484375;-0.0203125;0.04375;-0.0125;-0.0046875;0.059375;-0.03046875;0.095458984375;-0.0520324707031;0.075;0.034375;0.060546875;-0.003125;-0.0234375;-0.0578125;-0.0953125;-0.0176452636719;-0.0359375;0.00625;0.07421875;-0.0638671875;0.0744995117188;0.09375;-0.0081787109375;-0.01328125;0;-0.075;0.087109375;-0.0234375;0.015625;-0.0052734375;-0.0966796875;0.0729370117188;0.0140625;-0.00166625976563;0.090234375;0.05625;0.084375;-0.00234375,61,7,0;1;2;3;4;5;6;7;8;9;10;11;12;13;14;15;16;17;18;19;20;21;22;23;24;25;26;27;28;29;30;31;32;33;34;35;36;37;38;39;40;41;42;43;44;45;46;47;48;49;50;51;52;53;54;55;56;57;58;59;60,0;0.0168994456982;0.0252371745102;3.48267525828;3.48675233348;3.4869284776;3.49214705952;6.76012416468;17.400368203;20.6358829425;22.6428974846;24.1887619509;24.1941243949;26.0304313666;26.0349237063;26.521456166;27.2728362734;27.2731162442;27.2738856698;28.6477479738;33.2328946497;33.2356809958;35.2385402168;35.2394907313;35.7602032966;35.7605344326;36.3880280386;36.972315199;36.9732860004;37.5619920217;38.3960333211;38.3961303431;38.3963675427;40.1410624335;40.1476106261;40.6724144799;44.3641617155;45.1787711629;46.9848135146;47.0008255142;47.002149521;47.0077626068;47.0225832061;51.640444506;51.6413470628;53.8828669318;54.9374508134;57.6049681554;57.6186889553;60.1984321164;61.1400442794;63.001414722;73.4040313046;73.4044761749;75.6434409792;77.2462209058;77.250939152;77.2509692296;78.2502208247;78.2621553411;78.2624316722,shinbrotDiscontinuityAwareBisection;shinbrotDiscontinuityAwareBisection;shinbrotDiscontinuityAwareBisection;shinbrotDiscontinuityAwareBisection;shinbrotDiscontinuityAwareBisection;shinbrotDiscontinuityAwareBisection;shinbrotDiscontinuityAwareBisection;shinbrotDiscontinuityAwareBisection;shinbrotDiscontinuityAwareBisection;shinbrotDiscontinuityAwareBisection;shinbrotDiscontinuityAwareBisection;shinbrotDiscontinuityAwareBisection;shinbrotDiscontinuityAwareBisection;shinbrotDiscontinuityAwareBisection;shinbrotDiscontinuityAwareBisection;shinbrotDiscontinuityAwareBisection;shinbrotDiscontinuityAwareBisection;shinbrotDiscontinuityAwareBisection;shinbrotDiscontinuityAwareBisection;shinbrotDiscontinuityAwareBisection;shinbrotDiscontinuityAwareBisection;shinbrotDiscontinuityAwareBisection;shinbrotDiscontinuityAwareBisection;shinbrotDiscontinuityAwareBisection;shinbrotDiscontinuityAwareBisection;shinbrotDiscontinuityAwareBisection;shinbrotDiscontinuityAwareBisection;shinbrotDiscontinuityAwareBisection;shinbrotDiscontinuityAwareBisection;shinbrotDiscontinuityAwareBisection;shinbrotDiscontinuityAwareBisection;shinbrotDiscontinuityAwareBisection;shinbrotDiscontinuityAwareBisection;shinbrotDiscontinuityAwareBisection;shinbrotDiscontinuityAwareBisection;shinbrotDiscontinuityAwareBisection;shinbrotDiscontinuityAwareBisection;shinbrotDiscontinuityAwareBisection;shinbrotDiscontinuityAwareBisection;shinbrotDiscontinuityAwareBisection;shinbrotDiscontinuityAwareBisection;shinbrotDiscontinuityAwareBisection;shinbrotDiscontinuityAwareBisection;shinbrotDiscontinuityAwareBisection;shinbrotDiscontinuityAwareBisection;shinbrotDiscontinuityAwareBisection;shinbrotDiscontinuityAwareBisection;shinbrotDiscontinuityAwareBisection;shinbrotDiscontinuityAwareBisection;shinbrotDiscontinuityAwareBisection;shinbrotDiscontinuityAwareBisection;shinbrotDiscontinuityAwareBisection;shinbrotDiscontinuityAwareBisection;shinbrotDiscontinuityAwareBisection;shinbrotDiscontinuityAwareBisection;shinbrotDiscontinuityAwareBisection;shinbrotDiscontinuityAwareBisection;shinbrotDiscontinuityAwareBisection;shinbrotDiscontinuityAwareBisection;shinbrotDiscontinuityAwareBisection;shinbrotDiscontinuityAwareBisection,0.08671875;0.075;0.0734375;0.1;-0.00625;-0.096484375;0.045947265625;0.05625;0.036328125;-0.0265625;0.09921875;-0.01845703125;0.025;0.08125;0.037060546875;0.0896484375;-0.0203125;0.04375;-0.0125;-0.0046875;0.059375;-0.03046875;0.095458984375;-0.0520324707031;0.075;0.034375;0.060546875;-0.003125;-0.0234375;-0.0578125;-0.0953125;-0.0176452636719;-0.0359375;NaN;0.00625;0.07421875;-0.0638671875;0.0744995117188;NaN;NaN;NaN;NaN;NaN;0.09375;-0.0081787109375;-0.01328125;NaN;0;-0.075;0.087109375;-0.0234375;0.015625;-0.0052734375;-0.0966796875;0.0729370117188;0.0140625;-0.00166625976563;0.090234375;0.05625;0.084375;-0.00234375,0.234051266203361,13.9630512662034,14.6800475072183,26.921,0,,55.6159898,0
0.3,4,200004,sectionRetargetMode,shinbrotDiscontinuityAwareBisection,0,NaN,NaN,98417,0.08671875,-0.006640625,0.08671875;0.046875;-0.09453125;-0.0566444396973;-0.0583984375;-0.028125;0.0859375;0.075;-0.05390625;-0.04921875;-0.08125;-0.01875;-0.0390625;0.0109375;-0.09873046875;-0.03359375;0.0953125;0.01015625;0.0025390625;0.026953125;-0.05625;0.0015625;-0.08515625;0.016015625;-0.075;-0.0625;-0.0046875;0.0899749755859;-0.0890625;0.05458984375;-0.0353515625;0.075;-0.053125;-0.0015625;-0.1;-0.046875;-0.047265625;0.025;-0.04375;-0.0921875;0.1;-0.015625;0.093359375;-0.00703125;0.094921875;-0.05;-0.0078125;-0.007421875;-0.013623046875;-0.05390625;-0.09375;-0.0132568359375;-0.0265625;-0.0931640625;-0.065625;-0.0697265625;0.0125;-0.006640625,61,3,0;1;2;3;4;5;6;7;8;9;10;11;12;13;14;15;16;17;18;19;20;21;22;23;24;25;26;27;28;29;30;31;32;33;34;35;36;37;38;39;40;41;42;43;44;45;46;47;48;49;50;51;52;53;54;55;56;57;58;59;60,0;0.00362051762453;5.60107751427;8.60501874747;10.5254560916;15.5914779278;15.5952422371;16.8741082256;19.6616963909;25.7271495167;32.8701270584;34.6338938733;34.6354756987;34.6404040768;37.9651363361;37.9656592821;37.9673547951;37.9687795857;41.345661672;41.9616620525;41.9641773975;45.7210824267;48.5366512554;48.5366912494;48.5371601594;50.6610599461;51.0899334727;51.5638908653;53.2298329022;55.1859954205;57.9078554396;58.5936656965;58.5937985629;60.3222203768;60.322244553;60.3228947978;60.3278810119;60.3282958156;63.8192050608;64.484904253;64.4852305814;64.4861724987;66.9980354597;69.0163619075;69.0181177464;70.0149942691;73.5938832064;74.858031898;75.4671543093;75.4688251766;81.1072129795;81.1091195257;81.5199842133;81.5891674194;83.2254864765;83.2260860663;89.5147873078;89.5151930866;91.3417132026;96.5184015067;98.3931399824,shinbrotDiscontinuityAwareBisection;shinbrotDiscontinuityAwareBisection;shinbrotDiscontinuityAwareBisection;shinbrotDiscontinuityAwareBisection;shinbrotDiscontinuityAwareBisection;shinbrotDiscontinuityAwareBisection;shinbrotDiscontinuityAwareBisection;shinbrotDiscontinuityAwareBisection;shinbrotDiscontinuityAwareBisection;shinbrotDiscontinuityAwareBisection;shinbrotDiscontinuityAwareBisection;shinbrotDiscontinuityAwareBisection;shinbrotDiscontinuityAwareBisection;shinbrotDiscontinuityAwareBisection;shinbrotDiscontinuityAwareBisection;shinbrotDiscontinuityAwareBisection;shinbrotDiscontinuityAwareBisection;shinbrotDiscontinuityAwareBisection;shinbrotDiscontinuityAwareBisection;shinbrotDiscontinuityAwareBisection;shinbrotDiscontinuityAwareBisection;shinbrotDiscontinuityAwareBisection;shinbrotDiscontinuityAwareBisection;shinbrotDiscontinuityAwareBisection;shinbrotDiscontinuityAwareBisection;shinbrotDiscontinuityAwareBisection;shinbrotDiscontinuityAwareBisection;shinbrotDiscontinuityAwareBisection;shinbrotDiscontinuityAwareBisection;shinbrotDiscontinuityAwareBisection;shinbrotDiscontinuityAwareBisection;shinbrotDiscontinuityAwareBisection;shinbrotDiscontinuityAwareBisection;shinbrotDiscontinuityAwareBisection;shinbrotDiscontinuityAwareBisection;shinbrotDiscontinuityAwareBisection;shinbrotDiscontinuityAwareBisection;shinbrotDiscontinuityAwareBisection;shinbrotDiscontinuityAwareBisection;shinbrotDiscontinuityAwareBisection;shinbrotDiscontinuityAwareBisection;shinbrotDiscontinuityAwareBisection;shinbrotDiscontinuityAwareBisection;shinbrotDiscontinuityAwareBisection;shinbrotDiscontinuityAwareBisection;shinbrotDiscontinuityAwareBisection;shinbrotDiscontinuityAwareBisection;shinbrotDiscontinuityAwareBisection;shinbrotDiscontinuityAwareBisection;shinbrotDiscontinuityAwareBisection;shinbrotDiscontinuityAwareBisection;shinbrotDiscontinuityAwareBisection;shinbrotDiscontinuityAwareBisection;shinbrotDiscontinuityAwareBisection;shinbrotDiscontinuityAwareBisection;shinbrotDiscontinuityAwareBisection;shinbrotDiscontinuityAwareBisection;shinbrotDiscontinuityAwareBisection;shinbrotDiscontinuityAwareBisection;shinbrotDiscontinuityAwareBisection;shinbrotDiscontinuityAwareBisection,0.08671875;0.046875;-0.09453125;-0.0566444396973;-0.0583984375;-0.028125;0.0859375;0.075;-0.05390625;-0.04921875;-0.08125;-0.01875;-0.0390625;0.0109375;-0.09873046875;-0.03359375;0.0953125;0.01015625;NaN;0.0025390625;0.026953125;-0.05625;0.0015625;-0.08515625;0.016015625;-0.075;NaN;-0.0625;-0.0046875;0.0899749755859;-0.0890625;0.05458984375;-0.0353515625;0.075;-0.053125;-0.0015625;-0.1;-0.046875;-0.047265625;0.025;-0.04375;-0.0921875;0.1;-0.015625;0.093359375;-0.00703125;0.094921875;-0.05;-0.0078125;-0.007421875;-0.013623046875;-0.05390625;NaN;-0.09375;-0.0132568359375;-0.0265625;-0.0931640625;-0.065625;-0.0697265625;0.0125;-0.006640625,4.97407618477746,8.75492381522254,15.5700613510392,26.921,0,,51.0831433,0
0.3,5,200005,sectionRetargetMode,shinbrotDiscontinuityAwareBisection,0,NaN,NaN,83590,0.08671875,-0.07744140625,0.08671875;0.04375;0.0146484375;0.0125;0.05;0.0978393554688;-0.0015625;-0.00859375;0.021875;-8.85009765625e-05;-0.02314453125;-0.08701171875;-0.04453125;0.0296875;-0.0125;-0.053125;-0.090625;-0.0005859375;-0.05;-0.0039794921875;-0.059375;0.04375;0.00859375;0.086962890625;-0.089453125;0.03125;-0.00625;-0.0359375;0.02734375;-0.0296875;0.06875;0;0.09033203125;-0.0234375;-0.0125;-0.08759765625;-0.09296875;0.0609375;-0.06953125;-0.0705078125;0.04345703125;-0.01015625;0.021875;0.059375;0.0216674804688;0.0125;0.025;0.075;-0.0640625;0.078125;-0.028125;-0.0984375;0.084375;-0.03125;-0.07744140625,61,6,0;1;2;3;4;5;6;7;8;9;10;11;12;13;14;15;16;17;18;19;20;21;22;23;24;25;26;27;28;29;30;31;32;33;34;35;36;37;38;39;40;41;42;43;44;45;46;47;48;49;50;51;52;53;54;55;56;57;58;59;60,0;1.48241641643;1.48462264582;2.44264507701;7.43312907404;7.43407245845;8.2942861179;8.29490064842;8.29545859743;10.1316585858;10.1325788594;10.1545960592;13.5306861365;13.5366423726;13.5375511184;13.5407040909;15.5216204734;17.6917193425;18.5351525001;20.6172785455;20.6179336785;20.6180652625;20.6185420414;23.3316289816;23.3439080382;24.1646649501;27.6281043857;27.6286711671;29.1568151317;29.7147613687;32.9057985188;32.9635817493;33.9842500053;46.9383279197;49.88300932;49.8839134693;49.9804796555;52.1662371069;52.7900628082;52.792748925;52.81978377;53.7087410609;54.6958225961;55.2482007226;55.2490013097;55.252812882;56.5947900184;56.5954035267;57.4301207013;61.6929399706;65.6556548904;66.987419282;67.6446961257;67.6700036837;68.4704935707;76.7742654368;76.7750932043;76.7772694586;82.3332744038;82.3333726077;83.559948224,shinbrotDiscontinuityAwareBisection;shinbrotDiscontinuityAwareBisection;shinbrotDiscontinuityAwareBisection;shinbrotDiscontinuityAwareBisection;shinbrotDiscontinuityAwareBisection;shinbrotDiscontinuityAwareBisection;shinbrotDiscontinuityAwareBisection;shinbrotDiscontinuityAwareBisection;shinbrotDiscontinuityAwareBisection;shinbrotDiscontinuityAwareBisection;shinbrotDiscontinuityAwareBisection;shinbrotDiscontinuityAwareBisection;shinbrotDiscontinuityAwareBisection;shinbrotDiscontinuityAwareBisection;shinbrotDiscontinuityAwareBisection;shinbrotDiscontinuityAwareBisection;shinbrotDiscontinuityAwareBisection;shinbrotDiscontinuityAwareBisection;shinbrotDiscontinuityAwareBisection;shinbrotDiscontinuityAwareBisection;shinbrotDiscontinuityAwareBisection;shinbrotDiscontinuityAwareBisection;shinbrotDiscontinuityAwareBisection;shinbrotDiscontinuityAwareBisection;shinbrotDiscontinuityAwareBisection;shinbrotDiscontinuityAwareBisection;shinbrotDiscontinuityAwareBisection;shinbrotDiscontinuityAwareBisection;shinbrotDiscontinuityAwareBisection;shinbrotDiscontinuityAwareBisection;shinbrotDiscontinuityAwareBisection;shinbrotDiscontinuityAwareBisection;shinbrotDiscontinuityAwareBisection;shinbrotDiscontinuityAwareBisection;shinbrotDiscontinuityAwareBisection;shinbrotDiscontinuityAwareBisection;shinbrotDiscontinuityAwareBisection;shinbrotDiscontinuityAwareBisection;shinbrotDiscontinuityAwareBisection;shinbrotDiscontinuityAwareBisection;shinbrotDiscontinuityAwareBisection;shinbrotDiscontinuityAwareBisection;shinbrotDiscontinuityAwareBisection;shinbrotDiscontinuityAwareBisection;shinbrotDiscontinuityAwareBisection;shinbrotDiscontinuityAwareBisection;shinbrotDiscontinuityAwareBisection;shinbrotDiscontinuityAwareBisection;shinbrotDiscontinuityAwareBisection;shinbrotDiscontinuityAwareBisection;shinbrotDiscontinuityAwareBisection;shinbrotDiscontinuityAwareBisection;shinbrotDiscontinuityAwareBisection;shinbrotDiscontinuityAwareBisection;shinbrotDiscontinuityAwareBisection;shinbrotDiscontinuityAwareBisection;shinbrotDiscontinuityAwareBisection;shinbrotDiscontinuityAwareBisection;shinbrotDiscontinuityAwareBisection;shinbrotDiscontinuityAwareBisection;shinbrotDiscontinuityAwareBisection,0.08671875;0.04375;0.0146484375;0.0125;0.05;0.0978393554688;-0.0015625;-0.00859375;0.021875;-8.85009765625e-05;-0.02314453125;-0.08701171875;-0.04453125;0.0296875;-0.0125;-0.053125;-0.090625;-0.0005859375;-0.05;-0.0039794921875;-0.059375;0.04375;0.00859375;0.086962890625;-0.089453125;0.03125;NaN;-0.00625;-0.0359375;0.02734375;NaN;NaN;NaN;-0.0296875;0.06875;0;0.09033203125;-0.0234375;-0.0125;-0.08759765625;-0.09296875;0.0609375;-0.06953125;-0.0705078125;0.04345703125;-0.01015625;0.021875;0.059375;0.0216674804688;0.0125;0.025;0.075;NaN;NaN;-0.0640625;0.078125;-0.028125;-0.0984375;0.084375;-0.03125;-0.07744140625,1.64111477052903,12.087885229471,15.8245516991714,26.921,0,,48.337575,0
0.3,6,200006,sectionRetargetMode,shinbrotDiscontinuityAwareBisection,1,35,31.3682765631557,31385,0.08671875,0.0125,0.08671875;0.0390625;0.073095703125;0.06796875;-0.06875;-0.01875;0.0375;-0.009375;-0.040625;-0.009375;0.0421417236328;0.0140625;0.09140625;0.08515625;0.0265625;-0.01640625;-0.08544921875;-0.09375;0.0434326171875;0.0970703125;-0.0390625;0.078125;-0.040625;0.02109375;0.01875;0.0498046875;0.1;0.0203125;-0.040625;-0.02763671875;-0.1;0;0.0125,35,2,0;1;2;3;4;5;6;7;8;9;10;11;12;13;14;15;16;17;18;19;20;21;22;23;24;25;26;27;28;29;30;31;32;33;34,0;2.04966927286;2.05107414323;2.05130462788;7.26078984906;7.26719883561;9.0398692038;9.1026034317;9.51434040254;9.51505233534;10.3225460245;10.3227751478;11.1182346744;11.868666537;12.9032555849;12.9035227589;12.9064454547;12.9069398954;14.0137646445;14.0154834763;14.0167648573;14.0172656134;18.1616192547;24.8375161195;25.5899910368;25.5907305835;26.1415521797;28.216970439;28.2215045297;28.348347923;28.4465578223;28.4616107828;28.4639450782;29.0953817474;29.0964473885,shinbrotDiscontinuityAwareBisection;shinbrotDiscontinuityAwareBisection;shinbrotDiscontinuityAwareBisection;shinbrotDiscontinuityAwareBisection;shinbrotDiscontinuityAwareBisection;shinbrotDiscontinuityAwareBisection;shinbrotDiscontinuityAwareBisection;shinbrotDiscontinuityAwareBisection;shinbrotDiscontinuityAwareBisection;shinbrotDiscontinuityAwareBisection;shinbrotDiscontinuityAwareBisection;shinbrotDiscontinuityAwareBisection;shinbrotDiscontinuityAwareBisection;shinbrotDiscontinuityAwareBisection;shinbrotDiscontinuityAwareBisection;shinbrotDiscontinuityAwareBisection;shinbrotDiscontinuityAwareBisection;shinbrotDiscontinuityAwareBisection;shinbrotDiscontinuityAwareBisection;shinbrotDiscontinuityAwareBisection;shinbrotDiscontinuityAwareBisection;shinbrotDiscontinuityAwareBisection;shinbrotDiscontinuityAwareBisection;shinbrotDiscontinuityAwareBisection;shinbrotDiscontinuityAwareBisection;shinbrotDiscontinuityAwareBisection;shinbrotDiscontinuityAwareBisection;shinbrotDiscontinuityAwareBisection;shinbrotDiscontinuityAwareBisection;shinbrotDiscontinuityAwareBisection;shinbrotDiscontinuityAwareBisection;shinbrotDiscontinuityAwareBisection;shinbrotDiscontinuityAwareBisection;shinbrotDiscontinuityAwareBisection;shinbrotDiscontinuityAwareBisection,0.08671875;0.0390625;0.073095703125;0.06796875;-0.06875;-0.01875;NaN;NaN;0.0375;-0.009375;-0.040625;-0.009375;0.0421417236328;0.0140625;0.09140625;0.08515625;0.0265625;-0.01640625;-0.08544921875;-0.09375;0.0434326171875;0.0970703125;-0.0390625;0.078125;-0.040625;0.02109375;0.01875;0.0498046875;0.1;0.0203125;-0.040625;-0.02763671875;-0.1;0;0.0125,0.00258043725878743,13.7315804372588,19.8074849831828,26.921,0,,28.2587648,0
0.3,7,200007,sectionRetargetMode,shinbrotDiscontinuityAwareBisection,0,NaN,NaN,54741,0.08671875,0.07265625,0.08671875;-0.0359375;0.090625;0.1;0.0140625;0;-0.0421875;-0.01796875;-0.0890625;-0.0546875;-0.075;-0.028125;0.025;0.0703125;-0.0875;-0.0296875;0.0953125;0.0898681640625;-0.034033203125;-0.0140625;-0.00625;-0.034375;-0.08125;-0.040625;0.098828125;-0.00546875;0.069921875;0;0.09140625;-0.086328125;0.040625;-0.0029541015625;0.06640625;-0.050260925293;-0.0625;0.071875;0.05;0.0273803710938;-0.00332565307617;-0.0021484375;0.0578125;-0.0186737060547;-0.053515625;0.003125;0.055859375;-0.028125;0.076171875;-0.083984375;0.0125;-0.0571899414063;-0.00859375;-0.0453125;-0.0234375;-0.053125;0.056787109375;0.1;-0.003125;0.07265625,61,3,0;1;2;3;4;5;6;7;8;9;10;11;12;13;14;15;16;17;18;19;20;21;22;23;24;25;26;27;28;29;30;31;32;33;34;35;36;37;38;39;40;41;42;43;44;45;46;47;48;49;50;51;52;53;54;55;56;57;58;59;60,0;0.00174053846538;0.00711950877113;0.00892843070649;0.010317850415;1.39896861835;5.57164258818;5.57225799548;5.57290417629;6.17167722262;7.8578360617;12.4972505773;12.4984895354;12.4985969361;14.113544811;14.1138502032;14.1186182537;14.119793848;17.0941548761;19.4176908699;22.6946478421;22.694785849;23.5980700476;24.2757809036;24.2760181685;24.2763719467;24.2784446518;24.2797517521;24.2832981169;24.2847873199;24.8230923217;24.8231726809;25.9006582788;25.9008304265;25.9010023707;25.9010940312;28.3115185122;28.3117200525;28.3122830979;28.312901695;28.3134366521;30.9534985961;32.5887548379;44.5151888054;44.5158801103;44.5226404283;44.5296095269;44.588257902;44.5886410296;44.7063027853;44.7164834163;44.716800139;44.7235022075;44.7252454947;45.0967811985;54.6831255656;54.6952537794;54.6978923303;54.7014713427;54.7080024047;54.708088553,shinbrotDiscontinuityAwareBisection;shinbrotDiscontinuityAwareBisection;shinbrotDiscontinuityAwareBisection;shinbrotDiscontinuityAwareBisection;shinbrotDiscontinuityAwareBisection;shinbrotDiscontinuityAwareBisection;shinbrotDiscontinuityAwareBisection;shinbrotDiscontinuityAwareBisection;shinbrotDiscontinuityAwareBisection;shinbrotDiscontinuityAwareBisection;shinbrotDiscontinuityAwareBisection;shinbrotDiscontinuityAwareBisection;shinbrotDiscontinuityAwareBisection;shinbrotDiscontinuityAwareBisection;shinbrotDiscontinuityAwareBisection;shinbrotDiscontinuityAwareBisection;shinbrotDiscontinuityAwareBisection;shinbrotDiscontinuityAwareBisection;shinbrotDiscontinuityAwareBisection;shinbrotDiscontinuityAwareBisection;shinbrotDiscontinuityAwareBisection;shinbrotDiscontinuityAwareBisection;shinbrotDiscontinuityAwareBisection;shinbrotDiscontinuityAwareBisection;shinbrotDiscontinuityAwareBisection;shinbrotDiscontinuityAwareBisection;shinbrotDiscontinuityAwareBisection;shinbrotDiscontinuityAwareBisection;shinbrotDiscontinuityAwareBisection;shinbrotDiscontinuityAwareBisection;shinbrotDiscontinuityAwareBisection;shinbrotDiscontinuityAwareBisection;shinbrotDiscontinuityAwareBisection;shinbrotDiscontinuityAwareBisection;shinbrotDiscontinuityAwareBisection;shinbrotDiscontinuityAwareBisection;shinbrotDiscontinuityAwareBisection;shinbrotDiscontinuityAwareBisection;shinbrotDiscontinuityAwareBisection;shinbrotDiscontinuityAwareBisection;shinbrotDiscontinuityAwareBisection;shinbrotDiscontinuityAwareBisection;shinbrotDiscontinuityAwareBisection;shinbrotDiscontinuityAwareBisection;shinbrotDiscontinuityAwareBisection;shinbrotDiscontinuityAwareBisection;shinbrotDiscontinuityAwareBisection;shinbrotDiscontinuityAwareBisection;shinbrotDiscontinuityAwareBisection;shinbrotDiscontinuityAwareBisection;shinbrotDiscontinuityAwareBisection;shinbrotDiscontinuityAwareBisection;shinbrotDiscontinuityAwareBisection;shinbrotDiscontinuityAwareBisection;shinbrotDiscontinuityAwareBisection;shinbrotDiscontinuityAwareBisection;shinbrotDiscontinuityAwareBisection;shinbrotDiscontinuityAwareBisection;shinbrotDiscontinuityAwareBisection;shinbrotDiscontinuityAwareBisection;shinbrotDiscontinuityAwareBisection,0.08671875;-0.0359375;0.090625;0.1;0.0140625;0;-0.0421875;-0.01796875;-0.0890625;-0.0546875;-0.075;-0.028125;0.025;0.0703125;-0.0875;-0.0296875;0.0953125;0.0898681640625;-0.034033203125;-0.0140625;-0.00625;NaN;NaN;-0.034375;-0.08125;-0.040625;0.098828125;-0.00546875;0.069921875;0;0.09140625;-0.086328125;0.040625;-0.0029541015625;0.06640625;-0.050260925293;-0.0625;0.071875;0.05;0.0273803710938;-0.00332565307617;-0.0021484375;0.0578125;-0.0186737060547;-0.053515625;NaN;0.003125;0.055859375;-0.028125;0.076171875;-0.083984375;0.0125;-0.0571899414063;-0.00859375;-0.0453125;-0.0234375;-0.053125;0.056787109375;0.1;-0.003125;0.07265625,1.86772130245083,11.8612786975492,15.9600582739929,26.921,0,,56.5024502,0
0.3,8,200008,sectionRetargetMode,shinbrotDiscontinuityAwareBisection,0,NaN,NaN,80363,0.08671875,0.03892822265625,0.08671875;-0.05234375;-0.05;-0.04375;-0.044921875;0.096484375;0.0984375;0.009375;0.0890625;-0.040625;-0.01796875;-0.096875;-0.03359375;0.090625;0.01328125;0.042333984375;0.08125;-0.0453125;0.096875;0.0443359375;0.003125;0.0248046875;0.075;-0.097265625;-0.1;0.05078125;0.048583984375;-0.0132995605469;-0.028125;0.021875;-0.04375;-0.0671875;0.0982421875;-0.075;-0.0046875;0.003125;0.08671875;-0.1;0.0265625;0.0921875;-0.07734375;-0.0859375;0.0499755859375;-0.0875;0.06796875;0.0923828125;-0.0453125;-0.04140625;-0.0375;-0.06015625;0.01953125;-0.05703125;-0.0986328125;0.0486328125;-0.08671875;-0.0609375;-0.01015625;-0.04765625;0.0389282226563,61,2,0;1;2;3;4;5;6;7;8;9;10;11;12;13;14;15;16;17;18;19;20;21;22;23;24;25;26;27;28;29;30;31;32;33;34;35;36;37;38;39;40;41;42;43;44;45;46;47;48;49;50;51;52;53;54;55;56;57;58;59;60,0;1.97434271506;2.61089709655;2.61208590308;2.61214400435;4.96707862202;4.96731716244;5.69799366652;9.34018978412;10.0149839377;12.0317722536;12.4893711428;12.4916265297;12.4945471071;13.162259856;15.5801458285;15.5807726151;15.5819718224;17.6022364914;25.9591975219;25.9693634242;28.2892471317;31.1318160852;34.0273408208;36.4887264005;36.4893406028;38.0936589656;38.0937837396;38.7309975161;38.7319242007;41.2743232637;41.2750413402;43.8582484803;46.226497449;48.8954757686;51.0495660056;52.9974040852;54.4418683883;54.4438924241;54.4448852474;57.0521063609;57.0530555264;57.054285911;57.7811864165;59.772899104;59.7752907516;59.7798852581;59.7815897233;62.8829882198;62.8838155428;62.888381076;63.8544739379;65.3166929815;65.9221539088;69.753745491;69.7545023378;69.7546951321;74.3929569098;79.8584183167;80.3159267718;80.3334624447,shinbrotDiscontinuityAwareBisection;shinbrotDiscontinuityAwareBisection;shinbrotDiscontinuityAwareBisection;shinbrotDiscontinuityAwareBisection;shinbrotDiscontinuityAwareBisection;shinbrotDiscontinuityAwareBisection;shinbrotDiscontinuityAwareBisection;shinbrotDiscontinuityAwareBisection;shinbrotDiscontinuityAwareBisection;shinbrotDiscontinuityAwareBisection;shinbrotDiscontinuityAwareBisection;shinbrotDiscontinuityAwareBisection;shinbrotDiscontinuityAwareBisection;shinbrotDiscontinuityAwareBisection;shinbrotDiscontinuityAwareBisection;shinbrotDiscontinuityAwareBisection;shinbrotDiscontinuityAwareBisection;shinbrotDiscontinuityAwareBisection;shinbrotDiscontinuityAwareBisection;shinbrotDiscontinuityAwareBisection;shinbrotDiscontinuityAwareBisection;shinbrotDiscontinuityAwareBisection;shinbrotDiscontinuityAwareBisection;shinbrotDiscontinuityAwareBisection;shinbrotDiscontinuityAwareBisection;shinbrotDiscontinuityAwareBisection;shinbrotDiscontinuityAwareBisection;shinbrotDiscontinuityAwareBisection;shinbrotDiscontinuityAwareBisection;shinbrotDiscontinuityAwareBisection;shinbrotDiscontinuityAwareBisection;shinbrotDiscontinuityAwareBisection;shinbrotDiscontinuityAwareBisection;shinbrotDiscontinuityAwareBisection;shinbrotDiscontinuityAwareBisection;shinbrotDiscontinuityAwareBisection;shinbrotDiscontinuityAwareBisection;shinbrotDiscontinuityAwareBisection;shinbrotDiscontinuityAwareBisection;shinbrotDiscontinuityAwareBisection;shinbrotDiscontinuityAwareBisection;shinbrotDiscontinuityAwareBisection;shinbrotDiscontinuityAwareBisection;shinbrotDiscontinuityAwareBisection;shinbrotDiscontinuityAwareBisection;shinbrotDiscontinuityAwareBisection;shinbrotDiscontinuityAwareBisection;shinbrotDiscontinuityAwareBisection;shinbrotDiscontinuityAwareBisection;shinbrotDiscontinuityAwareBisection;shinbrotDiscontinuityAwareBisection;shinbrotDiscontinuityAwareBisection;shinbrotDiscontinuityAwareBisection;shinbrotDiscontinuityAwareBisection;shinbrotDiscontinuityAwareBisection;shinbrotDiscontinuityAwareBisection;shinbrotDiscontinuityAwareBisection;shinbrotDiscontinuityAwareBisection;shinbrotDiscontinuityAwareBisection;shinbrotDiscontinuityAwareBisection;shinbrotDiscontinuityAwareBisection,0.08671875;-0.05234375;-0.05;-0.04375;-0.044921875;0.096484375;0.0984375;0.009375;0.0890625;-0.040625;-0.01796875;-0.096875;-0.03359375;0.090625;0.01328125;0.042333984375;0.08125;-0.0453125;0.096875;0.0443359375;0.003125;0.0248046875;0.075;-0.097265625;-0.1;0.05078125;0.048583984375;-0.0132995605469;-0.028125;0.021875;-0.04375;-0.0671875;0.0982421875;-0.075;-0.0046875;0.003125;0.08671875;-0.1;0.0265625;0.0921875;-0.07734375;-0.0859375;0.0499755859375;-0.0875;0.06796875;0.0923828125;-0.0453125;-0.04140625;-0.0375;-0.06015625;0.01953125;-0.05703125;-0.0986328125;0.0486328125;-0.08671875;-0.0609375;-0.01015625;-0.04765625;0.0389282226563;NaN;NaN,3.92815871626492,9.80084128373508,9.74053974412284,26.921,0,,46.8634416,0
0.3,9,200009,sectionRetargetMode,shinbrotDiscontinuityAwareBisection,0,NaN,NaN,66552,0.08671875,-0.0875,0.08671875;-0.09375;0.0689086914063;0.01015625;-0.0798828125;-0.041796875;0.0359375;0.06875;-0.034375;-0.0875;-0.0326171875;-0.07890625;-0.001953125;-0.0539276123047;-0.075;-0.0359375;-0.095703125;-0.030078125;-0.06875;0.098974609375;-0.05703125;0.015625;-0.009375;-0.03984375;-0.07890625;-0.09736328125;0.046875;-0.0005859375;0.0984375;0.089453125;0.04521484375;-0.059375;-0.05244140625;0.0125;-0.00601806640625;-0.0671875;0.05;-0.0164808273315;0.099609375;0.046875;-0.0265625;0.03046875;-0.016015625;-0.0140625;-0.0708984375;-0.04296875;-0.00234375;0.06875;-0.0875;0.050634765625;0.0484375;-0.09296875;-0.021875;0.07783203125;-0.1;-0.006787109375;-0.099609375;0.059375;0.034375;-0.0875,61,1,0;1;2;3;4;5;6;7;8;9;10;11;12;13;14;15;16;17;18;19;20;21;22;23;24;25;26;27;28;29;30;31;32;33;34;35;36;37;38;39;40;41;42;43;44;45;46;47;48;49;50;51;52;53;54;55;56;57;58;59;60,0;3.47599747557;3.47711260165;3.4773375813;3.47884680398;3.47903642606;8.4601290015;17.8580694011;19.2719567338;19.9537335586;21.6677227744;27.8611389679;27.8620488406;27.8621259155;29.4711412347;30.530039548;32.6209306535;32.6217079426;32.6226170713;32.6230741969;32.6260828782;37.7748659164;37.7760134634;37.7855646789;37.7865245352;37.7868616472;37.7879661427;37.7890404153;43.0043356297;44.0620655661;44.0628027188;44.062852738;44.0637375118;44.0639875624;44.0643659249;44.0653104504;45.5090751306;45.5108662509;45.5118727033;46.1882687078;46.1914732102;46.1922065549;46.1930006619;46.2117165846;46.2118123066;47.8245381969;47.8248600976;47.8284063566;48.8644840335;52.1135256921;53.2601708679;53.2615348606;54.0367892836;58.68824646;58.6883833435;58.6895109099;62.0582604966;64.6480787045;64.648646296;64.6493461623;66.5219755134,shinbrotDiscontinuityAwareBisection;shinbrotDiscontinuityAwareBisection;shinbrotDiscontinuityAwareBisection;shinbrotDiscontinuityAwareBisection;shinbrotDiscontinuityAwareBisection;shinbrotDiscontinuityAwareBisection;shinbrotDiscontinuityAwareBisection;shinbrotDiscontinuityAwareBisection;shinbrotDiscontinuityAwareBisection;shinbrotDiscontinuityAwareBisection;shinbrotDiscontinuityAwareBisection;shinbrotDiscontinuityAwareBisection;shinbrotDiscontinuityAwareBisection;shinbrotDiscontinuityAwareBisection;shinbrotDiscontinuityAwareBisection;shinbrotDiscontinuityAwareBisection;shinbrotDiscontinuityAwareBisection;shinbrotDiscontinuityAwareBisection;shinbrotDiscontinuityAwareBisection;shinbrotDiscontinuityAwareBisection;shinbrotDiscontinuityAwareBisection;shinbrotDiscontinuityAwareBisection;shinbrotDiscontinuityAwareBisection;shinbrotDiscontinuityAwareBisection;shinbrotDiscontinuityAwareBisection;shinbrotDiscontinuityAwareBisection;shinbrotDiscontinuityAwareBisection;shinbrotDiscontinuityAwareBisection;shinbrotDiscontinuityAwareBisection;shinbrotDiscontinuityAwareBisection;shinbrotDiscontinuityAwareBisection;shinbrotDiscontinuityAwareBisection;shinbrotDiscontinuityAwareBisection;shinbrotDiscontinuityAwareBisection;shinbrotDiscontinuityAwareBisection;shinbrotDiscontinuityAwareBisection;shinbrotDiscontinuityAwareBisection;shinbrotDiscontinuityAwareBisection;shinbrotDiscontinuityAwareBisection;shinbrotDiscontinuityAwareBisection;shinbrotDiscontinuityAwareBisection;shinbrotDiscontinuityAwareBisection;shinbrotDiscontinuityAwareBisection;shinbrotDiscontinuityAwareBisection;shinbrotDiscontinuityAwareBisection;shinbrotDiscontinuityAwareBisection;shinbrotDiscontinuityAwareBisection;shinbrotDiscontinuityAwareBisection;shinbrotDiscontinuityAwareBisection;shinbrotDiscontinuityAwareBisection;shinbrotDiscontinuityAwareBisection;shinbrotDiscontinuityAwareBisection;shinbrotDiscontinuityAwareBisection;shinbrotDiscontinuityAwareBisection;shinbrotDiscontinuityAwareBisection;shinbrotDiscontinuityAwareBisection;shinbrotDiscontinuityAwareBisection;shinbrotDiscontinuityAwareBisection;shinbrotDiscontinuityAwareBisection;shinbrotDiscontinuityAwareBisection;shinbrotDiscontinuityAwareBisection,0.08671875;-0.09375;0.0689086914063;0.01015625;-0.0798828125;-0.041796875;0.0359375;0.06875;-0.034375;-0.0875;-0.0326171875;-0.07890625;-0.001953125;-0.0539276123047;NaN;-0.075;-0.0359375;-0.095703125;-0.030078125;-0.06875;0.098974609375;-0.05703125;0.015625;-0.009375;-0.03984375;-0.07890625;-0.09736328125;0.046875;-0.0005859375;0.0984375;0.089453125;0.04521484375;-0.059375;-0.05244140625;0.0125;-0.00601806640625;-0.0671875;0.05;-0.0164808273315;0.099609375;0.046875;-0.0265625;0.03046875;-0.016015625;-0.0140625;-0.0708984375;-0.04296875;-0.00234375;0.06875;-0.0875;0.050634765625;0.0484375;-0.09296875;-0.021875;0.07783203125;-0.1;-0.006787109375;-0.099609375;0.059375;0.034375;-0.0875,1.47870857832732,15.2077085783273,16.8716954820053,26.921,0,,44.8677635,0
0.3,10,200010,sectionRetargetMode,shinbrotDiscontinuityAwareBisection,0,NaN,NaN,52136,0.08671875,0.015625,0.08671875;-0.0375;-0.01875;-0.096875;0.021875;0.0345703125;-0.009375;0.096875;0.0240234375;-0.003533411026;-0.015380859375;0.0375;-0.03359375;0.05234375;0.0890625;-0.00703125;-0.062109375;0.093359375;0.0182373046875;0.02421875;-0.06328125;-0.04609375;0.0892822265625;-0.07265625;-0.058984375;-0.0390625;-0.0408203125;-0.003857421875;-0.03359375;-0.0125;0.075;-0.05126953125;-0.0765625;0.063623046875;-0.0140625;-0.0734375;0.0462890625;0.0875;0.022265625;-0.08046875;-0.00625;0.08095703125;0.0875;-0.025;0.09375;0.0140625;0.03828125;-0.08125;-0.1;0.015625,61,11,0;1;2;3;4;5;6;7;8;9;10;11;12;13;14;15;16;17;18;19;20;21;22;23;24;25;26;27;28;29;30;31;32;33;34;35;36;37;38;39;40;41;42;43;44;45;46;47;48;49;50;51;52;53;54;55;56;57;58;59;60,0;6.89693809256;6.9019041155;6.91202925598;8.52824003531;14.2134845594;14.2149964183;14.2150507768;14.8316610123;18.2145283592;19.8263349349;19.827566998;19.8285358832;22.474127206;22.4769269575;22.4804431182;22.516277172;22.5164350825;22.5231168533;23.9784722042;23.9820361317;25.8992738597;26.6842559724;26.6844000634;26.6853868729;27.8551633986;27.8561293094;28.25188377;30.9033478905;30.9037968304;30.9051798005;30.905646256;30.9060149774;31.6102386805;31.6178444245;31.6205388774;31.9409435352;31.9510985391;31.9700196579;33.9843222907;33.9850341052;37.1287192952;37.7305818091;37.7315374289;37.7336541574;37.7372526279;37.7373027729;37.738635705;38.421259465;40.2018860081;40.2128066931;42.7846578329;42.7846883958;42.7982331364;44.0158592689;46.3753666554;46.3780677461;46.3789672314;46.3819670036;52.1029932342;52.1095770653,shinbrotDiscontinuityAwareBisection;shinbrotDiscontinuityAwareBisection;shinbrotDiscontinuityAwareBisection;shinbrotDiscontinuityAwareBisection;shinbrotDiscontinuityAwareBisection;shinbrotDiscontinuityAwareBisection;shinbrotDiscontinuityAwareBisection;shinbrotDiscontinuityAwareBisection;shinbrotDiscontinuityAwareBisection;shinbrotDiscontinuityAwareBisection;shinbrotDiscontinuityAwareBisection;shinbrotDiscontinuityAwareBisection;shinbrotDiscontinuityAwareBisection;shinbrotDiscontinuityAwareBisection;shinbrotDiscontinuityAwareBisection;shinbrotDiscontinuityAwareBisection;shinbrotDiscontinuityAwareBisection;shinbrotDiscontinuityAwareBisection;shinbrotDiscontinuityAwareBisection;shinbrotDiscontinuityAwareBisection;shinbrotDiscontinuityAwareBisection;shinbrotDiscontinuityAwareBisection;shinbrotDiscontinuityAwareBisection;shinbrotDiscontinuityAwareBisection;shinbrotDiscontinuityAwareBisection;shinbrotDiscontinuityAwareBisection;shinbrotDiscontinuityAwareBisection;shinbrotDiscontinuityAwareBisection;shinbrotDiscontinuityAwareBisection;shinbrotDiscontinuityAwareBisection;shinbrotDiscontinuityAwareBisection;shinbrotDiscontinuityAwareBisection;shinbrotDiscontinuityAwareBisection;shinbrotDiscontinuityAwareBisection;shinbrotDiscontinuityAwareBisection;shinbrotDiscontinuityAwareBisection;shinbrotDiscontinuityAwareBisection;shinbrotDiscontinuityAwareBisection;shinbrotDiscontinuityAwareBisection;shinbrotDiscontinuityAwareBisection;shinbrotDiscontinuityAwareBisection;shinbrotDiscontinuityAwareBisection;shinbrotDiscontinuityAwareBisection;shinbrotDiscontinuityAwareBisection;shinbrotDiscontinuityAwareBisection;shinbrotDiscontinuityAwareBisection;shinbrotDiscontinuityAwareBisection;shinbrotDiscontinuityAwareBisection;shinbrotDiscontinuityAwareBisection;shinbrotDiscontinuityAwareBisection;shinbrotDiscontinuityAwareBisection;shinbrotDiscontinuityAwareBisection;shinbrotDiscontinuityAwareBisection;shinbrotDiscontinuityAwareBisection;shinbrotDiscontinuityAwareBisection;shinbrotDiscontinuityAwareBisection;shinbrotDiscontinuityAwareBisection;shinbrotDiscontinuityAwareBisection;shinbrotDiscontinuityAwareBisection;shinbrotDiscontinuityAwareBisection;shinbrotDiscontinuityAwareBisection,0.08671875;NaN;NaN;-0.0375;-0.01875;-0.096875;0.021875;0.0345703125;-0.009375;0.096875;0.0240234375;-0.003533411026;-0.015380859375;NaN;NaN;0.0375;-0.03359375;0.05234375;0.0890625;NaN;-0.00703125;-0.062109375;0.093359375;0.0182373046875;0.02421875;-0.06328125;-0.04609375;NaN;0.0892822265625;-0.07265625;-0.058984375;-0.0390625;-0.0408203125;-0.003857421875;-0.03359375;-0.0125;0.075;NaN;NaN;-0.05126953125;-0.0765625;0.063623046875;-0.0140625;-0.0734375;0.0462890625;0.0875;0.022265625;-0.08046875;-0.00625;0.08095703125;0.0875;-0.025;NaN;NaN;0.09375;0.0140625;0.03828125;-0.08125;-0.1;0.015625;NaN,1.93036986656412,11.7986301334359,10.937071253525,26.921,0,,49.9809348,0
0.5,1,201001,sectionRetargetMode,shinbrotDiscontinuityAwareBisection,0,NaN,NaN,82730,0.08671875,0.0296875,0.08671875;0.00625;-0.090625;-0.0203125;-0.1;-0.097265625;-0.00087890625;0.0875;-0.0037109375;0.048046875;0.046875;0.015625;0.082421875;-0.09375;0.0556640625;-0.0261474609375;0.1;-0.1;0.01640625;0;0.071875;0.028125;-0.09609375;0.0458984375;0.034765625;-0.075;-0.078125;-0.0203125;-0.090625;-0.0125;0.00234375;-0.0007568359375;-0.012939453125;-0.04453125;0.07783203125;0.0989990234375;-0.00107421875;-0.00703125;0.09375;-0.00400390625;0;-0.08515625;0.0125;0.09375;-0.059375;0.00390625;-0.04453125;-0.05234375;0.0171875;-0.035546875;-0.046875;-0.0703125;0.00625;0.0873107910156;-0.00458984375;-0.0375;0.0296875,61,4,0;1;2;3;4;5;6;7;8;9;10;11;12;13;14;15;16;17;18;19;20;21;22;23;24;25;26;27;28;29;30;31;32;33;34;35;36;37;38;39;40;41;42;43;44;45;46;47;48;49;50;51;52;53;54;55;56;57;58;59;60,0;1.9924524857;1.99316631221;1.9936636015;2.63758792752;2.63848856955;12.7299769943;12.733855936;15.6602863918;15.6623084109;20.1746776128;20.1751443997;26.4318149032;26.4925498986;26.4952371672;26.4972782363;26.8150484191;27.3344964653;28.471613526;38.7896692773;40.5845631222;40.5847498929;40.5891928619;41.6397368975;41.6402115477;42.1761213427;42.1772741682;42.1800455347;43.0245661107;46.7545888366;46.7573695591;46.7577284651;46.7904301214;50.6575638649;53.2246873177;53.2259629375;54.8769178989;54.8809785204;63.1596726457;63.1597460547;63.1611781046;65.0281207976;65.7617916171;67.7863645912;67.7881828156;67.7889977696;69.9187089877;69.9189733222;70.0443717623;70.0494670424;70.756012494;74.1709767657;74.1728995208;75.1005716627;75.101073408;79.5681194781;79.7267040089;80.2434152574;82.6963914925;82.700296204;82.7018290049,shinbrotDiscontinuityAwareBisection;shinbrotDiscontinuityAwareBisection;shinbrotDiscontinuityAwareBisection;shinbrotDiscontinuityAwareBisection;shinbrotDiscontinuityAwareBisection;shinbrotDiscontinuityAwareBisection;shinbrotDiscontinuityAwareBisection;shinbrotDiscontinuityAwareBisection;shinbrotDiscontinuityAwareBisection;shinbrotDiscontinuityAwareBisection;shinbrotDiscontinuityAwareBisection;shinbrotDiscontinuityAwareBisection;shinbrotDiscontinuityAwareBisection;shinbrotDiscontinuityAwareBisection;shinbrotDiscontinuityAwareBisection;shinbrotDiscontinuityAwareBisection;shinbrotDiscontinuityAwareBisection;shinbrotDiscontinuityAwareBisection;shinbrotDiscontinuityAwareBisection;shinbrotDiscontinuityAwareBisection;shinbrotDiscontinuityAwareBisection;shinbrotDiscontinuityAwareBisection;shinbrotDiscontinuityAwareBisection;shinbrotDiscontinuityAwareBisection;shinbrotDiscontinuityAwareBisection;shinbrotDiscontinuityAwareBisection;shinbrotDiscontinuityAwareBisection;shinbrotDiscontinuityAwareBisection;shinbrotDiscontinuityAwareBisection;shinbrotDiscontinuityAwareBisection;shinbrotDiscontinuityAwareBisection;shinbrotDiscontinuityAwareBisection;shinbrotDiscontinuityAwareBisection;shinbrotDiscontinuityAwareBisection;shinbrotDiscontinuityAwareBisection;shinbrotDiscontinuityAwareBisection;shinbrotDiscontinuityAwareBisection;shinbrotDiscontinuityAwareBisection;shinbrotDiscontinuityAwareBisection;shinbrotDiscontinuityAwareBisection;shinbrotDiscontinuityAwareBisection;shinbrotDiscontinuityAwareBisection;shinbrotDiscontinuityAwareBisection;shinbrotDiscontinuityAwareBisection;shinbrotDiscontinuityAwareBisection;shinbrotDiscontinuityAwareBisection;shinbrotDiscontinuityAwareBisection;shinbrotDiscontinuityAwareBisection;shinbrotDiscontinuityAwareBisection;shinbrotDiscontinuityAwareBisection;shinbrotDiscontinuityAwareBisection;shinbrotDiscontinuityAwareBisection;shinbrotDiscontinuityAwareBisection;shinbrotDiscontinuityAwareBisection;shinbrotDiscontinuityAwareBisection;shinbrotDiscontinuityAwareBisection;shinbrotDiscontinuityAwareBisection;shinbrotDiscontinuityAwareBisection;shinbrotDiscontinuityAwareBisection;shinbrotDiscontinuityAwareBisection;shinbrotDiscontinuityAwareBisection,0.08671875;0.00625;-0.090625;-0.0203125;-0.1;-0.097265625;-0.00087890625;0.0875;-0.0037109375;0.048046875;0.046875;0.015625;0.082421875;-0.09375;0.0556640625;-0.0261474609375;0.1;-0.1;0.01640625;0;0.071875;0.028125;-0.09609375;0.0458984375;0.034765625;-0.075;-0.078125;-0.0203125;NaN;-0.090625;-0.0125;0.00234375;-0.0007568359375;-0.012939453125;-0.04453125;0.07783203125;0.0989990234375;-0.00107421875;-0.00703125;0.09375;-0.00400390625;0;-0.08515625;0.0125;0.09375;NaN;-0.059375;0.00390625;-0.04453125;-0.05234375;0.0171875;-0.035546875;-0.046875;-0.0703125;0.00625;NaN;NaN;0.0873107910156;-0.00458984375;-0.0375;0.0296875,0.661454328096779,13.0675456719032,18.5421103031581,26.921,0,,52.9499943,0
0.5,2,201002,sectionRetargetMode,shinbrotDiscontinuityAwareBisection,0,NaN,NaN,88718,0.08671875,-0.025,0.08671875;0.08740234375;-0.0578125;-0.00625;-0.0296875;-0.0484375;-0.03984375;0.0556640625;-0.003125;-0.0421875;-0.03984375;0.017578125;0.090625;0.01171875;0.09609375;-0.0671875;-0.06875;0.026171875;0.03515625;-0.075390625;-0.090625;-0.0546875;0;-0.0765625;-0.06015625;-0.0125;-0.034375;-0.078125;-0.071875;0.0984375;-0.03046875;-0.0359375;-0.096484375;-0.09296875;-0.01015625;-0.0015625;-0.0375;-0.05546875;-0.0088134765625;0.0375;-0.0375;0.0943359375;-0.053125;-0.016796875;-0.07265625;0.0203125;-0.06015625;-0.0640625;0.028125;-0.025;0.09306640625;0.04990234375;0.0927734375;-0.08125;0.034375;-0.097900390625;0.098828125;-0.0029296875;0.025;-0.025,61,1,0;1;2;3;4;5;6;7;8;9;10;11;12;13;14;15;16;17;18;19;20;21;22;23;24;25;26;27;28;29;30;31;32;33;34;35;36;37;38;39;40;41;42;43;44;45;46;47;48;49;50;51;52;53;54;55;56;57;58;59;60,0;1.64570096752;1.64671283642;2.92034771826;8.97901495824;16.5950003205;16.5954827986;16.5959206974;16.5961439088;18.2012691735;20.9252154102;25.2143852137;25.520207088;25.9200784522;25.9307950032;25.9315374072;26.8835312701;28.5231221383;28.5235071346;28.5250508886;34.9599213291;36.4718891525;37.5868921949;37.6180308761;37.6185725008;38.0429260849;40.0275589214;40.0337618083;40.0403319146;43.5931738156;43.5991950016;46.9586106667;47.6695292656;49.651148298;52.4008464846;52.4604906262;57.3317214261;59.6229309209;62.3009946146;62.3015548573;68.0265166377;68.0273761437;68.0288799233;68.0289540996;69.424516556;69.4247189972;71.3696329875;72.4295781361;74.3546791337;74.9347486342;76.174865997;77.9463363732;77.9465803485;77.9498150559;77.9498548322;81.0067672718;84.3967340799;88.6133089987;88.6143949591;88.6146952079;88.6882822771,shinbrotDiscontinuityAwareBisection;shinbrotDiscontinuityAwareBisection;shinbrotDiscontinuityAwareBisection;shinbrotDiscontinuityAwareBisection;shinbrotDiscontinuityAwareBisection;shinbrotDiscontinuityAwareBisection;shinbrotDiscontinuityAwareBisection;shinbrotDiscontinuityAwareBisection;shinbrotDiscontinuityAwareBisection;shinbrotDiscontinuityAwareBisection;shinbrotDiscontinuityAwareBisection;shinbrotDiscontinuityAwareBisection;shinbrotDiscontinuityAwareBisection;shinbrotDiscontinuityAwareBisection;shinbrotDiscontinuityAwareBisection;shinbrotDiscontinuityAwareBisection;shinbrotDiscontinuityAwareBisection;shinbrotDiscontinuityAwareBisection;shinbrotDiscontinuityAwareBisection;shinbrotDiscontinuityAwareBisection;shinbrotDiscontinuityAwareBisection;shinbrotDiscontinuityAwareBisection;shinbrotDiscontinuityAwareBisection;shinbrotDiscontinuityAwareBisection;shinbrotDiscontinuityAwareBisection;shinbrotDiscontinuityAwareBisection;shinbrotDiscontinuityAwareBisection;shinbrotDiscontinuityAwareBisection;shinbrotDiscontinuityAwareBisection;shinbrotDiscontinuityAwareBisection;shinbrotDiscontinuityAwareBisection;shinbrotDiscontinuityAwareBisection;shinbrotDiscontinuityAwareBisection;shinbrotDiscontinuityAwareBisection;shinbrotDiscontinuityAwareBisection;shinbrotDiscontinuityAwareBisection;shinbrotDiscontinuityAwareBisection;shinbrotDiscontinuityAwareBisection;shinbrotDiscontinuityAwareBisection;shinbrotDiscontinuityAwareBisection;shinbrotDiscontinuityAwareBisection;shinbrotDiscontinuityAwareBisection;shinbrotDiscontinuityAwareBisection;shinbrotDiscontinuityAwareBisection;shinbrotDiscontinuityAwareBisection;shinbrotDiscontinuityAwareBisection;shinbrotDiscontinuityAwareBisection;shinbrotDiscontinuityAwareBisection;shinbrotDiscontinuityAwareBisection;shinbrotDiscontinuityAwareBisection;shinbrotDiscontinuityAwareBisection;shinbrotDiscontinuityAwareBisection;shinbrotDiscontinuityAwareBisection;shinbrotDiscontinuityAwareBisection;shinbrotDiscontinuityAwareBisection;shinbrotDiscontinuityAwareBisection;shinbrotDiscontinuityAwareBisection;shinbrotDiscontinuityAwareBisection;shinbrotDiscontinuityAwareBisection;shinbrotDiscontinuityAwareBisection;shinbrotDiscontinuityAwareBisection,0.08671875;0.08740234375;-0.0578125;-0.00625;-0.0296875;-0.0484375;-0.03984375;0.0556640625;-0.003125;-0.0421875;-0.03984375;0.017578125;0.090625;0.01171875;0.09609375;-0.0671875;-0.06875;0.026171875;0.03515625;-0.075390625;-0.090625;-0.0546875;0;-0.0765625;-0.06015625;-0.0125;-0.034375;-0.078125;-0.071875;0.0984375;-0.03046875;-0.0359375;-0.096484375;-0.09296875;-0.01015625;-0.0015625;-0.0375;-0.05546875;-0.0088134765625;0.0375;-0.0375;0.0943359375;-0.053125;-0.016796875;-0.07265625;0.0203125;-0.06015625;-0.0640625;0.028125;NaN;-0.025;0.09306640625;0.04990234375;0.0927734375;-0.08125;0.034375;-0.097900390625;0.098828125;-0.0029296875;0.025;-0.025,3.16081446585863,10.5681855341414,12.961149422571,26.921,0,,53.5556156,0
0.5,3,201003,sectionRetargetMode,shinbrotDiscontinuityAwareBisection,0,NaN,NaN,90416,0.08671875,0.075,0.08671875;-0.09375;-0.00161228179932;0.08232421875;-0.093359375;0.0375;0.0421875;-0.05;0.087109375;0.05078125;-0.1;-0.06484375;0.0671875;0.09921875;-0.071875;0.02421875;0.021875;-0.087109375;0.09609375;-0.00859375;0.0703125;-0.0296875;-0.0013671875;0.01328125;-0.0289794921875;-0.0109375;0.096484375;-0.0037841796875;0.0927734375;0.03125;-0.0921875;0.0625;0.0992125511169;-0.009375;0.0453125;-0.00078125;-0.0234375;0;-0.09375;0.0483825683594;-0.096875;0.09638671875;0.071875;-0.0203125;-0.0603515625;-0.071875;-0.030859375;-0.0001953125;-0.025;0.075;0.075,61,10,0;1;2;3;4;5;6;7;8;9;10;11;12;13;14;15;16;17;18;19;20;21;22;23;24;25;26;27;28;29;30;31;32;33;34;35;36;37;38;39;40;41;42;43;44;45;46;47;48;49;50;51;52;53;54;55;56;57;58;59;60,0;7.03352018126;7.0355377104;7.03583050584;9.20733516433;13.0316082599;15.3008316073;15.3021417235;17.3750447617;19.8668268572;19.868734226;19.8762536836;23.197662427;23.2291348339;25.3700374595;28.3799956597;30.717350492;30.7183025953;30.7196138016;32.5811382953;32.5813167099;32.5814271396;33.6537050978;38.1220309642;39.28001853;40.6557281678;42.2112729823;45.8039092606;48.3388557329;48.3412071707;48.3414150156;51.9645931225;51.9676524164;54.4587483723;56.8361429573;56.8962729529;56.9471496323;60.2399947902;60.2445813095;69.083028571;69.6108665429;72.8873251063;74.9888545939;75.0598988391;75.0625726747;78.4593641908;80.4721000974;81.3469636914;82.011989477;83.5334959303;83.5339618873;84.0558461424;84.0572783575;84.1238016924;85.4726183551;85.4737708057;87.012837081;90.1497514229;90.1515009471;90.156024451;90.38646568,shinbrotDiscontinuityAwareBisection;shinbrotDiscontinuityAwareBisection;shinbrotDiscontinuityAwareBisection;shinbrotDiscontinuityAwareBisection;shinbrotDiscontinuityAwareBisection;shinbrotDiscontinuityAwareBisection;shinbrotDiscontinuityAwareBisection;shinbrotDiscontinuityAwareBisection;shinbrotDiscontinuityAwareBisection;shinbrotDiscontinuityAwareBisection;shinbrotDiscontinuityAwareBisection;shinbrotDiscontinuityAwareBisection;shinbrotDiscontinuityAwareBisection;shinbrotDiscontinuityAwareBisection;shinbrotDiscontinuityAwareBisection;shinbrotDiscontinuityAwareBisection;shinbrotDiscontinuityAwareBisection;shinbrotDiscontinuityAwareBisection;shinbrotDiscontinuityAwareBisection;shinbrotDiscontinuityAwareBisection;shinbrotDiscontinuityAwareBisection;shinbrotDiscontinuityAwareBisection;shinbrotDiscontinuityAwareBisection;shinbrotDiscontinuityAwareBisection;shinbrotDiscontinuityAwareBisection;shinbrotDiscontinuityAwareBisection;shinbrotDiscontinuityAwareBisection;shinbrotDiscontinuityAwareBisection;shinbrotDiscontinuityAwareBisection;shinbrotDiscontinuityAwareBisection;shinbrotDiscontinuityAwareBisection;shinbrotDiscontinuityAwareBisection;shinbrotDiscontinuityAwareBisection;shinbrotDiscontinuityAwareBisection;shinbrotDiscontinuityAwareBisection;shinbrotDiscontinuityAwareBisection;shinbrotDiscontinuityAwareBisection;shinbrotDiscontinuityAwareBisection;shinbrotDiscontinuityAwareBisection;shinbrotDiscontinuityAwareBisection;shinbrotDiscontinuityAwareBisection;shinbrotDiscontinuityAwareBisection;shinbrotDiscontinuityAwareBisection;shinbrotDiscontinuityAwareBisection;shinbrotDiscontinuityAwareBisection;shinbrotDiscontinuityAwareBisection;shinbrotDiscontinuityAwareBisection;shinbrotDiscontinuityAwareBisection;shinbrotDiscontinuityAwareBisection;shinbrotDiscontinuityAwareBisection;shinbrotDiscontinuityAwareBisection;shinbrotDiscontinuityAwareBisection;shinbrotDiscontinuityAwareBisection;shinbrotDiscontinuityAwareBisection;shinbrotDiscontinuityAwareBisection;shinbrotDiscontinuityAwareBisection;shinbrotDiscontinuityAwareBisection;shinbrotDiscontinuityAwareBisection;shinbrotDiscontinuityAwareBisection;shinbrotDiscontinuityAwareBisection;shinbrotDiscontinuityAwareBisection,0.08671875;-0.09375;-0.00161228179932;0.08232421875;-0.093359375;0.0375;0.0421875;-0.05;0.087109375;0.05078125;-0.1;-0.06484375;0.0671875;0.09921875;-0.071875;0.02421875;0.021875;-0.087109375;0.09609375;-0.00859375;0.0703125;-0.0296875;-0.0013671875;0.01328125;-0.0289794921875;NaN;-0.0109375;0.096484375;-0.0037841796875;0.0927734375;0.03125;-0.0921875;0.0625;0.0992125511169;NaN;NaN;NaN;-0.009375;0.0453125;-0.00078125;-0.0234375;0;-0.09375;0.0483825683594;-0.096875;0.09638671875;NaN;0.071875;-0.0203125;-0.0603515625;-0.071875;NaN;-0.030859375;NaN;-0.0001953125;-0.025;0.075;NaN;NaN;NaN;0.075,5.62523827794145,19.3542382779414,14.2983430068843,26.921,0,,47.2267137,0
0.5,4,201004,sectionRetargetMode,shinbrotDiscontinuityAwareBisection,0,NaN,NaN,73459,0.08671875,-0.005078125,0.08671875;-0.09765625;-0.08125;-0.091015625;-0.1;-0.00326843261719;-0.02109375;0.032421875;-0.05849609375;-0.096875;0.0515625;-0.00625;0;-0.0046875;0.082421875;-0.00908203125;-0.046875;-0.08828125;0.036328125;-0.06875;-0.0015625;-0.09375;-0.06953125;-0.01484375;-0.04375;0.05703125;-0.0078125;-0.064208984375;-0.0125;0.04453125;-0.06015625;-0.0015625;0.04970703125;-0.001171875;0.0109375;-0.03046875;-0.0328125;-0.0359375;-0.053125;0.0484375;0.0578125;0.09736328125;0.0973876953125;-0.09296875;0.09296875;0.0875;-0.0125;0.045703125;-0.09921875;0.0873046875;-0.01328125;-0.005078125,61,9,0;1;2;3;4;5;6;7;8;9;10;11;12;13;14;15;16;17;18;19;20;21;22;23;24;25;26;27;28;29;30;31;32;33;34;35;36;37;38;39;40;41;42;43;44;45;46;47;48;49;50;51;52;53;54;55;56;57;58;59;60,0;3.50690531621;5.57502421079;5.57515873499;6.2256365947;7.95177376123;7.96756934548;9.73701329562;15.6189676465;17.8672650748;17.8681101315;20.3563228147;20.3564814981;22.2475872845;32.5515831805;32.55389896;32.5629862076;33.8445263635;34.2931482127;35.4655323143;35.4890016763;35.4918454412;40.6664270837;40.6913575448;42.4690872179;45.5864153077;45.6218430267;45.6502215141;45.6509389947;45.6599070234;51.6601420838;52.4158014436;52.4160258965;52.416257324;52.4168128005;52.4177672492;53.2562363698;53.2579329012;53.2597961007;54.5942522283;54.6030299783;61.5507513329;61.551221293;62.3201371737;62.3206259712;62.3218036864;62.3250108035;63.98875048;66.2137668053;66.2256943236;66.9780073085;69.5284947469;69.5286811688;70.9485818831;71.0088532823;71.0091067275;71.0110415091;71.6386259623;73.4050518917;73.405429123;73.4297494468,shinbrotDiscontinuityAwareBisection;shinbrotDiscontinuityAwareBisection;shinbrotDiscontinuityAwareBisection;shinbrotDiscontinuityAwareBisection;shinbrotDiscontinuityAwareBisection;shinbrotDiscontinuityAwareBisection;shinbrotDiscontinuityAwareBisection;shinbrotDiscontinuityAwareBisection;shinbrotDiscontinuityAwareBisection;shinbrotDiscontinuityAwareBisection;shinbrotDiscontinuityAwareBisection;shinbrotDiscontinuityAwareBisection;shinbrotDiscontinuityAwareBisection;shinbrotDiscontinuityAwareBisection;shinbrotDiscontinuityAwareBisection;shinbrotDiscontinuityAwareBisection;shinbrotDiscontinuityAwareBisection;shinbrotDiscontinuityAwareBisection;shinbrotDiscontinuityAwareBisection;shinbrotDiscontinuityAwareBisection;shinbrotDiscontinuityAwareBisection;shinbrotDiscontinuityAwareBisection;shinbrotDiscontinuityAwareBisection;shinbrotDiscontinuityAwareBisection;shinbrotDiscontinuityAwareBisection;shinbrotDiscontinuityAwareBisection;shinbrotDiscontinuityAwareBisection;shinbrotDiscontinuityAwareBisection;shinbrotDiscontinuityAwareBisection;shinbrotDiscontinuityAwareBisection;shinbrotDiscontinuityAwareBisection;shinbrotDiscontinuityAwareBisection;shinbrotDiscontinuityAwareBisection;shinbrotDiscontinuityAwareBisection;shinbrotDiscontinuityAwareBisection;shinbrotDiscontinuityAwareBisection;shinbrotDiscontinuityAwareBisection;shinbrotDiscontinuityAwareBisection;shinbrotDiscontinuityAwareBisection;shinbrotDiscontinuityAwareBisection;shinbrotDiscontinuityAwareBisection;shinbrotDiscontinuityAwareBisection;shinbrotDiscontinuityAwareBisection;shinbrotDiscontinuityAwareBisection;shinbrotDiscontinuityAwareBisection;shinbrotDiscontinuityAwareBisection;shinbrotDiscontinuityAwareBisection;shinbrotDiscontinuityAwareBisection;shinbrotDiscontinuityAwareBisection;shinbrotDiscontinuityAwareBisection;shinbrotDiscontinuityAwareBisection;shinbrotDiscontinuityAwareBisection;shinbrotDiscontinuityAwareBisection;shinbrotDiscontinuityAwareBisection;shinbrotDiscontinuityAwareBisection;shinbrotDiscontinuityAwareBisection;shinbrotDiscontinuityAwareBisection;shinbrotDiscontinuityAwareBisection;shinbrotDiscontinuityAwareBisection;shinbrotDiscontinuityAwareBisection;shinbrotDiscontinuityAwareBisection,0.08671875;-0.09765625;-0.08125;-0.091015625;-0.1;-0.00326843261719;-0.02109375;NaN;0.032421875;NaN;-0.05849609375;-0.096875;0.0515625;-0.00625;0;-0.0046875;0.082421875;-0.00908203125;-0.046875;-0.08828125;0.036328125;-0.06875;-0.0015625;-0.09375;-0.06953125;-0.01484375;-0.04375;0.05703125;-0.0078125;-0.064208984375;-0.0125;0.04453125;-0.06015625;-0.0015625;0.04970703125;-0.001171875;0.0109375;-0.03046875;-0.0328125;-0.0359375;-0.053125;0.0484375;0.0578125;0.09736328125;0.0973876953125;-0.09296875;0.09296875;0.0875;NaN;-0.0125;0.045703125;-0.09921875;0.0873046875;-0.01328125;NaN;NaN;NaN;-0.005078125;NaN;NaN;NaN,3.40730636629059,10.3216936337094,7.97241657413038,26.921,0,,45.3266495,0
0.5,5,201005,sectionRetargetMode,shinbrotDiscontinuityAwareBisection,0,NaN,NaN,61094,0.08671875,0.08134765625,0.08671875;-0.0546875;0.0337890625;-0.0171875;-0.05;0.0048828125;0.0125;0.05;-0.0416015625;0.0978393554688;-0.010888671875;-0.09140625;-0.0705078125;0.025;0.084375;0.0140625;0.090625;0.05234375;0.0140625;-0.0328125;-0.0068359375;0.0296875;-0.01328125;-0.0625;0.009375;-0.07109375;-0.01953125;0.075;0.064453125;-0.06171875;-0.0765625;0.0578125;0.0125;-0.0828125;0.0625;-0.0212890625;-0.0890625;-0.046875;0.0794921875;-0.002734375;-0.046875;-0.0953125;-0.037548828125;0.03515625;0.02734375;0.0875;0.0125;0.1;0.0781127929688;-0.0837890625;-0.05986328125;0.033984375;0.01328125;-0.0125;-0.0594758987427;0.08134765625,61,5,0;1;2;3;4;5;6;7;8;9;10;11;12;13;14;15;16;17;18;19;20;21;22;23;24;25;26;27;28;29;30;31;32;33;34;35;36;37;38;39;40;41;42;43;44;45;46;47;48;49;50;51;52;53;54;55;56;57;58;59;60,0;0.931962573518;2.35539849299;4.45543266568;5.82084047523;5.82239639256;6.16393876105;6.16511129985;9.51275961218;9.74640893384;12.5419769323;12.5424483813;12.5427602094;12.5428140597;12.5428475907;15.2661855156;16.9670806131;16.9709302763;18.6429893848;19.1698445965;19.321015774;19.3235202665;19.7384266793;19.7580651216;19.7586644778;19.7686821824;19.7920963318;20.1877033104;21.791337146;24.301970847;24.6671766933;24.6865723551;24.6903877588;24.6904481767;24.6907920695;25.7571429984;30.0667565469;31.240078241;32.2172771424;32.2231062065;32.2298123248;32.2306287012;32.2590256575;32.2598223297;36.3402793928;37.1189982802;37.8874865839;37.8982097993;39.4408908843;39.441386714;43.2873639726;43.4160910542;45.8858967984;49.6745789469;53.3436399184;53.3451207847;55.0741394499;55.07493372;55.0752585765;61.0609774659;61.064475702,shinbrotDiscontinuityAwareBisection;shinbrotDiscontinuityAwareBisection;shinbrotDiscontinuityAwareBisection;shinbrotDiscontinuityAwareBisection;shinbrotDiscontinuityAwareBisection;shinbrotDiscontinuityAwareBisection;shinbrotDiscontinuityAwareBisection;shinbrotDiscontinuityAwareBisection;shinbrotDiscontinuityAwareBisection;shinbrotDiscontinuityAwareBisection;shinbrotDiscontinuityAwareBisection;shinbrotDiscontinuityAwareBisection;shinbrotDiscontinuityAwareBisection;shinbrotDiscontinuityAwareBisection;shinbrotDiscontinuityAwareBisection;shinbrotDiscontinuityAwareBisection;shinbrotDiscontinuityAwareBisection;shinbrotDiscontinuityAwareBisection;shinbrotDiscontinuityAwareBisection;shinbrotDiscontinuityAwareBisection;shinbrotDiscontinuityAwareBisection;shinbrotDiscontinuityAwareBisection;shinbrotDiscontinuityAwareBisection;shinbrotDiscontinuityAwareBisection;shinbrotDiscontinuityAwareBisection;shinbrotDiscontinuityAwareBisection;shinbrotDiscontinuityAwareBisection;shinbrotDiscontinuityAwareBisection;shinbrotDiscontinuityAwareBisection;shinbrotDiscontinuityAwareBisection;shinbrotDiscontinuityAwareBisection;shinbrotDiscontinuityAwareBisection;shinbrotDiscontinuityAwareBisection;shinbrotDiscontinuityAwareBisection;shinbrotDiscontinuityAwareBisection;shinbrotDiscontinuityAwareBisection;shinbrotDiscontinuityAwareBisection;shinbrotDiscontinuityAwareBisection;shinbrotDiscontinuityAwareBisection;shinbrotDiscontinuityAwareBisection;shinbrotDiscontinuityAwareBisection;shinbrotDiscontinuityAwareBisection;shinbrotDiscontinuityAwareBisection;shinbrotDiscontinuityAwareBisection;shinbrotDiscontinuityAwareBisection;shinbrotDiscontinuityAwareBisection;shinbrotDiscontinuityAwareBisection;shinbrotDiscontinuityAwareBisection;shinbrotDiscontinuityAwareBisection;shinbrotDiscontinuityAwareBisection;shinbrotDiscontinuityAwareBisection;shinbrotDiscontinuityAwareBisection;shinbrotDiscontinuityAwareBisection;shinbrotDiscontinuityAwareBisection;shinbrotDiscontinuityAwareBisection;shinbrotDiscontinuityAwareBisection;shinbrotDiscontinuityAwareBisection;shinbrotDiscontinuityAwareBisection;shinbrotDiscontinuityAwareBisection;shinbrotDiscontinuityAwareBisection;shinbrotDiscontinuityAwareBisection,0.08671875;-0.0546875;0.0337890625;-0.0171875;-0.05;0.0048828125;0.0125;0.05;NaN;-0.0416015625;0.0978393554688;-0.010888671875;-0.09140625;-0.0705078125;0.025;0.084375;0.0140625;0.090625;0.05234375;NaN;NaN;NaN;0.0140625;-0.0328125;-0.0068359375;0.0296875;-0.01328125;-0.0625;0.009375;-0.07109375;-0.01953125;0.075;0.064453125;-0.06171875;-0.0765625;0.0578125;0.0125;-0.0828125;0.0625;-0.0212890625;-0.0890625;-0.046875;0.0794921875;-0.002734375;-0.046875;-0.0953125;-0.037548828125;0.03515625;0.02734375;0.0875;NaN;0.0125;0.1;0.0781127929688;-0.0837890625;-0.05986328125;0.033984375;0.01328125;-0.0125;-0.0594758987427;0.08134765625,1.90626927599667,15.6352692759967,14.5077307997454,26.921,0,,66.6622271,0
0.5,6,201006,sectionRetargetMode,shinbrotDiscontinuityAwareBisection,0,NaN,NaN,74180,0.08671875,-0.08828125,0.08671875;-0.0056640625;-0.059375;-0.0140625;0.03203125;0.06875;-0.00078125;-0.066796875;-0.015625;0.0953125;-0.09609375;-0.021875;-0.08125;0.0125;-0.0625;0.078125;-0.065625;0.096875;-0.05078125;-0.0390625;-0.080859375;0.02392578125;-0.0453125;-0.06875;0.0203125;0.025;-0.0765625;0.0125;0.08017578125;0.00859375;0.09375;0.084375;0.092919921875;0.0140625;-0.00626220703125;0.0484375;-0.07890625;-0.0640625;-0.00859375;-0.1;0.03671875;0.029248046875;0.075;0.017578125;-0.029296875;-0.053125;0.00703125;-0.0875;-0.0296875;0.015625;-0.05625;0.03046875;0.096875;0.0685668945313;0.0739013671875;-0.0265625;-0.0580078125;-0.08828125,61,3,0;1;2;3;4;5;6;7;8;9;10;11;12;13;14;15;16;17;18;19;20;21;22;23;24;25;26;27;28;29;30;31;32;33;34;35;36;37;38;39;40;41;42;43;44;45;46;47;48;49;50;51;52;53;54;55;56;57;58;59;60,0;4.23245932809;5.31998512086;6.68916296107;6.69107224751;6.69120273852;6.69252435386;6.69261609439;9.84533591918;9.86991241545;9.87208826583;9.87416224352;9.88925770051;12.2320600318;12.2334278367;13.4319515498;13.4347143938;16.0943560147;16.4316153708;22.5405887848;23.0526515153;28.4381392593;28.4469639475;28.4471145777;28.4485978876;30.2946097613;31.818626581;31.8188301385;33.3175710445;38.5736100639;39.1688148129;39.4921608685;40.3440720428;42.5353028823;43.1921797387;45.8895199442;47.2348730857;47.2366020292;47.2781192901;49.7213122824;53.2199910622;56.2149724562;56.4502987651;56.6390133964;56.6499534137;56.6575482407;56.6583625925;56.660612897;56.6641027147;57.6183690796;65.8398395694;66.7120045068;66.7137320134;66.7145532472;66.715206495;68.3132059162;74.139496724;74.1459968823;74.1474140485;74.1482001735;74.1482649209,shinbrotDiscontinuityAwareBisection;shinbrotDiscontinuityAwareBisection;shinbrotDiscontinuityAwareBisection;shinbrotDiscontinuityAwareBisection;shinbrotDiscontinuityAwareBisection;shinbrotDiscontinuityAwareBisection;shinbrotDiscontinuityAwareBisection;shinbrotDiscontinuityAwareBisection;shinbrotDiscontinuityAwareBisection;shinbrotDiscontinuityAwareBisection;shinbrotDiscontinuityAwareBisection;shinbrotDiscontinuityAwareBisection;shinbrotDiscontinuityAwareBisection;shinbrotDiscontinuityAwareBisection;shinbrotDiscontinuityAwareBisection;shinbrotDiscontinuityAwareBisection;shinbrotDiscontinuityAwareBisection;shinbrotDiscontinuityAwareBisection;shinbrotDiscontinuityAwareBisection;shinbrotDiscontinuityAwareBisection;shinbrotDiscontinuityAwareBisection;shinbrotDiscontinuityAwareBisection;shinbrotDiscontinuityAwareBisection;shinbrotDiscontinuityAwareBisection;shinbrotDiscontinuityAwareBisection;shinbrotDiscontinuityAwareBisection;shinbrotDiscontinuityAwareBisection;shinbrotDiscontinuityAwareBisection;shinbrotDiscontinuityAwareBisection;shinbrotDiscontinuityAwareBisection;shinbrotDiscontinuityAwareBisection;shinbrotDiscontinuityAwareBisection;shinbrotDiscontinuityAwareBisection;shinbrotDiscontinuityAwareBisection;shinbrotDiscontinuityAwareBisection;shinbrotDiscontinuityAwareBisection;shinbrotDiscontinuityAwareBisection;shinbrotDiscontinuityAwareBisection;shinbrotDiscontinuityAwareBisection;shinbrotDiscontinuityAwareBisection;shinbrotDiscontinuityAwareBisection;shinbrotDiscontinuityAwareBisection;shinbrotDiscontinuityAwareBisection;shinbrotDiscontinuityAwareBisection;shinbrotDiscontinuityAwareBisection;shinbrotDiscontinuityAwareBisection;shinbrotDiscontinuityAwareBisection;shinbrotDiscontinuityAwareBisection;shinbrotDiscontinuityAwareBisection;shinbrotDiscontinuityAwareBisection;shinbrotDiscontinuityAwareBisection;shinbrotDiscontinuityAwareBisection;shinbrotDiscontinuityAwareBisection;shinbrotDiscontinuityAwareBisection;shinbrotDiscontinuityAwareBisection;shinbrotDiscontinuityAwareBisection;shinbrotDiscontinuityAwareBisection;shinbrotDiscontinuityAwareBisection;shinbrotDiscontinuityAwareBisection;shinbrotDiscontinuityAwareBisection;shinbrotDiscontinuityAwareBisection,0.08671875;-0.0056640625;-0.059375;-0.0140625;0.03203125;0.06875;-0.00078125;-0.066796875;-0.015625;0.0953125;-0.09609375;-0.021875;-0.08125;0.0125;-0.0625;0.078125;-0.065625;0.096875;-0.05078125;-0.0390625;-0.080859375;0.02392578125;-0.0453125;-0.06875;0.0203125;0.025;-0.0765625;0.0125;0.08017578125;0.00859375;0.09375;0.084375;0.092919921875;0.0140625;-0.00626220703125;0.0484375;-0.07890625;-0.0640625;-0.00859375;-0.1;NaN;NaN;NaN;0.03671875;0.029248046875;0.075;0.017578125;-0.029296875;-0.053125;0.00703125;-0.0875;-0.0296875;0.015625;-0.05625;0.03046875;0.096875;0.0685668945313;0.0739013671875;-0.0265625;-0.0580078125;-0.08828125,3.49975007970633,17.2287500797063,24.0788194023929,26.921,0,,52.5596089,0
0.5,7,201007,sectionRetargetMode,shinbrotDiscontinuityAwareBisection,0,NaN,NaN,79657,0.08671875,-0.089453125,0.08671875;0.066796875;-0.0453125;-0.0611328125;0.098828125;-0.0125;-0.005078125;-0.01005859375;0.069970703125;-0.08828125;-0.01953125;-0.0734375;-0.01904296875;-0.009375;0.0478515625;-0.073046875;-0.075;-0.0601928710937;0.075;0.01875;-0.0015625;-0.0532104492188;-0.02509765625;-0.04921875;0.040625;0.0734344482422;0.02109375;0.0619384765625;-0.0125;-0.0076171875;-0.04375;-0.05625;-0.0015625;-0.00390625;-0.08359375;0.0955078125;0.05625;0.0421875;-0.0703125;0.075;-0.0703125;-0.096484375;-0.00234375;-0.003515625;0.07490234375;0.02265625;-0.06875;0.012109375;-0.075;0.09296875;-0.0390625;0.0953125;0.099755859375;-0.015625;-0.021875;0.0859375;-0.00937767028809;-0.05546875;-0.089453125,61,2,0;1;2;3;4;5;6;7;8;9;10;11;12;13;14;15;16;17;18;19;20;21;22;23;24;25;26;27;28;29;30;31;32;33;34;35;36;37;38;39;40;41;42;43;44;45;46;47;48;49;50;51;52;53;54;55;56;57;58;59;60,0;0.0019150025219;0.0063892024319;0.620229337139;2.58748081489;2.59199630304;3.43195639437;4.64237153021;4.64244362775;5.58937493608;6.30112163257;12.6447902655;19.3492989508;21.0844280811;23.8290675721;25.5026492309;29.0072273206;29.0566701214;29.5562517454;30.9200921143;30.9272509528;30.9281614319;30.9314666031;30.9481526466;30.9491293658;30.9539447558;30.9619818298;30.9645431337;33.2173390319;33.217995994;33.2188763542;36.4873049901;36.4874549489;36.4881792831;44.3131665918;45.8956339801;47.6763356749;47.6766716565;47.676762472;51.056292453;56.7581183723;58.1663103078;59.2611801964;59.2623133178;59.2627873778;60.2667656944;62.5266163737;69.4502257172;70.0497498607;73.1073853774;75.352427378;76.9476953457;78.6824166004;78.6825174011;78.6839778066;78.6845165198;78.6861934297;78.6874963738;78.6899955243;78.6919735383;79.6303131179,shinbrotDiscontinuityAwareBisection;shinbrotDiscontinuityAwareBisection;shinbrotDiscontinuityAwareBisection;shinbrotDiscontinuityAwareBisection;shinbrotDiscontinuityAwareBisection;shinbrotDiscontinuityAwareBisection;shinbrotDiscontinuityAwareBisection;shinbrotDiscontinuityAwareBisection;shinbrotDiscontinuityAwareBisection;shinbrotDiscontinuityAwareBisection;shinbrotDiscontinuityAwareBisection;shinbrotDiscontinuityAwareBisection;shinbrotDiscontinuityAwareBisection;shinbrotDiscontinuityAwareBisection;shinbrotDiscontinuityAwareBisection;shinbrotDiscontinuityAwareBisection;shinbrotDiscontinuityAwareBisection;shinbrotDiscontinuityAwareBisection;shinbrotDiscontinuityAwareBisection;shinbrotDiscontinuityAwareBisection;shinbrotDiscontinuityAwareBisection;shinbrotDiscontinuityAwareBisection;shinbrotDiscontinuityAwareBisection;shinbrotDiscontinuityAwareBisection;shinbrotDiscontinuityAwareBisection;shinbrotDiscontinuityAwareBisection;shinbrotDiscontinuityAwareBisection;shinbrotDiscontinuityAwareBisection;shinbrotDiscontinuityAwareBisection;shinbrotDiscontinuityAwareBisection;shinbrotDiscontinuityAwareBisection;shinbrotDiscontinuityAwareBisection;shinbrotDiscontinuityAwareBisection;shinbrotDiscontinuityAwareBisection;shinbrotDiscontinuityAwareBisection;shinbrotDiscontinuityAwareBisection;shinbrotDiscontinuityAwareBisection;shinbrotDiscontinuityAwareBisection;shinbrotDiscontinuityAwareBisection;shinbrotDiscontinuityAwareBisection;shinbrotDiscontinuityAwareBisection;shinbrotDiscontinuityAwareBisection;shinbrotDiscontinuityAwareBisection;shinbrotDiscontinuityAwareBisection;shinbrotDiscontinuityAwareBisection;shinbrotDiscontinuityAwareBisection;shinbrotDiscontinuityAwareBisection;shinbrotDiscontinuityAwareBisection;shinbrotDiscontinuityAwareBisection;shinbrotDiscontinuityAwareBisection;shinbrotDiscontinuityAwareBisection;shinbrotDiscontinuityAwareBisection;shinbrotDiscontinuityAwareBisection;shinbrotDiscontinuityAwareBisection;shinbrotDiscontinuityAwareBisection;shinbrotDiscontinuityAwareBisection;shinbrotDiscontinuityAwareBisection;shinbrotDiscontinuityAwareBisection;shinbrotDiscontinuityAwareBisection;shinbrotDiscontinuityAwareBisection;shinbrotDiscontinuityAwareBisection,0.08671875;0.066796875;-0.0453125;-0.0611328125;0.098828125;-0.0125;-0.005078125;-0.01005859375;0.069970703125;-0.08828125;-0.01953125;-0.0734375;-0.01904296875;NaN;-0.009375;0.0478515625;-0.073046875;-0.075;-0.0601928710937;0.075;0.01875;-0.0015625;-0.0532104492188;-0.02509765625;-0.04921875;0.040625;0.0734344482422;0.02109375;0.0619384765625;-0.0125;-0.0076171875;-0.04375;-0.05625;-0.0015625;-0.00390625;-0.08359375;0.0955078125;0.05625;0.0421875;-0.0703125;0.075;-0.0703125;-0.096484375;-0.00234375;-0.003515625;0.07490234375;0.02265625;-0.06875;NaN;0.012109375;-0.075;0.09296875;-0.0390625;0.0953125;0.099755859375;-0.015625;-0.021875;0.0859375;-0.00937767028809;-0.05546875;-0.089453125,1.70980652285241,15.4388065228524,30.7431539712915,26.921,0,,65.7878135,0
0.5,8,201008,sectionRetargetMode,shinbrotDiscontinuityAwareBisection,0,NaN,NaN,81365,0.08671875,-0.084765625,0.08671875;-0.08125;-0.09140625;0.04609375;0.019921875;-0.0734375;0.0294921875;0.078125;-0.0078125;-0.051953125;0.0806640625;0.04921875;-0.01875;0.03125;0.04677734375;-0.025;-0.0283004760742;0.098291015625;-0.0125;0.04375;-0.057421875;0.0640625;0.015625;0.0923828125;0.0140625;-0.04375;-0.0140625;0.08515625;-0.0158203125;-0.03125;-0.062890625;0.0421875;-0.087890625;0.06640625;0.0228515625;-0.0109375;0.0640625;-0.096875;0.096875;-0.096875;-0.09375;0.0359375;-0.02265625;-0.0890625;-0.028125;-0.03125;0.009375;-0.0390625;-0.0125;-0.09375;-0.01640625;-0.08671875;0.03671875;-0.0203125;0.0515625;0.046875;0.0900390625;-0.084765625,61,3,0;1;2;3;4;5;6;7;8;9;10;11;12;13;14;15;16;17;18;19;20;21;22;23;24;25;26;27;28;29;30;31;32;33;34;35;36;37;38;39;40;41;42;43;44;45;46;47;48;49;50;51;52;53;54;55;56;57;58;59;60,0;0.000118547310596;0.00017347546163;3.70189488316;5.11639986336;5.51835680452;5.52115484027;5.73899420142;7.77762279683;7.80341960912;7.806361456;9.76862844761;18.2744785981;19.5600181579;23.667934196;23.6682871683;27.125590059;28.338503921;28.7782247747;29.6340124423;29.6345593125;33.8527299517;33.8537886777;33.9273732706;34.771737621;37.8732215531;37.8733864867;37.8742080208;42.1801480343;45.0391960912;45.0392852103;45.0398174043;45.0407831777;45.0430726551;45.0476087962;45.0476853381;49.1705762031;50.2522423636;50.675348079;50.6785755465;51.2321866844;53.6408366383;54.2346187879;54.6118586685;54.6181472403;54.6257700529;56.7832673983;58.1822151634;59.8132731872;59.814539544;64.0569773275;66.5727658775;66.9141043808;70.0431553755;74.8986656449;78.3259695181;79.5671768622;79.570062847;79.5701920816;81.3336584826;81.3348497656,shinbrotDiscontinuityAwareBisection;shinbrotDiscontinuityAwareBisection;shinbrotDiscontinuityAwareBisection;shinbrotDiscontinuityAwareBisection;shinbrotDiscontinuityAwareBisection;shinbrotDiscontinuityAwareBisection;shinbrotDiscontinuityAwareBisection;shinbrotDiscontinuityAwareBisection;shinbrotDiscontinuityAwareBisection;shinbrotDiscontinuityAwareBisection;shinbrotDiscontinuityAwareBisection;shinbrotDiscontinuityAwareBisection;shinbrotDiscontinuityAwareBisection;shinbrotDiscontinuityAwareBisection;shinbrotDiscontinuityAwareBisection;shinbrotDiscontinuityAwareBisection;shinbrotDiscontinuityAwareBisection;shinbrotDiscontinuityAwareBisection;shinbrotDiscontinuityAwareBisection;shinbrotDiscontinuityAwareBisection;shinbrotDiscontinuityAwareBisection;shinbrotDiscontinuityAwareBisection;shinbrotDiscontinuityAwareBisection;shinbrotDiscontinuityAwareBisection;shinbrotDiscontinuityAwareBisection;shinbrotDiscontinuityAwareBisection;shinbrotDiscontinuityAwareBisection;shinbrotDiscontinuityAwareBisection;shinbrotDiscontinuityAwareBisection;shinbrotDiscontinuityAwareBisection;shinbrotDiscontinuityAwareBisection;shinbrotDiscontinuityAwareBisection;shinbrotDiscontinuityAwareBisection;shinbrotDiscontinuityAwareBisection;shinbrotDiscontinuityAwareBisection;shinbrotDiscontinuityAwareBisection;shinbrotDiscontinuityAwareBisection;shinbrotDiscontinuityAwareBisection;shinbrotDiscontinuityAwareBisection;shinbrotDiscontinuityAwareBisection;shinbrotDiscontinuityAwareBisection;shinbrotDiscontinuityAwareBisection;shinbrotDiscontinuityAwareBisection;shinbrotDiscontinuityAwareBisection;shinbrotDiscontinuityAwareBisection;shinbrotDiscontinuityAwareBisection;shinbrotDiscontinuityAwareBisection;shinbrotDiscontinuityAwareBisection;shinbrotDiscontinuityAwareBisection;shinbrotDiscontinuityAwareBisection;shinbrotDiscontinuityAwareBisection;shinbrotDiscontinuityAwareBisection;shinbrotDiscontinuityAwareBisection;shinbrotDiscontinuityAwareBisection;shinbrotDiscontinuityAwareBisection;shinbrotDiscontinuityAwareBisection;shinbrotDiscontinuityAwareBisection;shinbrotDiscontinuityAwareBisection;shinbrotDiscontinuityAwareBisection;shinbrotDiscontinuityAwareBisection;shinbrotDiscontinuityAwareBisection,0.08671875;-0.08125;-0.09140625;0.04609375;0.019921875;-0.0734375;0.0294921875;NaN;0.078125;-0.0078125;-0.051953125;0.0806640625;0.04921875;-0.01875;0.03125;0.04677734375;-0.025;-0.0283004760742;0.098291015625;-0.0125;0.04375;-0.057421875;0.0640625;NaN;0.015625;0.0923828125;0.0140625;-0.04375;-0.0140625;0.08515625;-0.0158203125;-0.03125;-0.062890625;0.0421875;-0.087890625;0.06640625;0.0228515625;-0.0109375;0.0640625;-0.096875;0.096875;NaN;-0.096875;-0.09375;0.0359375;-0.02265625;-0.0890625;-0.028125;-0.03125;0.009375;-0.0390625;-0.0125;-0.09375;-0.01640625;-0.08671875;0.03671875;-0.0203125;0.0515625;0.046875;0.0900390625;-0.084765625,2.78869732317838,16.5176973231784,20.3250657886988,26.921,0,,57.513491,0
0.5,9,201009,sectionRetargetMode,shinbrotDiscontinuityAwareBisection,0,NaN,NaN,81471,0.08671875,0.0984375,0.08671875;-0.0046875;0.03515625;-9.765625e-05;0.01328125;-0.0998046875;0.0803321838379;-0.0015625;-0.075;0.0933837890625;-0.06171875;0.098828125;0.09765625;-0.051171875;0.018505859375;-0.05703125;-0.05390625;-0.0888671875;0.0625;-0.091259765625;-0.07890625;-0.075;0.06640625;0.0796875;0.09609375;0.0482421875;0.05;0.06875;0.009375;0.0984375;0.0140625;0.08984375;-0.0625;-0.09453125;0.025;0.025;0.0193359375;-0.053125;-0.01484375;0.0654541015625;-0.08125;-0.0375;0.0929595947266;-0.03125;-0.07646484375;-0.065625;-0.09658203125;-0.076953125;-0.06484375;-0.09375;-0.0671875;-0.0375;0.01796875;0.03125;0.0948608398437;0.0984375,61,5,0;1;2;3;4;5;6;7;8;9;10;11;12;13;14;15;16;17;18;19;20;21;22;23;24;25;26;27;28;29;30;31;32;33;34;35;36;37;38;39;40;41;42;43;44;45;46;47;48;49;50;51;52;53;54;55;56;57;58;59;60,0;0.907698539914;1.35601239249;2.05855849453;4.69174037145;4.69193564961;5.51234396609;5.51872763701;7.01357059562;7.03534817123;7.03598635349;7.84762133307;11.1255390117;11.1381821058;11.1387556299;18.1299590304;19.7971148599;21.2219630254;21.2229132192;23.7842119784;24.0284933935;25.3693246602;27.927436102;27.9322941942;28.6311835488;29.7138982343;29.7221631148;34.1227279772;37.7980698828;37.8228753092;42.9505236152;47.8603241053;47.8612870475;47.8629603876;47.863144183;47.8667126046;47.8716337822;47.8935644163;47.9001875949;47.9120639457;47.9133129308;50.8012094882;53.0815988585;53.0848063725;53.4863908154;55.1097080134;60.3353916674;61.8404456913;61.9273427437;61.9320958909;61.9390607987;61.9455717155;69.9507775717;72.9380199951;72.9382475719;72.941423245;73.820535346;75.3705414358;78.7311767225;81.1175498119;81.4430486322,shinbrotDiscontinuityAwareBisection;shinbrotDiscontinuityAwareBisection;shinbrotDiscontinuityAwareBisection;shinbrotDiscontinuityAwareBisection;shinbrotDiscontinuityAwareBisection;shinbrotDiscontinuityAwareBisection;shinbrotDiscontinuityAwareBisection;shinbrotDiscontinuityAwareBisection;shinbrotDiscontinuityAwareBisection;shinbrotDiscontinuityAwareBisection;shinbrotDiscontinuityAwareBisection;shinbrotDiscontinuityAwareBisection;shinbrotDiscontinuityAwareBisection;shinbrotDiscontinuityAwareBisection;shinbrotDiscontinuityAwareBisection;shinbrotDiscontinuityAwareBisection;shinbrotDiscontinuityAwareBisection;shinbrotDiscontinuityAwareBisection;shinbrotDiscontinuityAwareBisection;shinbrotDiscontinuityAwareBisection;shinbrotDiscontinuityAwareBisection;shinbrotDiscontinuityAwareBisection;shinbrotDiscontinuityAwareBisection;shinbrotDiscontinuityAwareBisection;shinbrotDiscontinuityAwareBisection;shinbrotDiscontinuityAwareBisection;shinbrotDiscontinuityAwareBisection;shinbrotDiscontinuityAwareBisection;shinbrotDiscontinuityAwareBisection;shinbrotDiscontinuityAwareBisection;shinbrotDiscontinuityAwareBisection;shinbrotDiscontinuityAwareBisection;shinbrotDiscontinuityAwareBisection;shinbrotDiscontinuityAwareBisection;shinbrotDiscontinuityAwareBisection;shinbrotDiscontinuityAwareBisection;shinbrotDiscontinuityAwareBisection;shinbrotDiscontinuityAwareBisection;shinbrotDiscontinuityAwareBisection;shinbrotDiscontinuityAwareBisection;shinbrotDiscontinuityAwareBisection;shinbrotDiscontinuityAwareBisection;shinbrotDiscontinuityAwareBisection;shinbrotDiscontinuityAwareBisection;shinbrotDiscontinuityAwareBisection;shinbrotDiscontinuityAwareBisection;shinbrotDiscontinuityAwareBisection;shinbrotDiscontinuityAwareBisection;shinbrotDiscontinuityAwareBisection;shinbrotDiscontinuityAwareBisection;shinbrotDiscontinuityAwareBisection;shinbrotDiscontinuityAwareBisection;shinbrotDiscontinuityAwareBisection;shinbrotDiscontinuityAwareBisection;shinbrotDiscontinuityAwareBisection;shinbrotDiscontinuityAwareBisection;shinbrotDiscontinuityAwareBisection;shinbrotDiscontinuityAwareBisection;shinbrotDiscontinuityAwareBisection;shinbrotDiscontinuityAwareBisection;shinbrotDiscontinuityAwareBisection,0.08671875;-0.0046875;0.03515625;-9.765625e-05;0.01328125;-0.0998046875;0.0803321838379;-0.0015625;-0.075;0.0933837890625;-0.06171875;0.098828125;0.09765625;-0.051171875;0.018505859375;-0.05703125;-0.05390625;-0.0888671875;0.0625;NaN;-0.091259765625;-0.07890625;NaN;-0.075;0.06640625;0.0796875;0.09609375;0.0482421875;NaN;NaN;0.05;0.06875;0.009375;0.0984375;0.0140625;0.08984375;-0.0625;-0.09453125;NaN;0.025;0.025;0.0193359375;-0.053125;-0.01484375;0.0654541015625;-0.08125;-0.0375;0.0929595947266;-0.03125;-0.07646484375;-0.065625;-0.09658203125;-0.076953125;-0.06484375;-0.09375;-0.0671875;-0.0375;0.01796875;0.03125;0.0948608398437;0.0984375,5.035027248841,8.693972751159,18.2507338860317,26.921,0,,50.6590831,0
0.5,10,201010,sectionRetargetMode,shinbrotDiscontinuityAwareBisection,1,56,44.1520549858706,44183,0.08671875,0.07939453125,0.08671875;0.09375;0.0720703125;0.071875;0.090625;-0.07734375;0.0314453125;-0.00625;-0.0578125;0.0578125;0.06796875;-0.05;-0.0388854980469;-0.06328125;-0.025;0;-0.01015625;-0.09453125;-0.090625;0.092578125;0.096875;0.00625;0.0187477111816;-0.06015625;-0.1;-0.01484375;0.025;-0.0140625;-0.05;-0.07890625;-0.02421875;0.07734375;0.075;-0.0875;0.0908203125;0.0375;0.034375;-0.09140625;0.065625;-0.00390625;-0.0046875;0.1;-0.075;-0.08173828125;-0.071875;-0.053515625;-0.0125;-0.01875;-0.0734375;-0.09755859375;0.07939453125,56,5,0;1;2;3;4;5;6;7;8;9;10;11;12;13;14;15;16;17;18;19;20;21;22;23;24;25;26;27;28;29;30;31;32;33;34;35;36;37;38;39;40;41;42;43;44;45;46;47;48;49;50;51;52;53;54;55,0;0.0109312745879;0.0126656851065;0.701394144311;1.60175917547;6.475565415;6.47655093731;6.48165260935;7.92792074633;8.75618630867;8.75854917124;9.98602594844;11.1019560708;11.1020085904;11.1020224068;11.1020636114;12.527455305;15.5641063073;16.3178084432;18.5194794058;18.5197459934;18.5199495783;20.8557338605;23.4314981429;23.4485392714;23.5606891591;23.5728069045;24.3188367474;24.3197192524;24.3236419979;25.0074504675;25.0092680144;25.0093039122;25.0109716996;27.2411255632;27.2435540473;27.2442016068;27.2462042344;29.010874949;29.0214454606;29.584721931;30.4348871798;30.4359602033;31.1399913797;31.1402637345;32.0526372331;33.2699234933;33.281123089;35.8186574571;36.085298422;38.0799140754;38.9419115452;41.6875586367;43.4142162795;43.4143786724;44.1479694798,shinbrotDiscontinuityAwareBisection;shinbrotDiscontinuityAwareBisection;shinbrotDiscontinuityAwareBisection;shinbrotDiscontinuityAwareBisection;shinbrotDiscontinuityAwareBisection;shinbrotDiscontinuityAwareBisection;shinbrotDiscontinuityAwareBisection;shinbrotDiscontinuityAwareBisection;shinbrotDiscontinuityAwareBisection;shinbrotDiscontinuityAwareBisection;shinbrotDiscontinuityAwareBisection;shinbrotDiscontinuityAwareBisection;shinbrotDiscontinuityAwareBisection;shinbrotDiscontinuityAwareBisection;shinbrotDiscontinuityAwareBisection;shinbrotDiscontinuityAwareBisection;shinbrotDiscontinuityAwareBisection;shinbrotDiscontinuityAwareBisection;shinbrotDiscontinuityAwareBisection;shinbrotDiscontinuityAwareBisection;shinbrotDiscontinuityAwareBisection;shinbrotDiscontinuityAwareBisection;shinbrotDiscontinuityAwareBisection;shinbrotDiscontinuityAwareBisection;shinbrotDiscontinuityAwareBisection;shinbrotDiscontinuityAwareBisection;shinbrotDiscontinuityAwareBisection;shinbrotDiscontinuityAwareBisection;shinbrotDiscontinuityAwareBisection;shinbrotDiscontinuityAwareBisection;shinbrotDiscontinuityAwareBisection;shinbrotDiscontinuityAwareBisection;shinbrotDiscontinuityAwareBisection;shinbrotDiscontinuityAwareBisection;shinbrotDiscontinuityAwareBisection;shinbrotDiscontinuityAwareBisection;shinbrotDiscontinuityAwareBisection;shinbrotDiscontinuityAwareBisection;shinbrotDiscontinuityAwareBisection;shinbrotDiscontinuityAwareBisection;shinbrotDiscontinuityAwareBisection;shinbrotDiscontinuityAwareBisection;shinbrotDiscontinuityAwareBisection;shinbrotDiscontinuityAwareBisection;shinbrotDiscontinuityAwareBisection;shinbrotDiscontinuityAwareBisection;shinbrotDiscontinuityAwareBisection;shinbrotDiscontinuityAwareBisection;shinbrotDiscontinuityAwareBisection;shinbrotDiscontinuityAwareBisection;shinbrotDiscontinuityAwareBisection;shinbrotDiscontinuityAwareBisection;shinbrotDiscontinuityAwareBisection;shinbrotDiscontinuityAwareBisection;shinbrotDiscontinuityAwareBisection;shinbrotDiscontinuityAwareBisection,0.08671875;0.09375;0.0720703125;0.071875;0.090625;NaN;NaN;NaN;-0.07734375;0.0314453125;-0.00625;-0.0578125;0.0578125;0.06796875;-0.05;-0.0388854980469;-0.06328125;-0.025;0;-0.01015625;-0.09453125;-0.090625;0.092578125;0.096875;0.00625;0.0187477111816;-0.06015625;-0.1;-0.01484375;0.025;-0.0140625;-0.05;-0.07890625;-0.02421875;0.07734375;0.075;-0.0875;0.0908203125;0.0375;0.034375;-0.09140625;0.065625;-0.00390625;-0.0046875;0.1;-0.075;-0.08173828125;-0.071875;-0.053515625;-0.0125;-0.01875;NaN;NaN;-0.0734375;-0.09755859375;0.07939453125,0.00684173783080055,13.7221582621692,18.376547366142,26.921,0,,43.1749073,0
1,1,202001,sectionRetargetMode,shinbrotDiscontinuityAwareBisection,1,38,28.6888299557319,28708,0.08671875,0.02490234375,0.08671875;-0.062109375;-0.0888671875;-0.00205078125;0;0.06953125;-0.0125;-0.08564453125;0.0625;-0.04140625;-0.028125;-0.078125;-0.006298828125;0.0234375;-0.0765625;0.0078125;0.04296875;-0.09453125;0.01015625;-0.05;-0.009375;0.068359375;-0.025;-0.075;0.0949340820312;-0.0751953125;0.08125;-0.0025390625;-0.034375;0.0836212158203;0.0296875;0.1;-0.005078125;-0.037890625;0.08046875;0.02490234375,38,2,0;1;2;3;4;5;6;7;8;9;10;11;12;13;14;15;16;17;18;19;20;21;22;23;24;25;26;27;28;29;30;31;32;33;34;35;36;37,0;0.00254910479422;1.1469799924;6.66075527185;7.41713277247;7.42774742069;10.6862715733;11.3151240709;11.3231402854;11.669800129;11.8960737957;12.7021884816;13.2442692623;14.1120056588;14.1123418902;15.7141794178;15.7152300999;15.7165868785;15.7184416061;15.732300948;15.8032092701;16.9075422024;19.9614992029;19.9659106882;19.9783370209;19.9796092647;20.8098173375;21.0093911077;21.0100713683;21.0674015319;25.1436980379;25.144577253;25.4988914377;25.5169181864;25.5401282291;25.5505072262;26.5482865599;27.7118732985,shinbrotDiscontinuityAwareBisection;shinbrotDiscontinuityAwareBisection;shinbrotDiscontinuityAwareBisection;shinbrotDiscontinuityAwareBisection;shinbrotDiscontinuityAwareBisection;shinbrotDiscontinuityAwareBisection;shinbrotDiscontinuityAwareBisection;shinbrotDiscontinuityAwareBisection;shinbrotDiscontinuityAwareBisection;shinbrotDiscontinuityAwareBisection;shinbrotDiscontinuityAwareBisection;shinbrotDiscontinuityAwareBisection;shinbrotDiscontinuityAwareBisection;shinbrotDiscontinuityAwareBisection;shinbrotDiscontinuityAwareBisection;shinbrotDiscontinuityAwareBisection;shinbrotDiscontinuityAwareBisection;shinbrotDiscontinuityAwareBisection;shinbrotDiscontinuityAwareBisection;shinbrotDiscontinuityAwareBisection;shinbrotDiscontinuityAwareBisection;shinbrotDiscontinuityAwareBisection;shinbrotDiscontinuityAwareBisection;shinbrotDiscontinuityAwareBisection;shinbrotDiscontinuityAwareBisection;shinbrotDiscontinuityAwareBisection;shinbrotDiscontinuityAwareBisection;shinbrotDiscontinuityAwareBisection;shinbrotDiscontinuityAwareBisection;shinbrotDiscontinuityAwareBisection;shinbrotDiscontinuityAwareBisection;shinbrotDiscontinuityAwareBisection;shinbrotDiscontinuityAwareBisection;shinbrotDiscontinuityAwareBisection;shinbrotDiscontinuityAwareBisection;shinbrotDiscontinuityAwareBisection;shinbrotDiscontinuityAwareBisection;shinbrotDiscontinuityAwareBisection,0.08671875;-0.062109375;-0.0888671875;-0.00205078125;0;0.06953125;-0.0125;-0.08564453125;0.0625;NaN;-0.04140625;-0.028125;-0.078125;-0.006298828125;0.0234375;-0.0765625;0.0078125;0.04296875;-0.09453125;0.01015625;-0.05;-0.009375;0.068359375;-0.025;-0.075;0.0949340820312;NaN;-0.0751953125;0.08125;-0.0025390625;-0.034375;0.0836212158203;0.0296875;0.1;-0.005078125;-0.037890625;0.08046875;0.02490234375,0.00644731637434326,13.7354473163743,29.9129275932016,26.921,0,,39.3767542,0
1,2,202002,sectionRetargetMode,shinbrotDiscontinuityAwareBisection,1,45,48.8084369406492,48829,0.08671875,0.0484375,0.08671875;0.08046875;-0.009375;-0.0421875;0.0578125;-0.08125;-0.02265625;-0.071875;-0.0125;-0.0375;-0.00078125;-0.06875;-0.04921875;0.08994140625;0.071875;-0.053125;0.0375;-0.0966796875;-0.0796875;-0.05;-0.0921875;0.0234375;-0.0671875;0.0892578125;-0.05;0.0234375;0.1;0.0993896484375;-0.0875;0.00595703125;0.088671875;-0.00859375;-0.09765625;0;0.0328125;0.059375;-0.08125;0.087255859375;0.08828125;0.025;0.0484375,45,4,0;1;2;3;4;5;6;7;8;9;10;11;12;13;14;15;16;17;18;19;20;21;22;23;24;25;26;27;28;29;30;31;32;33;34;35;36;37;38;39;40;41;42;43;44,0;0.0278725835714;0.0286727365452;0.038095774183;1.76453853013;1.7678702759;2.83370564067;3.34140802727;3.34773168962;5.64340697057;5.67685351053;5.7191427769;5.92311760275;7.67299301631;7.71053247649;14.4051994919;14.4456836094;14.4866165547;15.6359009439;17.7289473216;21.1642530638;21.1738223968;21.4035043329;23.0071147848;23.010268358;23.3960664437;23.6215588375;27.0285546383;27.0315294911;27.0339936321;27.3345807427;27.3466241541;32.5892636173;32.5903722924;35.4105464642;35.4145380821;38.4269474531;39.5263099279;40.3879766522;41.9326089094;42.6849595459;44.3856429611;44.3874451517;48.093572028;48.0941730863,shinbrotDiscontinuityAwareBisection;shinbrotDiscontinuityAwareBisection;shinbrotDiscontinuityAwareBisection;shinbrotDiscontinuityAwareBisection;shinbrotDiscontinuityAwareBisection;shinbrotDiscontinuityAwareBisection;shinbrotDiscontinuityAwareBisection;shinbrotDiscontinuityAwareBisection;shinbrotDiscontinuityAwareBisection;shinbrotDiscontinuityAwareBisection;shinbrotDiscontinuityAwareBisection;shinbrotDiscontinuityAwareBisection;shinbrotDiscontinuityAwareBisection;shinbrotDiscontinuityAwareBisection;shinbrotDiscontinuityAwareBisection;shinbrotDiscontinuityAwareBisection;shinbrotDiscontinuityAwareBisection;shinbrotDiscontinuityAwareBisection;shinbrotDiscontinuityAwareBisection;shinbrotDiscontinuityAwareBisection;shinbrotDiscontinuityAwareBisection;shinbrotDiscontinuityAwareBisection;shinbrotDiscontinuityAwareBisection;shinbrotDiscontinuityAwareBisection;shinbrotDiscontinuityAwareBisection;shinbrotDiscontinuityAwareBisection;shinbrotDiscontinuityAwareBisection;shinbrotDiscontinuityAwareBisection;shinbrotDiscontinuityAwareBisection;shinbrotDiscontinuityAwareBisection;shinbrotDiscontinuityAwareBisection;shinbrotDiscontinuityAwareBisection;shinbrotDiscontinuityAwareBisection;shinbrotDiscontinuityAwareBisection;shinbrotDiscontinuityAwareBisection;shinbrotDiscontinuityAwareBisection;shinbrotDiscontinuityAwareBisection;shinbrotDiscontinuityAwareBisection;shinbrotDiscontinuityAwareBisection;shinbrotDiscontinuityAwareBisection;shinbrotDiscontinuityAwareBisection;shinbrotDiscontinuityAwareBisection;shinbrotDiscontinuityAwareBisection;shinbrotDiscontinuityAwareBisection;shinbrotDiscontinuityAwareBisection,0.08671875;0.08046875;-0.009375;-0.0421875;0.0578125;-0.08125;-0.02265625;-0.071875;-0.0125;-0.0375;-0.00078125;NaN;-0.06875;-0.04921875;0.08994140625;0.071875;-0.053125;0.0375;-0.0966796875;-0.0796875;-0.05;-0.0921875;0.0234375;-0.0671875;0.0892578125;-0.05;NaN;0.0234375;0.1;0.0993896484375;-0.0875;NaN;0.00595703125;0.088671875;-0.00859375;-0.09765625;0;0.0328125;0.059375;-0.08125;NaN;0.087255859375;0.08828125;0.025;0.0484375,0.00510462086858077,13.7341046208686,22.7723114863603,26.921,0,,36.6102907,0
1,3,202003,sectionRetargetMode,shinbrotDiscontinuityAwareBisection,0,NaN,NaN,69379,0.08671875,-0.0484375,0.08671875;-0.04375;-0.043359375;-0.04375;-0.05234375;-0.0625;-0.0974609375;0.0929565429688;-0.054296875;0.0983116149902;0.0990234375;-0.0144592285156;-0.0875;-0.04375;0.08984375;-0.021875;-0.0728515625;0.06875;-0.015234375;-0.034375;0.04794921875;-0.08125;-0.00635986328125;0.0515625;0.0125;0.098876953125;-0.0453125;0.07470703125;0.0546875;0.094921875;0.08515625;0.0015625;0.082421875;0.03203125;0.0296875;0.048046875;0.1;0.03125;-0.0890625;-0.0859375;-0.0130859375;-0.012744140625;0.1;-0.021875;-0.0140625;-0.084375;0.040625;-0.08046875;-0.0375;0.0265625;0.0728515625;0.0861328125;0.0578125;0.05;0.0984375;-0.06875;-0.014501953125;-0.0828125;-0.0953125;-0.039453125;-0.0484375,61,0,0;1;2;3;4;5;6;7;8;9;10;11;12;13;14;15;16;17;18;19;20;21;22;23;24;25;26;27;28;29;30;31;32;33;34;35;36;37;38;39;40;41;42;43;44;45;46;47;48;49;50;51;52;53;54;55;56;57;58;59;60,0;0.0293270603097;5.06304984962;5.06679061185;5.66797751547;6.40426150605;6.40880416717;6.41022988542;7.36059556454;9.97885246326;9.99846282704;10.4765070813;11.2832322983;12.4704182334;12.4775361651;13.5796522109;13.5809273357;13.5818030903;13.5819092364;13.5848910635;15.6309147937;16.2766836405;21.4642469621;23.1767807043;23.1778388356;24.4256472529;25.0485769047;27.6786184601;27.6818253766;29.2610239093;29.6875140489;32.5993439207;36.2047184702;37.6949367243;37.695113272;39.8736099405;40.7713900301;40.8064801456;42.1220667685;42.1237319432;43.9291527755;47.5964692914;51.2209556764;51.2230219924;51.2257247975;51.2302078124;51.2380540667;57.4789600246;57.4851218385;58.6323350895;58.9616733778;62.2493989353;62.2524078286;64.2613928395;64.2616813183;64.796898838;66.0811326044;67.1669402637;67.1685268246;67.1697149013;69.3453127965,shinbrotDiscontinuityAwareBisection;shinbrotDiscontinuityAwareBisection;shinbrotDiscontinuityAwareBisection;shinbrotDiscontinuityAwareBisection;shinbrotDiscontinuityAwareBisection;shinbrotDiscontinuityAwareBisection;shinbrotDiscontinuityAwareBisection;shinbrotDiscontinuityAwareBisection;shinbrotDiscontinuityAwareBisection;shinbrotDiscontinuityAwareBisection;shinbrotDiscontinuityAwareBisection;shinbrotDiscontinuityAwareBisection;shinbrotDiscontinuityAwareBisection;shinbrotDiscontinuityAwareBisection;shinbrotDiscontinuityAwareBisection;shinbrotDiscontinuityAwareBisection;shinbrotDiscontinuityAwareBisection;shinbrotDiscontinuityAwareBisection;shinbrotDiscontinuityAwareBisection;shinbrotDiscontinuityAwareBisection;shinbrotDiscontinuityAwareBisection;shinbrotDiscontinuityAwareBisection;shinbrotDiscontinuityAwareBisection;shinbrotDiscontinuityAwareBisection;shinbrotDiscontinuityAwareBisection;shinbrotDiscontinuityAwareBisection;shinbrotDiscontinuityAwareBisection;shinbrotDiscontinuityAwareBisection;shinbrotDiscontinuityAwareBisection;shinbrotDiscontinuityAwareBisection;shinbrotDiscontinuityAwareBisection;shinbrotDiscontinuityAwareBisection;shinbrotDiscontinuityAwareBisection;shinbrotDiscontinuityAwareBisection;shinbrotDiscontinuityAwareBisection;shinbrotDiscontinuityAwareBisection;shinbrotDiscontinuityAwareBisection;shinbrotDiscontinuityAwareBisection;shinbrotDiscontinuityAwareBisection;shinbrotDiscontinuityAwareBisection;shinbrotDiscontinuityAwareBisection;shinbrotDiscontinuityAwareBisection;shinbrotDiscontinuityAwareBisection;shinbrotDiscontinuityAwareBisection;shinbrotDiscontinuityAwareBisection;shinbrotDiscontinuityAwareBisection;shinbrotDiscontinuityAwareBisection;shinbrotDiscontinuityAwareBisection;shinbrotDiscontinuityAwareBisection;shinbrotDiscontinuityAwareBisection;shinbrotDiscontinuityAwareBisection;shinbrotDiscontinuityAwareBisection;shinbrotDiscontinuityAwareBisection;shinbrotDiscontinuityAwareBisection;shinbrotDiscontinuityAwareBisection;shinbrotDiscontinuityAwareBisection;shinbrotDiscontinuityAwareBisection;shinbrotDiscontinuityAwareBisection;shinbrotDiscontinuityAwareBisection;shinbrotDiscontinuityAwareBisection;shinbrotDiscontinuityAwareBisection,0.08671875;-0.04375;-0.043359375;-0.04375;-0.05234375;-0.0625;-0.0974609375;0.0929565429688;-0.054296875;0.0983116149902;0.0990234375;-0.0144592285156;-0.0875;-0.04375;0.08984375;-0.021875;-0.0728515625;0.06875;-0.015234375;-0.034375;0.04794921875;-0.08125;-0.00635986328125;0.0515625;0.0125;0.098876953125;-0.0453125;0.07470703125;0.0546875;0.094921875;0.08515625;0.0015625;0.082421875;0.03203125;0.0296875;0.048046875;0.1;0.03125;-0.0890625;-0.0859375;-0.0130859375;-0.012744140625;0.1;-0.021875;-0.0140625;-0.084375;0.040625;-0.08046875;-0.0375;0.0265625;0.0728515625;0.0861328125;0.0578125;0.05;0.0984375;-0.06875;-0.014501953125;-0.0828125;-0.0953125;-0.039453125;-0.0484375,9.65887907968562,23.3878790796856,32.9818850231634,26.921,0,,71.4676552,0
1,4,202004,sectionRetargetMode,shinbrotDiscontinuityAwareBisection,0,NaN,NaN,57311,0.08671875,-0.00078125,0.08671875;0.05625;-0.05390625;-0.000927734375;-0.00546875;-0.0125;-0.099609375;-0.090625;-0.1;-0.0203125;-0.0625;-0.028125;-0.0375;-0.0859375;-0.0421875;-0.083984375;0;-0.0896484375;-0.062109375;-0.05;-0.025;0.05;0.09853515625;0.046875;-0.0970703125;0.095703125;-0.05078125;-0.0125;-0.04375;0.03125;0.0703125;-0.0421875;0.05;0.08271484375;-0.0001953125;-0.02646484375;0.09375;-0.04140625;0.04453125;0.009375;0.02578125;0.021875;0.01875;0.08125;-0.084375;-0.028125;0.025;0.0265625;-0.0203125;-0.003125;0.096875;-0.0609375;0.05654296875;-0.009375;-0.0375;0.0984375;0.040625;-0.01875;-0.0333251953125;-0.00078125,61,1,0;1;2;3;4;5;6;7;8;9;10;11;12;13;14;15;16;17;18;19;20;21;22;23;24;25;26;27;28;29;30;31;32;33;34;35;36;37;38;39;40;41;42;43;44;45;46;47;48;49;50;51;52;53;54;55;56;57;58;59;60,0;0.0365420278171;0.51092765157;0.511061428256;1.26255274044;1.26292590588;1.30261508844;5.10251835434;5.10319031881;12.2142680881;12.2186010807;13.9745837607;16.6207781373;16.6208168032;16.6208862424;17.9863709512;26.0827859669;26.0832588076;26.0840693906;27.3957229558;27.3977671418;29.1280238839;29.9649311887;29.9665846772;31.274193168;32.4035900198;33.366855128;33.5931684153;33.6390536555;33.9864320831;38.8239259739;38.8269538964;38.8307962461;38.8312941608;38.8319445441;38.8323414432;39.4825477336;40.911900974;42.9927744442;43.2982367303;43.4033388097;43.4180243191;43.4270290289;44.8454857651;44.8783050047;44.8789656045;44.8840660788;47.9410425633;48.7514433652;49.2415996615;51.75168013;51.7556648292;51.7565606235;53.9587987136;53.9589381543;54.8541648105;55.3151110176;56.6541316912;57.2669924825;57.2744113258;57.2788757697,shinbrotDiscontinuityAwareBisection;shinbrotDiscontinuityAwareBisection;shinbrotDiscontinuityAwareBisection;shinbrotDiscontinuityAwareBisection;shinbrotDiscontinuityAwareBisection;shinbrotDiscontinuityAwareBisection;shinbrotDiscontinuityAwareBisection;shinbrotDiscontinuityAwareBisection;shinbrotDiscontinuityAwareBisection;shinbrotDiscontinuityAwareBisection;shinbrotDiscontinuityAwareBisection;shinbrotDiscontinuityAwareBisection;shinbrotDiscontinuityAwareBisection;shinbrotDiscontinuityAwareBisection;shinbrotDiscontinuityAwareBisection;shinbrotDiscontinuityAwareBisection;shinbrotDiscontinuityAwareBisection;shinbrotDiscontinuityAwareBisection;shinbrotDiscontinuityAwareBisection;shinbrotDiscontinuityAwareBisection;shinbrotDiscontinuityAwareBisection;shinbrotDiscontinuityAwareBisection;shinbrotDiscontinuityAwareBisection;shinbrotDiscontinuityAwareBisection;shinbrotDiscontinuityAwareBisection;shinbrotDiscontinuityAwareBisection;shinbrotDiscontinuityAwareBisection;shinbrotDiscontinuityAwareBisection;shinbrotDiscontinuityAwareBisection;shinbrotDiscontinuityAwareBisection;shinbrotDiscontinuityAwareBisection;shinbrotDiscontinuityAwareBisection;shinbrotDiscontinuityAwareBisection;shinbrotDiscontinuityAwareBisection;shinbrotDiscontinuityAwareBisection;shinbrotDiscontinuityAwareBisection;shinbrotDiscontinuityAwareBisection;shinbrotDiscontinuityAwareBisection;shinbrotDiscontinuityAwareBisection;shinbrotDiscontinuityAwareBisection;shinbrotDiscontinuityAwareBisection;shinbrotDiscontinuityAwareBisection;shinbrotDiscontinuityAwareBisection;shinbrotDiscontinuityAwareBisection;shinbrotDiscontinuityAwareBisection;shinbrotDiscontinuityAwareBisection;shinbrotDiscontinuityAwareBisection;shinbrotDiscontinuityAwareBisection;shinbrotDiscontinuityAwareBisection;shinbrotDiscontinuityAwareBisection;shinbrotDiscontinuityAwareBisection;shinbrotDiscontinuityAwareBisection;shinbrotDiscontinuityAwareBisection;shinbrotDiscontinuityAwareBisection;shinbrotDiscontinuityAwareBisection;shinbrotDiscontinuityAwareBisection;shinbrotDiscontinuityAwareBisection;shinbrotDiscontinuityAwareBisection;shinbrotDiscontinuityAwareBisection;shinbrotDiscontinuityAwareBisection;shinbrotDiscontinuityAwareBisection,0.08671875;0.05625;-0.05390625;-0.000927734375;-0.00546875;-0.0125;-0.099609375;-0.090625;-0.1;-0.0203125;-0.0625;-0.028125;-0.0375;-0.0859375;-0.0421875;-0.083984375;0;-0.0896484375;-0.062109375;-0.05;-0.025;0.05;0.09853515625;0.046875;-0.0970703125;0.095703125;-0.05078125;-0.0125;-0.04375;0.03125;0.0703125;-0.0421875;0.05;0.08271484375;-0.0001953125;-0.02646484375;0.09375;-0.04140625;0.04453125;NaN;0.009375;0.02578125;0.021875;0.01875;0.08125;-0.084375;-0.028125;0.025;0.0265625;-0.0203125;-0.003125;0.096875;-0.0609375;0.05654296875;-0.009375;-0.0375;0.0984375;0.040625;-0.01875;-0.0333251953125;-0.00078125,9.64603226799109,23.3750322679911,16.9542151203118,26.921,0,,39.5338311,0
1,5,202005,sectionRetargetMode,shinbrotDiscontinuityAwareBisection,0,NaN,NaN,67312,0.08671875,-0.075,0.08671875;0.08671875;0.0171875;-0.0759765625;0.0015625;0.025;-0.08994140625;0.0126953125;0.07958984375;0.090625;-0.059375;0.086181640625;0.070703125;0;0.025;0.0580078125;-4.8828125e-05;0.065625;-0.0994140625;0.05703125;0.0171875;-0.0671875;-0.094921875;0.0125;0.0375;-0.03125;-0.00625;0.0373046875;0.040625;0.0572265625;0.07109375;-0.0344604492188;-0.00509490966797;-0.021875;0.0234375;0.0125;-0.0234375;-0.0953125;-0.08046875;-0.0390625;-0.028125;-0.0939453125;0.0375;0.0421875;0.07109375;0.04453125;-0.0015625;-0.067578125;0.05546875;-0.056640625;0.0046875;0.0859375;0.0859375;-0.021875;-0.0484375;-0.08515625;0.009375;0.00625;-0.065087890625;-0.075,61,1,0;1;2;3;4;5;6;7;8;9;10;11;12;13;14;15;16;17;18;19;20;21;22;23;24;25;26;27;28;29;30;31;32;33;34;35;36;37;38;39;40;41;42;43;44;45;46;47;48;49;50;51;52;53;54;55;56;57;58;59;60,0;0.00104372521264;2.28782196466;2.28816838368;2.28974641702;2.53046962455;2.53147559496;6.68148354747;6.69818338269;6.72105107205;9.96891602439;12.4223938301;13.4407959361;13.4616233914;13.4812531201;13.4820114161;13.4838574644;13.5095856566;15.8545490447;15.8554312743;17.3944270721;21.7826284827;21.7831976331;21.7832297559;24.1894897976;24.2277972849;27.3532692153;27.9641998493;32.7598361403;32.7647896309;39.1479850458;40.3937424285;40.394629951;40.3960615752;40.3996540075;43.0837272133;43.7532776059;43.7535527809;43.757196088;43.7575227798;43.7835420918;45.3516072221;46.5437439094;48.0498474766;49.0810920913;50.2413365414;50.2418092687;50.2426904598;54.5276327115;54.5407463841;54.5445095738;54.549562528;54.5511764984;55.2390037262;55.2862427213;56.1937218434;56.1960256141;58.7634374698;67.2763424439;67.280855744;67.2821575515,shinbrotDiscontinuityAwareBisection;shinbrotDiscontinuityAwareBisection;shinbrotDiscontinuityAwareBisection;shinbrotDiscontinuityAwareBisection;shinbrotDiscontinuityAwareBisection;shinbrotDiscontinuityAwareBisection;shinbrotDiscontinuityAwareBisection;shinbrotDiscontinuityAwareBisection;shinbrotDiscontinuityAwareBisection;shinbrotDiscontinuityAwareBisection;shinbrotDiscontinuityAwareBisection;shinbrotDiscontinuityAwareBisection;shinbrotDiscontinuityAwareBisection;shinbrotDiscontinuityAwareBisection;shinbrotDiscontinuityAwareBisection;shinbrotDiscontinuityAwareBisection;shinbrotDiscontinuityAwareBisection;shinbrotDiscontinuityAwareBisection;shinbrotDiscontinuityAwareBisection;shinbrotDiscontinuityAwareBisection;shinbrotDiscontinuityAwareBisection;shinbrotDiscontinuityAwareBisection;shinbrotDiscontinuityAwareBisection;shinbrotDiscontinuityAwareBisection;shinbrotDiscontinuityAwareBisection;shinbrotDiscontinuityAwareBisection;shinbrotDiscontinuityAwareBisection;shinbrotDiscontinuityAwareBisection;shinbrotDiscontinuityAwareBisection;shinbrotDiscontinuityAwareBisection;shinbrotDiscontinuityAwareBisection;shinbrotDiscontinuityAwareBisection;shinbrotDiscontinuityAwareBisection;shinbrotDiscontinuityAwareBisection;shinbrotDiscontinuityAwareBisection;shinbrotDiscontinuityAwareBisection;shinbrotDiscontinuityAwareBisection;shinbrotDiscontinuityAwareBisection;shinbrotDiscontinuityAwareBisection;shinbrotDiscontinuityAwareBisection;shinbrotDiscontinuityAwareBisection;shinbrotDiscontinuityAwareBisection;shinbrotDiscontinuityAwareBisection;shinbrotDiscontinuityAwareBisection;shinbrotDiscontinuityAwareBisection;shinbrotDiscontinuityAwareBisection;shinbrotDiscontinuityAwareBisection;shinbrotDiscontinuityAwareBisection;shinbrotDiscontinuityAwareBisection;shinbrotDiscontinuityAwareBisection;shinbrotDiscontinuityAwareBisection;shinbrotDiscontinuityAwareBisection;shinbrotDiscontinuityAwareBisection;shinbrotDiscontinuityAwareBisection;shinbrotDiscontinuityAwareBisection;shinbrotDiscontinuityAwareBisection;shinbrotDiscontinuityAwareBisection;shinbrotDiscontinuityAwareBisection;shinbrotDiscontinuityAwareBisection;shinbrotDiscontinuityAwareBisection;shinbrotDiscontinuityAwareBisection,0.08671875;0.08671875;0.0171875;-0.0759765625;0.0015625;NaN;0.025;-0.08994140625;0.0126953125;0.07958984375;0.090625;-0.059375;0.086181640625;0.070703125;0;0.025;0.0580078125;-4.8828125e-05;0.065625;-0.0994140625;0.05703125;0.0171875;-0.0671875;-0.094921875;0.0125;0.0375;-0.03125;-0.00625;0.0373046875;0.040625;0.0572265625;0.07109375;-0.0344604492188;-0.00509490966797;-0.021875;0.0234375;0.0125;-0.0234375;-0.0953125;-0.08046875;-0.0390625;-0.028125;-0.0939453125;0.0375;0.0421875;0.07109375;0.04453125;-0.0015625;-0.067578125;0.05546875;-0.056640625;0.0046875;0.0859375;0.0859375;-0.021875;-0.0484375;-0.08515625;0.009375;0.00625;-0.065087890625;-0.075,0.358119059508388,14.0871190595084,21.7554898512054,26.921,0,,54.9621699,0
1,6,202006,sectionRetargetMode,shinbrotDiscontinuityAwareBisection,0,NaN,NaN,83477,0.08671875,-0.000390625,0.08671875;-0.0015625;0.0140625;-0.053125;-0.046875;0.03125;-0.0296875;0.096875;0.0931869506836;0.03125;-0.00112991333008;0.1;0.025;-0.0109375;0.084716796875;-0.04140625;-0.0997802734375;-0.0185546875;-0.028125;-0.04609375;-0.0048828125;0.0875;0.0171875;-0.041015625;-0.096875;0.05625;0.075;-0.075;0.091796875;-0.0109375;-0.0625;0.084375;-0.08125;-0.0921875;-0.0005859375;-0.0671875;-0.0984375;-0.096875;0.09765625;0.087255859375;-0.03984375;0.1;0.025;-0.0875;0.0875;-0.025;-0.015625;0.009375;-0.00234375;0.0671875;0.053125;0.03125;-0.0875;-0.0203125;-0.1;0.06328125;0.00390625;-0.01328125;0.0625;0.028125;-0.000390625,61,0,0;1;2;3;4;5;6;7;8;9;10;11;12;13;14;15;16;17;18;19;20;21;22;23;24;25;26;27;28;29;30;31;32;33;34;35;36;37;38;39;40;41;42;43;44;45;46;47;48;49;50;51;52;53;54;55;56;57;58;59;60,0;0.888374265164;2.81671675982;5.5090089188;5.50907173059;6.38080601098;11.2456316422;13.7130144579;14.6049957639;16.6505217777;16.6513583995;18.8809504547;21.1150533946;22.4479080182;24.1942628094;29.4168753634;30.2817469228;30.869291654;33.2435939345;33.2500585779;35.9250291819;35.9274433681;36.048405603;38.7481727828;38.7626082793;45.1591387127;47.8287501192;48.567127437;48.5931096033;48.6179472086;48.6232031148;48.6331478913;51.8018706314;53.4329417836;53.5970438212;53.5995244252;53.9653052927;58.3663841866;59.547311286;59.5563333529;59.8223429053;59.835701887;61.6695115338;64.6512605411;64.6515263562;64.6516132124;67.58613504;68.261779965;68.2619748164;68.2828164958;69.159917599;69.1689980943;73.4848336451;81.6400532097;81.6425941671;82.57093933;82.5884229737;83.43979467;83.445669712;83.4471731071;83.4472925012,shinbrotDiscontinuityAwareBisection;shinbrotDiscontinuityAwareBisection;shinbrotDiscontinuityAwareBisection;shinbrotDiscontinuityAwareBisection;shinbrotDiscontinuityAwareBisection;shinbrotDiscontinuityAwareBisection;shinbrotDiscontinuityAwareBisection;shinbrotDiscontinuityAwareBisection;shinbrotDiscontinuityAwareBisection;shinbrotDiscontinuityAwareBisection;shinbrotDiscontinuityAwareBisection;shinbrotDiscontinuityAwareBisection;shinbrotDiscontinuityAwareBisection;shinbrotDiscontinuityAwareBisection;shinbrotDiscontinuityAwareBisection;shinbrotDiscontinuityAwareBisection;shinbrotDiscontinuityAwareBisection;shinbrotDiscontinuityAwareBisection;shinbrotDiscontinuityAwareBisection;shinbrotDiscontinuityAwareBisection;shinbrotDiscontinuityAwareBisection;shinbrotDiscontinuityAwareBisection;shinbrotDiscontinuityAwareBisection;shinbrotDiscontinuityAwareBisection;shinbrotDiscontinuityAwareBisection;shinbrotDiscontinuityAwareBisection;shinbrotDiscontinuityAwareBisection;shinbrotDiscontinuityAwareBisection;shinbrotDiscontinuityAwareBisection;shinbrotDiscontinuityAwareBisection;shinbrotDiscontinuityAwareBisection;shinbrotDiscontinuityAwareBisection;shinbrotDiscontinuityAwareBisection;shinbrotDiscontinuityAwareBisection;shinbrotDiscontinuityAwareBisection;shinbrotDiscontinuityAwareBisection;shinbrotDiscontinuityAwareBisection;shinbrotDiscontinuityAwareBisection;shinbrotDiscontinuityAwareBisection;shinbrotDiscontinuityAwareBisection;shinbrotDiscontinuityAwareBisection;shinbrotDiscontinuityAwareBisection;shinbrotDiscontinuityAwareBisection;shinbrotDiscontinuityAwareBisection;shinbrotDiscontinuityAwareBisection;shinbrotDiscontinuityAwareBisection;shinbrotDiscontinuityAwareBisection;shinbrotDiscontinuityAwareBisection;shinbrotDiscontinuityAwareBisection;shinbrotDiscontinuityAwareBisection;shinbrotDiscontinuityAwareBisection;shinbrotDiscontinuityAwareBisection;shinbrotDiscontinuityAwareBisection;shinbrotDiscontinuityAwareBisection;shinbrotDiscontinuityAwareBisection;shinbrotDiscontinuityAwareBisection;shinbrotDiscontinuityAwareBisection;shinbrotDiscontinuityAwareBisection;shinbrotDiscontinuityAwareBisection;shinbrotDiscontinuityAwareBisection;shinbrotDiscontinuityAwareBisection,0.08671875;-0.0015625;0.0140625;-0.053125;-0.046875;0.03125;-0.0296875;0.096875;0.0931869506836;0.03125;-0.00112991333008;0.1;0.025;-0.0109375;0.084716796875;-0.04140625;-0.0997802734375;-0.0185546875;-0.028125;-0.04609375;-0.0048828125;0.0875;0.0171875;-0.041015625;-0.096875;0.05625;0.075;-0.075;0.091796875;-0.0109375;-0.0625;0.084375;-0.08125;-0.0921875;-0.0005859375;-0.0671875;-0.0984375;-0.096875;0.09765625;0.087255859375;-0.03984375;0.1;0.025;-0.0875;0.0875;-0.025;-0.015625;0.009375;-0.00234375;0.0671875;0.053125;0.03125;-0.0875;-0.0203125;-0.1;0.06328125;0.00390625;-0.01328125;0.0625;0.028125;-0.000390625,2.33800445114989,16.0670044511499,34.3267630419728,26.921,0,,41.7037288,0
1,7,202007,sectionRetargetMode,shinbrotDiscontinuityAwareBisection,0,NaN,NaN,83487,0.08671875,-0.006640625,0.08671875;-0.050390625;-0.05;-0.015625;-0.096875;-0.08515625;0.05625;0.0875;0.05625;-0.0875;-0.03828125;-0.03203125;-0.05;-0.01171875;-0.03759765625;0.0921875;0.0875;-0.00316925048828;0.0904296875;-0.01875;0.02734375;-0.040625;-0.0999877929688;-0.0890625;-0.0578125;-0.03671875;-0.0359375;-0.00205078125;0.00234375;0.065234375;0.07216796875;-0.0765625;-0.06171875;0.09375;-0.059375;-0.0484375;0.0375;-0.0171875;-0.021875;-0.0578125;-0.06171875;-0.053515625;-0.015625;-0.0828125;0.021875;-0.0251220703125;-0.0104858398438;0.096484375;0.01953125;-0.0375;0.0125;-0.05703125;0.0625;0.05625;0.0984375;-0.0375;-0.025;-0.013671875;-0.034375;-0.006640625,61,1,0;1;2;3;4;5;6;7;8;9;10;11;12;13;14;15;16;17;18;19;20;21;22;23;24;25;26;27;28;29;30;31;32;33;34;35;36;37;38;39;40;41;42;43;44;45;46;47;48;49;50;51;52;53;54;55;56;57;58;59;60,0;0.337040314181;1.41389826465;1.42745181089;3.2452486757;4.12531427299;4.13006830527;6.86798910068;7.11326195189;8.43257681793;10.0021043952;10.0191013438;10.0320232342;10.049186021;11.2528233665;11.2551990012;11.2804691703;11.2963493224;16.4485570319;20.870231281;20.8711210172;22.1213726577;22.6075420182;23.5864585088;24.2828762943;30.5619948076;30.5717325156;33.3113212672;35.1903304277;35.1928376834;39.087492432;40.0062941281;42.4957459256;46.8029055018;47.7554673093;47.7598036365;49.0690988068;55.6298709131;56.871436819;57.7415944615;59.3044894841;59.3159665645;59.6504924409;60.9595400981;63.7678740532;63.7694083939;63.7713603039;66.0084264477;66.0194996823;67.1028584621;67.1130106026;67.1186013061;67.1200926363;67.1228184797;70.3658766148;70.3673375703;73.4411502175;77.1923136285;80.0457680747;81.5164256179;83.4559310071,shinbrotDiscontinuityAwareBisection;shinbrotDiscontinuityAwareBisection;shinbrotDiscontinuityAwareBisection;shinbrotDiscontinuityAwareBisection;shinbrotDiscontinuityAwareBisection;shinbrotDiscontinuityAwareBisection;shinbrotDiscontinuityAwareBisection;shinbrotDiscontinuityAwareBisection;shinbrotDiscontinuityAwareBisection;shinbrotDiscontinuityAwareBisection;shinbrotDiscontinuityAwareBisection;shinbrotDiscontinuityAwareBisection;shinbrotDiscontinuityAwareBisection;shinbrotDiscontinuityAwareBisection;shinbrotDiscontinuityAwareBisection;shinbrotDiscontinuityAwareBisection;shinbrotDiscontinuityAwareBisection;shinbrotDiscontinuityAwareBisection;shinbrotDiscontinuityAwareBisection;shinbrotDiscontinuityAwareBisection;shinbrotDiscontinuityAwareBisection;shinbrotDiscontinuityAwareBisection;shinbrotDiscontinuityAwareBisection;shinbrotDiscontinuityAwareBisection;shinbrotDiscontinuityAwareBisection;shinbrotDiscontinuityAwareBisection;shinbrotDiscontinuityAwareBisection;shinbrotDiscontinuityAwareBisection;shinbrotDiscontinuityAwareBisection;shinbrotDiscontinuityAwareBisection;shinbrotDiscontinuityAwareBisection;shinbrotDiscontinuityAwareBisection;shinbrotDiscontinuityAwareBisection;shinbrotDiscontinuityAwareBisection;shinbrotDiscontinuityAwareBisection;shinbrotDiscontinuityAwareBisection;shinbrotDiscontinuityAwareBisection;shinbrotDiscontinuityAwareBisection;shinbrotDiscontinuityAwareBisection;shinbrotDiscontinuityAwareBisection;shinbrotDiscontinuityAwareBisection;shinbrotDiscontinuityAwareBisection;shinbrotDiscontinuityAwareBisection;shinbrotDiscontinuityAwareBisection;shinbrotDiscontinuityAwareBisection;shinbrotDiscontinuityAwareBisection;shinbrotDiscontinuityAwareBisection;shinbrotDiscontinuityAwareBisection;shinbrotDiscontinuityAwareBisection;shinbrotDiscontinuityAwareBisection;shinbrotDiscontinuityAwareBisection;shinbrotDiscontinuityAwareBisection;shinbrotDiscontinuityAwareBisection;shinbrotDiscontinuityAwareBisection;shinbrotDiscontinuityAwareBisection;shinbrotDiscontinuityAwareBisection;shinbrotDiscontinuityAwareBisection;shinbrotDiscontinuityAwareBisection;shinbrotDiscontinuityAwareBisection;shinbrotDiscontinuityAwareBisection;shinbrotDiscontinuityAwareBisection,0.08671875;-0.050390625;-0.05;-0.015625;-0.096875;-0.08515625;0.05625;NaN;0.0875;0.05625;-0.0875;-0.03828125;-0.03203125;-0.05;-0.01171875;-0.03759765625;0.0921875;0.0875;-0.00316925048828;0.0904296875;-0.01875;0.02734375;-0.040625;-0.0999877929688;-0.0890625;-0.0578125;-0.03671875;-0.0359375;-0.00205078125;0.00234375;0.065234375;0.07216796875;-0.0765625;-0.06171875;0.09375;-0.059375;-0.0484375;0.0375;-0.0171875;-0.021875;-0.0578125;-0.06171875;-0.053515625;-0.015625;-0.0828125;0.021875;-0.0251220703125;-0.0104858398438;0.096484375;0.01953125;-0.0375;0.0125;-0.05703125;0.0625;0.05625;0.0984375;-0.0375;-0.025;-0.013671875;-0.034375;-0.006640625,10.5248073506502,24.2538073506502,33.3557733288324,26.921,0,,54.1091658,0
1,8,202008,sectionRetargetMode,shinbrotDiscontinuityAwareBisection,0,NaN,NaN,81104,0.08671875,-0.096875,0.08671875;0;0.0970703125;-0.053125;-0.08828125;-0.067578125;-0.001171875;0.0749931335449;0.0603515625;0;-0.0998046875;0.065625;0.078125;-0.02890625;0.0894287109375;0.0958740234375;-0.0875;0.0796875;0.0234375;-0.0671875;-0.03359375;-0.075;-0.001220703125;-0.059375;-0.000390625;-0.0390625;-0.075;-0.004296875;-0.06875;-0.053125;-0.02421875;-0.0375;-0.00546875;-0.00703125;-0.0638671875;0.046875;-0.05;-0.065625;-0.09921875;-0.071875;0;-0.059765625;-0.034375;0.05625;0.0490356445313;0.048828125;0.0953125;0.0234375;-0.0240234375;0.0755126953125;0.05625;-0.03583984375;0.0865234375;0.0375;0.0611328125;-0.096875,61,5,0;1;2;3;4;5;6;7;8;9;10;11;12;13;14;15;16;17;18;19;20;21;22;23;24;25;26;27;28;29;30;31;32;33;34;35;36;37;38;39;40;41;42;43;44;45;46;47;48;49;50;51;52;53;54;55;56;57;58;59;60,0;0.0124749101279;0.0425339283045;0.674080263759;1.12180432468;1.13915295051;1.14964291266;1.48915831747;1.49376314256;1.49909186627;1.49987437686;1.50111927954;1.68573556017;1.70384098982;1.70932773832;4.79673027343;6.17407935673;6.17644390477;10.3028229992;10.3146591764;10.3160407677;16.7127939152;27.0740711485;27.0770174427;29.948103967;30.0634197203;37.3767341765;37.6735864122;41.5244599443;43.2323319376;44.0588590566;44.0595005013;44.0668735813;52.5383217789;53.0536221697;53.1047219365;56.3432043188;57.0256666906;57.6275645177;57.6290937607;57.7610001284;58.1874790683;58.1878315729;58.1917516899;62.9546034026;66.2479512878;66.2526944043;66.2534738803;66.2549578168;67.8941878709;68.3843352075;69.1273180542;69.1273553958;69.1301182523;69.1304070992;73.7422259345;79.4733586869;81.0287644355;81.0288781009;81.0317364057;81.0741433568,shinbrotDiscontinuityAwareBisection;shinbrotDiscontinuityAwareBisection;shinbrotDiscontinuityAwareBisection;shinbrotDiscontinuityAwareBisection;shinbrotDiscontinuityAwareBisection;shinbrotDiscontinuityAwareBisection;shinbrotDiscontinuityAwareBisection;shinbrotDiscontinuityAwareBisection;shinbrotDiscontinuityAwareBisection;shinbrotDiscontinuityAwareBisection;shinbrotDiscontinuityAwareBisection;shinbrotDiscontinuityAwareBisection;shinbrotDiscontinuityAwareBisection;shinbrotDiscontinuityAwareBisection;shinbrotDiscontinuityAwareBisection;shinbrotDiscontinuityAwareBisection;shinbrotDiscontinuityAwareBisection;shinbrotDiscontinuityAwareBisection;shinbrotDiscontinuityAwareBisection;shinbrotDiscontinuityAwareBisection;shinbrotDiscontinuityAwareBisection;shinbrotDiscontinuityAwareBisection;shinbrotDiscontinuityAwareBisection;shinbrotDiscontinuityAwareBisection;shinbrotDiscontinuityAwareBisection;shinbrotDiscontinuityAwareBisection;shinbrotDiscontinuityAwareBisection;shinbrotDiscontinuityAwareBisection;shinbrotDiscontinuityAwareBisection;shinbrotDiscontinuityAwareBisection;shinbrotDiscontinuityAwareBisection;shinbrotDiscontinuityAwareBisection;shinbrotDiscontinuityAwareBisection;shinbrotDiscontinuityAwareBisection;shinbrotDiscontinuityAwareBisection;shinbrotDiscontinuityAwareBisection;shinbrotDiscontinuityAwareBisection;shinbrotDiscontinuityAwareBisection;shinbrotDiscontinuityAwareBisection;shinbrotDiscontinuityAwareBisection;shinbrotDiscontinuityAwareBisection;shinbrotDiscontinuityAwareBisection;shinbrotDiscontinuityAwareBisection;shinbrotDiscontinuityAwareBisection;shinbrotDiscontinuityAwareBisection;shinbrotDiscontinuityAwareBisection;shinbrotDiscontinuityAwareBisection;shinbrotDiscontinuityAwareBisection;shinbrotDiscontinuityAwareBisection;shinbrotDiscontinuityAwareBisection;shinbrotDiscontinuityAwareBisection;shinbrotDiscontinuityAwareBisection;shinbrotDiscontinuityAwareBisection;shinbrotDiscontinuityAwareBisection;shinbrotDiscontinuityAwareBisection;shinbrotDiscontinuityAwareBisection;shinbrotDiscontinuityAwareBisection;shinbrotDiscontinuityAwareBisection;shinbrotDiscontinuityAwareBisection;shinbrotDiscontinuityAwareBisection;shinbrotDiscontinuityAwareBisection,0.08671875;0;0.0970703125;-0.053125;-0.08828125;-0.067578125;-0.001171875;0.0749931335449;0.0603515625;0;-0.0998046875;0.065625;0.078125;-0.02890625;0.0894287109375;0.0958740234375;-0.0875;NaN;0.0796875;0.0234375;-0.0671875;-0.03359375;-0.075;-0.001220703125;-0.059375;NaN;-0.000390625;-0.0390625;-0.075;-0.004296875;-0.06875;-0.053125;-0.02421875;-0.0375;-0.00546875;-0.00703125;-0.0638671875;0.046875;-0.05;-0.065625;NaN;-0.09921875;-0.071875;0;-0.059765625;-0.034375;0.05625;0.0490356445313;0.048828125;NaN;NaN;0.0953125;0.0234375;-0.0240234375;0.0755126953125;0.05625;-0.03583984375;0.0865234375;0.0375;0.0611328125;-0.096875,1.29466772140963,15.0236677214096,31.7548569738088,26.921,0,,50.0474058,0
1,9,202009,sectionRetargetMode,shinbrotDiscontinuityAwareBisection,0,NaN,NaN,62638,0.08671875,-0.0734375,0.08671875;0.07294921875;0.05625;-0.06015625;0.09970703125;-0.03212890625;-0.01015625;0.03359375;0.017578125;0.0198974609375;0.036328125;0.04375;0.078125;0.0177734375;-0.0859375;0.0962890625;0.031640625;0.003125;-0.0484375;0.06494140625;-0.090625;0.0685546875;0.04736328125;0.028125;0.0421875;0.08828125;-0.0513671875;0.04375;-3.662109375e-05;0.09375;0.078125;0.046875;0.0990234375;0.00625;0.1;-0.07265625;-0.00625;0.0599609375;0.087491607666;-0.071875;-0.003125;-0.0140625;0.074609375;0.07470703125;0.0296875;-0.0314453125;-0.00390625;0.0875;-0.065625;0.090625;-0.085546875;0.02421875;-0.05;-0.075;0.0993896484375;-0.02265625;0.03046875;-0.0734375,61,3,0;1;2;3;4;5;6;7;8;9;10;11;12;13;14;15;16;17;18;19;20;21;22;23;24;25;26;27;28;29;30;31;32;33;34;35;36;37;38;39;40;41;42;43;44;45;46;47;48;49;50;51;52;53;54;55;56;57;58;59;60,0;6.11289261923;6.13817600791;6.14587743559;6.18036206218;6.18159234518;7.88193308544;9.58749912783;10.1547912258;11.7451296328;11.7489778915;13.3374745411;14.5351933423;15.2687881018;19.9600236517;26.2252130631;27.0138917338;27.0188205885;27.0190749558;27.443041172;29.4766763993;29.4772336299;29.4845193465;32.4274274862;32.4638420017;32.464732511;32.4751104854;32.4763825702;32.4765563633;33.0543350909;33.0562275456;34.2181766394;34.2242095643;34.2342175628;34.2342877592;39.7144659554;39.8026793286;40.5911028833;41.3122411589;41.3212217768;41.322864101;41.3251634286;43.2849580352;45.5726208742;47.5487295626;47.5680290241;48.4382705647;48.4386713384;51.5208666889;51.5284149787;51.5304452703;51.5471919752;51.6044152317;52.7562743258;55.378765101;56.8810079545;57.4331058785;57.4370250248;59.0163642685;59.7373504633;62.6065579071,shinbrotDiscontinuityAwareBisection;shinbrotDiscontinuityAwareBisection;shinbrotDiscontinuityAwareBisection;shinbrotDiscontinuityAwareBisection;shinbrotDiscontinuityAwareBisection;shinbrotDiscontinuityAwareBisection;shinbrotDiscontinuityAwareBisection;shinbrotDiscontinuityAwareBisection;shinbrotDiscontinuityAwareBisection;shinbrotDiscontinuityAwareBisection;shinbrotDiscontinuityAwareBisection;shinbrotDiscontinuityAwareBisection;shinbrotDiscontinuityAwareBisection;shinbrotDiscontinuityAwareBisection;shinbrotDiscontinuityAwareBisection;shinbrotDiscontinuityAwareBisection;shinbrotDiscontinuityAwareBisection;shinbrotDiscontinuityAwareBisection;shinbrotDiscontinuityAwareBisection;shinbrotDiscontinuityAwareBisection;shinbrotDiscontinuityAwareBisection;shinbrotDiscontinuityAwareBisection;shinbrotDiscontinuityAwareBisection;shinbrotDiscontinuityAwareBisection;shinbrotDiscontinuityAwareBisection;shinbrotDiscontinuityAwareBisection;shinbrotDiscontinuityAwareBisection;shinbrotDiscontinuityAwareBisection;shinbrotDiscontinuityAwareBisection;shinbrotDiscontinuityAwareBisection;shinbrotDiscontinuityAwareBisection;shinbrotDiscontinuityAwareBisection;shinbrotDiscontinuityAwareBisection;shinbrotDiscontinuityAwareBisection;shinbrotDiscontinuityAwareBisection;shinbrotDiscontinuityAwareBisection;shinbrotDiscontinuityAwareBisection;shinbrotDiscontinuityAwareBisection;shinbrotDiscontinuityAwareBisection;shinbrotDiscontinuityAwareBisection;shinbrotDiscontinuityAwareBisection;shinbrotDiscontinuityAwareBisection;shinbrotDiscontinuityAwareBisection;shinbrotDiscontinuityAwareBisection;shinbrotDiscontinuityAwareBisection;shinbrotDiscontinuityAwareBisection;shinbrotDiscontinuityAwareBisection;shinbrotDiscontinuityAwareBisection;shinbrotDiscontinuityAwareBisection;shinbrotDiscontinuityAwareBisection;shinbrotDiscontinuityAwareBisection;shinbrotDiscontinuityAwareBisection;shinbrotDiscontinuityAwareBisection;shinbrotDiscontinuityAwareBisection;shinbrotDiscontinuityAwareBisection;shinbrotDiscontinuityAwareBisection;shinbrotDiscontinuityAwareBisection;shinbrotDiscontinuityAwareBisection;shinbrotDiscontinuityAwareBisection;shinbrotDiscontinuityAwareBisection;shinbrotDiscontinuityAwareBisection,0.08671875;0.07294921875;0.05625;-0.06015625;0.09970703125;-0.03212890625;-0.01015625;NaN;0.03359375;0.017578125;0.0198974609375;0.036328125;0.04375;0.078125;0.0177734375;-0.0859375;0.0962890625;0.031640625;0.003125;-0.0484375;0.06494140625;-0.090625;0.0685546875;NaN;0.04736328125;0.028125;0.0421875;0.08828125;-0.0513671875;0.04375;-3.662109375e-05;0.09375;0.078125;0.046875;0.0990234375;0.00625;0.1;-0.07265625;-0.00625;0.0599609375;0.087491607666;-0.071875;NaN;-0.003125;-0.0140625;0.074609375;0.07470703125;0.0296875;-0.0314453125;-0.00390625;0.0875;-0.065625;0.090625;-0.085546875;0.02421875;-0.05;-0.075;0.0993896484375;-0.02265625;0.03046875;-0.0734375,1.26746472756318,14.9964647275632,17.0247555409965,26.921,0,,74.1813234,0
1,10,202010,sectionRetargetMode,shinbrotDiscontinuityAwareBisection,0,NaN,NaN,77423,0.08671875,-0.092919921875,0.08671875;-0.03125;-0.075;-0.0125;0.0375;-0.025390625;-0.09375;-0.0802734375;0.0984375;0;0.03359375;0.0741912841797;0.07265625;-0.08125;0.0765625;0.0470703125;0.0859375;-0.05;0.027587890625;0.0640625;-0.034375;-0.0125;-0.0609375;-0.025;0.0576171875;0.0125;-0.0129638671875;-0.03984375;-0.0453125;0.033203125;-0.003125;0.04716796875;0.04501953125;0.0390625;0.046875;0.0733978271484;0.01708984375;-0.021875;-0.01708984375;-0.0359375;-0.025;-0.0625;-0.00739288330078;-0.0734375;0.08515625;0.1;0.08046875;0.028125;0.0109375;-0.0375;-0.03125;-0.07734375;0.076953125;-0.015625;-0.092919921875,61,6,0;1;2;3;4;5;6;7;8;9;10;11;12;13;14;15;16;17;18;19;20;21;22;23;24;25;26;27;28;29;30;31;32;33;34;35;36;37;38;39;40;41;42;43;44;45;46;47;48;49;50;51;52;53;54;55;56;57;58;59;60,0;5.27666240806;5.27824780237;5.27963299364;7.37651723837;8.7069210199;8.70871236498;11.8602077158;13.2882865283;13.2888665858;16.2212329522;17.9132557725;17.9141516782;19.4833136336;21.0299589162;23.5210412408;28.5953126897;28.5977851661;28.6074552553;29.1910490278;29.1984931649;29.201271261;29.2043854861;31.0773508369;31.0809068711;32.9251271903;33.4604609372;37.6471227927;38.2184042193;38.2256289354;38.2256416337;38.2262096325;38.7838634805;39.8466137395;39.8473508279;39.8477170577;39.8527681157;42.815528958;46.1893005452;46.2020091299;46.2300233884;47.2179922902;48.4038029157;48.431090608;48.4314248531;48.4767953309;53.7473027434;54.1292483495;55.8657103201;55.8724859573;55.8744843705;55.9060744378;57.3640740444;57.3652924596;59.4638977885;63.876900733;67.6504989207;68.6680513279;71.2838812422;75.4926140149;77.3945856409,shinbrotDiscontinuityAwareBisection;shinbrotDiscontinuityAwareBisection;shinbrotDiscontinuityAwareBisection;shinbrotDiscontinuityAwareBisection;shinbrotDiscontinuityAwareBisection;shinbrotDiscontinuityAwareBisection;shinbrotDiscontinuityAwareBisection;shinbrotDiscontinuityAwareBisection;shinbrotDiscontinuityAwareBisection;shinbrotDiscontinuityAwareBisection;shinbrotDiscontinuityAwareBisection;shinbrotDiscontinuityAwareBisection;shinbrotDiscontinuityAwareBisection;shinbrotDiscontinuityAwareBisection;shinbrotDiscontinuityAwareBisection;shinbrotDiscontinuityAwareBisection;shinbrotDiscontinuityAwareBisection;shinbrotDiscontinuityAwareBisection;shinbrotDiscontinuityAwareBisection;shinbrotDiscontinuityAwareBisection;shinbrotDiscontinuityAwareBisection;shinbrotDiscontinuityAwareBisection;shinbrotDiscontinuityAwareBisection;shinbrotDiscontinuityAwareBisection;shinbrotDiscontinuityAwareBisection;shinbrotDiscontinuityAwareBisection;shinbrotDiscontinuityAwareBisection;shinbrotDiscontinuityAwareBisection;shinbrotDiscontinuityAwareBisection;shinbrotDiscontinuityAwareBisection;shinbrotDiscontinuityAwareBisection;shinbrotDiscontinuityAwareBisection;shinbrotDiscontinuityAwareBisection;shinbrotDiscontinuityAwareBisection;shinbrotDiscontinuityAwareBisection;shinbrotDiscontinuityAwareBisection;shinbrotDiscontinuityAwareBisection;shinbrotDiscontinuityAwareBisection;shinbrotDiscontinuityAwareBisection;shinbrotDiscontinuityAwareBisection;shinbrotDiscontinuityAwareBisection;shinbrotDiscontinuityAwareBisection;shinbrotDiscontinuityAwareBisection;shinbrotDiscontinuityAwareBisection;shinbrotDiscontinuityAwareBisection;shinbrotDiscontinuityAwareBisection;shinbrotDiscontinuityAwareBisection;shinbrotDiscontinuityAwareBisection;shinbrotDiscontinuityAwareBisection;shinbrotDiscontinuityAwareBisection;shinbrotDiscontinuityAwareBisection;shinbrotDiscontinuityAwareBisection;shinbrotDiscontinuityAwareBisection;shinbrotDiscontinuityAwareBisection;shinbrotDiscontinuityAwareBisection;shinbrotDiscontinuityAwareBisection;shinbrotDiscontinuityAwareBisection;shinbrotDiscontinuityAwareBisection;shinbrotDiscontinuityAwareBisection;shinbrotDiscontinuityAwareBisection;shinbrotDiscontinuityAwareBisection,0.08671875;-0.03125;-0.075;NaN;-0.0125;0.0375;-0.025390625;NaN;-0.09375;-0.0802734375;0.0984375;0;0.03359375;0.0741912841797;0.07265625;-0.08125;0.0765625;0.0470703125;0.0859375;-0.05;0.027587890625;0.0640625;-0.034375;-0.0125;-0.0609375;-0.025;0.0576171875;0.0125;-0.0129638671875;-0.03984375;-0.0453125;0.033203125;NaN;-0.003125;0.04716796875;0.04501953125;0.0390625;0.046875;0.0733978271484;0.01708984375;-0.021875;-0.01708984375;-0.0359375;-0.025;-0.0625;NaN;-0.00739288330078;NaN;-0.0734375;0.08515625;0.1;0.08046875;0.028125;0.0109375;-0.0375;-0.03125;-0.07734375;0.076953125;-0.015625;-0.092919921875;NaN,3.05016451903832,10.6788354809617,9.30358161678955,26.921,0,,64.9446307,0
